Scenario,Global_Second,Phase,Phase_Name,Phase_Second,Market_State,Kia,Vintrumite,DB HiTek,POSCO Future M,Hyundai Motor,POSCO Holdings,Samsung Electronics,LS,Samsung SDI,Samsung Electro-Mechanics,HD Korea Shipbuilding,LS ELECTRIC,Korea Zinc,HMM,Hyundai Mobis,Korea Electric Power,Samsung C&T,SK Inc.,NAVER,Kakao,JUSUNG Engineering,EO Technics,Hanmi Semiconductor,LG Chem,Shinhan Financial,LEENO Industrial,LG Electronics,Celltrion,KODEX 200,EcoPro,Hana Financial,KODEX Semiconductor,SK Innovation,TIGER 200,KB Financial,KODEX Leverage,Meritz Financial,Samsung Biologics,KODEX KOSDAQ150,KODEX KOSDAQ150 Leverage,Wonik IPS,EcoPro BM,KODEX 200 Futures Inverse 2X,HD Hyundai Electric,Hyosung Heavy Industries,Woori Financial,HD Hyundai Heavy Industries,LG Energy Solution,TIGER Semiconductor TOP10,HPSP
Scenario 2,1,1,Fake Positive News,1,TRADING,153993.8,209016.5,161713.9,267009.5,539016.3,501961.6,232500,509042.5,705058.9,918054.7,469466.7,294029.7,1628996,21147.56,436706.9,44495.51,319975.9,475467.6,1447000,47103.44,126587.7,475017.7,377999.6,428972.6,98006.44,120788.6,143273.2,188381.3,105293.6,155792.8,126607.4,130460,145712.8,105769.9,157787.8,127790,113754.6,1484829,20175.32,17085.03,122501.7,215536.6,151.98,1298915,4227657,33583.59,680032.5,471950.7,42175,54400.9
Scenario 2,2,1,Fake Positive News,2,TRADING,154126.4,208581.9,161772.8,267292.9,538049.9,501379.4,232306.4,507712.9,704847.4,920129.7,468291.4,293686.4,1626007,21097.95,437003.2,44495.7,320368.7,475586.5,1445214,47060.51,126595,474911,377966.2,428848.4,98160.24,120795.3,143624.6,188689.8,105338.2,155955.2,126506,130440,145395.7,105873.3,157792,127823.2,113675.6,1483264,20188.89,17075.25,122372.4,215000,151.79,1299075,4222727,33643.85,679331.8,471011.7,42187.25,54471.93
Scenario 2,3,1,Fake Positive News,3,TRADING,154590.7,208027.6,161748.2,267506.2,536731.8,500951.5,232198.2,506562.7,704842.4,921745.8,467104.2,293273.2,1623047,21042.83,437403.9,44495.65,320693,475831.8,1442573,47061.94,126835.5,475294.2,377873,428780.7,98474,120780.8,143866.7,189008.3,105273.2,156091.7,126571.1,130458.1,145046.9,106020.1,157691.6,127843.4,113715,1481903,20195.79,17077.34,122304.1,214646.9,151.87,1298334,4219440,33733.43,679656.3,469769.6,42199.3,54533.93
Scenario 2,4,1,Fake Positive News,4,TRADING,154987.5,207652.5,161786.1,267624.3,535929.5,499675.3,232054.4,505229.2,704816.1,923530.1,465933.2,293235.9,1621320,21000.12,437853.4,44433.93,320908.5,475912.9,1439709,47057.43,126757.8,475190.6,377866.5,428758.7,98720.37,120812.6,144138,189280,105337.6,156325.9,126479.6,130466.8,144747.9,106051.9,157652,127833.5,113744.4,1479954,20211.21,17053.83,122293.4,214320.3,151.94,1297102,4213606,33803.91,679177.9,468852.2,42209.99,54564.59
Scenario 2,5,1,Fake Positive News,5,TRADING,155043.9,207299,161843.4,267527.7,534831.5,498657.9,231711.5,503825.8,704721.2,926458.5,464584,292865.8,1618992,20942.91,438436.7,44391.57,321350.6,475844.3,1436938,47056.68,126847.7,474843.6,377951.6,428496.5,98831.17,120824.8,144498.7,189484.4,105333.1,156519.7,126279.6,130472.3,144465.6,105946.8,157621.3,127828.4,113724.7,1479084,20206.76,17039.37,122146.5,213811.4,152.13,1293458,4211795,33871.96,678866.6,468316.8,42209.47,54616.51
Scenario 2,6,1,Fake Positive News,6,TRADING,155419.6,206847.2,161858.2,267724.5,533669.4,497906.1,231474.6,502275.8,705022.6,929435,463316.3,292825.5,1614799,20894.15,439061,44394.39,321909.2,475992.3,1434924,47045.98,126870.9,474551.8,377881.2,428240.6,99015.68,120803.2,144825.8,189960.9,105345.5,156740.1,126246.1,130490,144205.7,106127.9,157685.8,127814.6,113679.8,1479227,20198.38,17014.47,122115.8,213349.7,152.33,1291950,4206536,33948.4,678640.5,467508.9,42204.72,54630.25
Scenario 2,7,1,Fake Positive News,7,TRADING,155753,206385.1,161879.8,267966.8,532377.7,497054.4,231145.2,500742.5,705080.7,932335.4,462079.5,292717,1612451,20845.85,439682.6,44361.89,322313.1,476260.3,1433236,47047.67,126800.9,474461.8,377949.1,428184.8,99336.81,120778.8,145202.5,190116.1,105344.7,157011.7,126078.3,130477.8,143982.2,106220.5,157614.5,127786.5,113694.8,1478673,20188.06,16997.95,122059.2,212823.6,152.43,1291310,4204625,34025.81,678880.4,466533.5,42202.33,54735.29
Scenario 2,8,1,Fake Positive News,8,TRADING,155973.8,205966.6,161866.7,268446.2,530870.6,496132.7,230946.5,499513.3,705077.8,935333.5,460350.7,292066.9,1609257,20796.36,440267.7,44329.66,322775.8,476714.4,1432722,47054.67,126993.6,474479.1,378019.8,428358,99331.23,120754.1,145534,190211.7,105323.4,157264.4,126088.5,130464.3,143741.3,106227.7,157638.7,127777.3,113705,1477031,20185.55,16978.82,122083.5,212369.8,152.31,1291762,4199523,34109.19,679479.7,465548.2,42207.89,54775.96
Scenario 2,9,1,Fake Positive News,9,TRADING,156214.3,205448.4,161970,268740.2,529315.9,495388.3,230735.2,498121.6,705297.7,937582.3,459249.4,291838.2,1605750,20740.96,440969,44314.2,323031.4,477534.7,1430229,47046.33,127166.6,474397.7,377936.8,428454.5,99432.6,120742.7,145854.8,190275,105345.6,157496.8,126109.3,130457.9,143438.6,106337.6,157563.3,127790.6,113699,1473124,20179.73,16961.76,122067.6,211621.6,152.31,1292229,4194095,34201.89,679646.1,464604.2,42202.24,54803.87
Scenario 2,10,1,Fake Positive News,10,TRADING,156557.5,204851.5,162058.4,268692.2,528122.3,494509.8,230418.2,496384,705234.7,938986.3,457933.3,291617.5,1602240,20691.8,441451.6,44289.63,323511.8,477825.7,1428324,47098.82,127281.4,474486.9,377978.4,428592.4,99587.64,120713.2,146235.9,190517.7,105268.4,157691.1,125884.5,130447.5,143172,106481.3,157512.9,127800.2,113717.4,1472793,20191.5,16932.6,122052.8,211161.4,152.57,1289572,4194194,34277.26,679657.2,463580.7,42199.93,54820.06
Scenario 2,11,1,Fake Positive News,11,TRADING,156739.6,204254.2,161947.3,268962.8,527040.7,493418,230286.3,495106.1,705440,940656.1,456804.7,291374.4,1599391,20642.49,442107.7,44251.07,324096,478290.9,1425856,47060.5,127392,474044.1,378061.6,428584.9,99603.12,120726.9,146495.5,190747.9,105273.1,158005.3,125741.1,130458.1,142939.4,106557.9,157502.3,127830.1,113717,1468694,20193.07,16926.12,122058.3,210712.7,152.67,1288231,4193903,34339.49,679302.4,462646,42206.71,54878.88
Scenario 2,12,1,Fake Positive News,12,TRADING,156938,203889.2,161998.2,269018.9,525748.6,492561.7,230032.1,494223.8,705252.6,942174.2,455340.9,291103.6,1598340,20591.33,442009.8,44221.13,324584.8,478111.2,1425756,47074.22,127790.5,473813.9,377921.6,428339.4,99854.5,120729.6,146705.6,190966.7,105221,158278.3,125652.1,130450.8,142644.8,106542.5,157513.3,127815,113672.2,1466055,20176.38,16897.36,121852.6,210179.2,152.75,1285993,4189794,34411.96,678893.4,461817,42198.9,54913.82
Scenario 2,13,1,Fake Positive News,13,TRADING,157071.4,203292.9,161986.4,269246.7,524605.3,491488.3,229909.7,492898.8,705218.4,944499.8,454177.8,290607.6,1594097,20538.07,443006.9,44166.44,325019.4,477714.1,1423437,47043.47,127785.4,473767.5,377980,428653.2,99907.42,120789.6,146969.2,191472.9,105246.9,158484.8,125495.2,130485.8,142375.9,106633.1,157502.2,127807.5,113699,1464749,20190.36,16910.86,121732.4,209614.7,152.83,1286415,4186696,34495.05,678693.2,460645.3,42211.05,54933.65
Scenario 2,14,1,Fake Positive News,14,TRADING,157179.6,202750.9,161973.8,269306,523106.1,490352.4,229630.3,491903.6,705206.9,946243,452823.2,290315.6,1590621,20476.22,444092.7,44136.38,325375.7,477547.4,1423003,47096.79,127988.1,473699,378154.6,428737.8,100131.2,120736.5,147218.4,191819.7,105233.1,158802.1,125434.3,130464.1,142094.2,106750.6,157466.5,127812.2,113706.1,1462047,20210.29,16878.31,121653,209058.8,152.78,1284767,4185901,34552.67,678245.7,460026.1,42213.46,54991.26
Scenario 2,15,1,Fake Positive News,15,TRADING,157482.5,202175.3,162093.3,269291.2,522067.5,489709.3,229493.3,490742,705465,948861.8,451423.9,290221.1,1586309,20420.47,445180.7,44126.55,325436,477934.1,1422203,47148.32,128096,473736.7,378207.9,428661.4,100246.8,120692.7,147531.3,192025,105196.4,159062.4,125350.9,130459.5,141800.1,106844.9,157413.9,127803.5,113729.1,1462418,20228.67,16859.76,121624.1,208517.4,152.87,1286001,4180229,34641.57,677885.2,459017.2,42210.27,55052.52
Scenario 2,16,1,Fake Positive News,16,TRADING,157673.1,201556.9,162093.7,269509.6,521034.6,488844,229217,489517.4,705631.7,950116.8,449824.1,289667.9,1582591,20367.76,446450.9,44089.89,326010.8,478122.9,1419288,47163.49,128212,473793.5,378178.8,428473.3,100447.4,120628.7,147931.4,192197.8,105162.9,159239.7,125353.6,130453.6,141604.8,106984.8,157442.4,127769.2,113717.6,1462327,20223.8,16837.97,121570.8,207910,152.8,1284790,4177406,34695.95,677762.7,458014.3,42208.34,55081.77
Scenario 2,17,1,Fake Positive News,17,TRADING,157794.7,201008.7,162225.8,269562.5,519837.6,487361.7,228893.9,488243.5,705453.6,952307.7,448607,289144.4,1579397,20311.93,447189.5,44038.95,326572.7,477993.8,1418365,47091.14,128453.2,473671,378328.8,428549,100561,120624,148301.8,192711.9,105115.5,159498.3,125415.6,130468.1,141351.1,107108.1,157416.8,127781,113744.6,1461225,20242.07,16821.38,121510.9,207372.7,153.03,1285605,4174588,34766.76,677601.6,456914.5,42218.86,55112.22
Scenario 2,18,1,Fake Positive News,18,TRADING,157791.5,200468.5,162239.6,269652.2,519036.3,486668,228795.8,486967.6,705496.7,953521.9,447106.9,288689,1577324,20270.57,447990.9,44082.03,327099.5,478162.5,1416820,47069.59,128522,473309.8,378269.8,428466.4,100731.8,120651.1,148686.1,193216.2,105144.4,159700.9,125507.9,130458.4,141098.9,107281.4,157402.1,127813.1,113763.5,1461156,20240.32,16794.48,121399.1,207008.6,153.06,1284339,4172480,34843.03,677460.5,455845.9,42207.88,55173.53
Scenario 2,19,1,Fake Positive News,19,TRADING,157768.3,199807.7,162347.6,269985.9,517905.3,486044.4,228650.7,485691.4,705479.9,956264.3,445662.5,288525.3,1573556,20222.64,448684.1,44006.66,327780.9,477340.1,1417252,47098.43,128726.3,473532.3,378386.2,428552.6,100860.8,120641.3,148819.4,193632.6,105127.8,159949.4,125384.8,130449.9,140888.8,107350,157390.2,127799,113793.8,1460808,20251.21,16762.58,121314.4,206519.9,153.14,1285081,4169895,34924.73,677336.5,454649.6,42202.83,55172.28
Scenario 2,20,1,Fake Positive News,20,TRADING,158078.7,199301.5,162361.7,270069.5,516846.8,485319.9,228439.7,484482.4,705342,957938.8,444252.2,288146.4,1569399,20170.87,449498.7,44024.57,328333.4,477271.1,1416632,47095.2,128854.9,473659.7,378284.8,428699.7,101030.4,120601,149131,193977.1,105107.7,160287,125461.7,130480.7,140554.2,107383.5,157447.5,127780.2,113779.1,1459102,20259.72,16753.82,121162.3,206153.8,153.08,1283938,4164636,34996.76,677113.3,453895.8,42206.76,55244.78
Scenario 2,21,1,Fake Positive News,21,TRADING,158433.9,198529.4,162562.3,270133.5,515475.5,484773.3,228295.1,483277.2,705551.3,959378.9,442779.3,288058.6,1566598,20119.76,449476.7,44003.63,328507.9,476359.7,1417347,47071.11,128879.8,473823.6,378433.5,428726.4,101109.9,120620.9,149374.1,194228.8,105133.5,160544.9,125241.4,130507.7,140357.3,107479.8,157398.2,127748.5,113707.9,1455457,20249.44,16714.54,121114.5,205626.9,153.03,1283632,4159174,35074.46,677353.7,452757.8,42210.01,55322.93
Scenario 2,22,1,Fake Positive News,22,TRADING,158523.9,197848.6,162520.5,270201.4,514879.7,484163.7,227973.9,481986.4,705376.2,961845.2,441183.2,287749,1564727,20069.74,450448.9,43938.05,329029.4,476357.3,1416564,46997.76,128884.1,474001.9,378600.1,428760,101260.8,120627.6,149638.7,194481.7,105137.4,160837.6,125245.4,130547.2,140080.2,107516.7,157362.1,127780.7,113766,1452747,20243.48,16681.4,121026.3,205152.3,153.13,1281501,4155357,35175.56,677188.4,451788,42201.12,55308.98
Scenario 2,23,1,Fake Positive News,23,TRADING,158688.5,197224.3,162497.2,270455.4,513721.7,483419.9,227753.9,480597,705323.1,962753.6,439807.4,287412.8,1561643,20039.34,451112.2,43920.03,329511.3,475979.8,1415497,46997.51,129031,474163,378685.8,428698.2,101252.2,120659.1,150031.6,195003.2,105179.4,160995.2,125301.4,130548.7,139723.9,107620.4,157314.6,127763.6,113749.2,1454759,20253.44,16665.55,120892.1,204539.7,153.37,1283040,4151153,35253.34,676419.2,450899.3,42211.34,55353.51
Scenario 2,24,1,Fake Positive News,24,TRADING,158784.9,196642.7,162529.6,270656.7,512221.4,482397.6,227483.8,479369.3,705398.2,964482,437966.4,287568.2,1558126,19987.96,452126,43913.62,330073,475553.5,1413103,46972.86,129116.7,474359.7,378751,428864.1,101400,120658.5,150263.1,195365.5,105195,161247.4,125148.9,130577,139456.1,107757.2,157312.9,127769.2,113750.1,1454939,20272.91,16652.39,120803.8,204139.2,153.35,1281968,4145397,35342.86,676757.5,450223.6,42214.99,55397.25
Scenario 2,25,1,Fake Positive News,25,TRADING,159013.7,196242.4,162562,270819.1,511118.2,482103.2,227478.2,478175.2,705356.5,966157.1,436905.6,287535.1,1554575,19948.28,452890.9,43848.01,330471.2,475911.4,1411983,46938.33,129114.6,474772.1,378755.6,428541.4,101458.9,120706.7,150569.9,195544.9,105247.8,161643.3,125072.2,130579.1,139213.8,107812.1,157292.3,127779.6,113816.9,1456083,20281.75,16650.42,120816.6,203615.9,153.33,1280823,4141243,35423.74,675356.4,449364.7,42217.83,55485.79
Scenario 2,26,1,Fake Positive News,26,TRADING,159212.4,195508.1,162544.7,271134.2,509959.4,480855,227192.3,477054.3,705212.4,968179.7,435307.9,287511.2,1550324,19895.08,453611,43832.98,331269.1,476109.8,1410318,46936.68,129164.9,474978.6,378780.9,428440,101570.4,120731.1,150941.3,195763.9,105233,161805.9,125090,130552.3,138934.5,107894.8,157246.4,127753,113865.5,1452970,20267.85,16636.19,120653.8,203111.9,153.45,1278722,4137525,35495.41,675370.3,448516.7,42220.43,55477.97
Scenario 2,27,1,Fake Positive News,27,TRADING,159461.1,195028.5,162405.8,271302.9,508882.6,480454.1,226952.5,476009.5,705095.7,969657,433968.4,287444.2,1547024,19837.73,454437.8,43839.52,331855.6,476449.4,1407982,46943.06,129387.5,474426.9,378846.1,428341.5,101788.8,120717.1,151236.6,196065.3,105294.5,162094,125057.5,130563.8,138671.2,108048.1,157288.4,127753.2,113836.7,1452441,20269.99,16629.34,120566.9,202708,153.59,1277421,4135686,35567.55,675904.5,447391,42230.62,55543.53
Scenario 2,28,1,Fake Positive News,28,TRADING,159881.2,194481,162240,271425.4,507921.2,479334,226758.7,474794.6,705000.2,972332.1,432532.8,286832.1,1544814,19778.69,455426.4,43803.1,332080.2,476208.5,1408510,46944.38,129417.8,474545,378770.4,428399.4,101989.5,120690.5,151558.1,196127.2,105362,162399.1,125032.4,130570.6,138368.2,108006,157291,127716,113790,1450084,20293.73,16626.98,120369.5,202175.8,153.69,1275856,4132656,35657.11,676268.6,446378.6,42226.97,55593.57
Scenario 2,29,1,Fake Positive News,29,TRADING,160198.7,193995.8,162259.9,271785.4,507049.9,478702.7,226607.3,473349.5,704953.3,974166.4,431304.1,286414.1,1541867,19716.46,456024.7,43757.27,332173.8,476724.1,1403736,46917.28,129445.4,474571.5,378832.4,428612.9,101998.1,120686.5,151875.7,196186.7,105391.1,162584.2,125115.3,130574.9,138082.5,108079.9,157296.8,127717.5,113763.5,1448068,20303.62,16620.62,120274.6,201685,153.71,1273279,4129787,35725.75,676846.1,445197.7,42221.59,55680.45
Scenario 2,30,1,Fake Positive News,30,TRADING,160573.7,193680.6,162305.7,271798.6,505806.4,477527.7,226325.5,471868.9,705032.2,975975.1,429904.3,285935.1,1538592,19674.19,456580.3,43756.05,332749.3,477431,1402333,46931.46,129790.5,474744.9,378864.8,428581.9,102137.4,120689.1,152259.6,196527.3,105445.1,162834.4,125062.9,130601.1,137787.2,108264.3,157307,127677.1,113781.8,1447554,20293.38,16599.63,120186.3,201208.6,153.84,1271217,4122031,35814.62,675995.5,444665.4,42210.2,55694.38
Scenario 2,31,1,Fake Positive News,31,TRADING,160675.4,193080.2,162277.7,272143.8,504663,476562.2,226136.9,470579.4,704867.5,979025,428518.4,285748,1535989,19614.27,457337.2,43725.77,333180,477558.6,1401672,46912.45,129840.1,474473.8,379006,428663.7,102360,120681.7,152306.6,196612.6,105432.2,163105.6,125199.2,130575.2,137502,108421.9,157301.2,127648.3,113850.4,1445968,20301.99,16598.1,120003.5,200664,153.92,1268704,4119023,35879.96,676632.4,443636.2,42219.68,55714.77
Scenario 2,32,1,Fake Positive News,32,TRADING,160645.1,192372,162292.1,272214.1,503569.2,475836,225940.6,469237.2,704973,981336.8,427377.4,285717.9,1533288,19572.42,458098.7,43674.35,333355.6,477985.8,1399454,46887.73,130054.1,474230.6,379187.7,428790.7,102495.4,120646,152659.5,196924.6,105540.4,163313.9,125074.6,130566,137254.1,108518.4,157288.3,127658.4,113844.4,1445510,20291.47,16572.8,119790,200063.3,153.88,1268399,4114398,35959.13,676002.3,442402.3,42225.14,55780.42
Scenario 2,33,1,Fake Positive News,33,TRADING,161001.5,191884.5,162221.7,272541,502554.2,474947.1,225693.2,467947.9,704911.6,983754.4,425933.3,285354,1531609,19523.84,459483.6,43640.39,333628.2,478152.2,1398984,46867.54,130210.1,474254.5,379117.6,429011.9,102762.9,120656.7,152979.8,197076.5,105564,163629.9,124998.4,130582.7,137014.9,108765.1,157311.7,127656.6,113871.5,1443388,20304.3,16565.41,119740.8,199706.3,153.86,1267525,4110187,36034.64,676161.2,441618.2,42235.36,55820.93
Scenario 2,34,1,Fake Positive News,34,TRADING,161279.7,191289.7,162253.8,272817.2,501286.2,474007.9,225678.2,466379.5,704554.6,985737.8,424863.8,285111.8,1529200,19471.88,460577.5,43631.06,334082.6,478553.9,1398542,46857.2,130373.2,474027,379047.7,429091.1,102967.6,120636.5,153307,197669.6,105548.1,163846.7,124860.4,130604,136786.7,108859.4,157321.5,127660.6,113918.9,1439553,20306.5,16558.98,119484,199121.2,153.95,1267369,4108550,36123.24,676049.8,440479.8,42244.74,55877.71
Scenario 2,35,1,Fake Positive News,35,TRADING,161609.2,190768.6,162230.7,272792.8,500004.5,473367.1,225559.3,465226.4,704641.9,987818.3,423564.3,284751.4,1526931,19428.11,461714.9,43597.49,334752.4,478554,1396615,46862.35,130428.5,473815.9,379276,429255,103042.1,120683.8,153628.6,197866.3,105640.5,164099.7,124850.8,130600.9,136477,109021.7,157267,127660.4,113927.4,1438099,20323.72,16545.91,119532.2,198495.8,154.14,1267646,4106548,36189.71,676703.6,439492.4,42255.99,55896.79
Scenario 2,36,1,Fake Positive News,36,TRADING,161871.3,190414.8,162226.4,272783.2,499077.8,472868.4,225448.2,463954,704594.1,989554.9,422211.1,284533.3,1523649,19378.19,462333.1,43566.75,335205.7,479075.8,1396711,46870.55,130521.2,473711.6,379178.9,429144.8,103073.6,120675,153927.3,198100.2,105632.5,164329.4,124806.2,130601.6,136254.5,109061.5,157223.7,127677.1,113915.5,1436614,20330.55,16523.36,119455,197899.9,154.3,1267463,4105223,36276.34,676876.6,438470.2,42244.35,55940.79
Scenario 2,37,1,Fake Positive News,37,TRADING,162126,189832.9,162209.4,272908.5,497855.9,471942,225164,462710.1,704684.6,991758.2,420946.1,284595.6,1521558,19326.86,463208.8,43544.59,335998.4,479147.3,1396910,46840.95,130556.5,473929.7,379279.5,428948.4,103206,120701.2,154307.4,198009.2,105559.1,164625.9,124667.9,130605.3,135965.5,109110.3,157167.5,127638.9,113923.3,1436184,20357.62,16516.59,119404.3,197404.4,154.27,1264928,4098770,36360.09,677655,437542.1,42250.24,55931.41
Scenario 2,38,1,Fake Positive News,38,TRADING,162461.6,189395.5,162228.7,272772.4,496774.9,470946.3,224843.3,461579.1,704692.7,993527.5,419455,284456.1,1518003,19271.24,463305.5,43487.54,336434.8,479318.3,1394746,46881.74,130560.7,473810.5,379391.2,428985.5,103411.8,120640.4,154595.1,198296.5,105529.9,164916.9,124662.6,130628.8,135733.3,109279.9,157145.3,127649.6,113871.3,1434129,20352.38,16489.84,119316.3,196884.6,154.29,1264565,4094975,36439.1,676983.1,436503.4,42258.84,55957.5
Scenario 2,39,1,Fake Positive News,39,TRADING,162689.4,188733.1,162344.2,272925.6,495357.3,470427.1,224603.8,460389,704669.6,995318.4,418127.9,284555.1,1515506,19217.3,463960.2,43454.3,337129.8,478618.7,1393342,46935.54,130767.5,473642.3,379589.2,429053.8,103546.6,120615.1,154978.4,198692.9,105523.8,165105.5,124619.5,130625.2,135474.8,109329.8,157187.5,127667.5,113824.1,1433195,20350.9,16483.69,119197,196318.2,154.43,1264002,4090654,36525.25,676630.9,435553,42270.46,55992.25
Scenario 2,40,1,Fake Positive News,40,TRADING,162996.9,188075.4,162360.5,273265.1,493952.6,469448.9,224364.1,459243.7,704759.7,997829.3,416920.9,284453.3,1513171,19164.16,464625.3,43429.42,337715,477720.6,1391136,46966.02,130936.8,473736,379706.9,429202.4,103691.2,120636.7,155321.7,199393.6,105537.9,165328.8,124469.1,130610.6,135171.3,109596.7,157235.4,127603.8,113860.3,1434140,20355.94,16452.53,119159.7,195674.7,154.61,1262903,4085718,36596.94,677429.1,434489.6,42274.27,56047.47
Scenario 2,41,1,Fake Positive News,41,TRADING,163094,187692.5,162386,273462.9,492834.1,468949.8,224137.3,457929,704710.5,999724.6,415882.2,284191.4,1510015,19112.14,464983.4,43391.42,338084.3,477400.4,1389004,46985.27,131016.7,473719.2,379727.8,428877.4,104000.6,120677.2,155616.4,199513.5,105556.2,165648.5,124449.3,130609.6,135014.7,109689.6,157232.4,127586.4,113851.6,1432075,20345.25,16440.43,119216.5,195192.8,154.72,1261411,4083343,36671.2,676532.8,433627.6,42282.02,56105.73
Scenario 2,42,1,Fake Positive News,42,TRADING,163333.6,187031.1,162581.2,273597.5,491730,468449.2,224006.7,456665.2,704517.7,1001934,414590.4,283639.8,1507681,19058.41,466071.8,43385.56,338620.8,477649.8,1385890,47002.44,131019.7,473834.4,379674.9,429046.2,104272.2,120698.1,155946,199685.8,105536.7,165838.8,124315.8,130585.9,134661.9,109860,157243.3,127567.5,113820.7,1428175,20331.89,16400.02,119181.2,194611.8,154.94,1259990,4085114,36738.91,676069.4,432442.4,42273.75,56195.16
Scenario 2,43,1,Fake Positive News,43,TRADING,163620.3,186651.3,162634.1,273686.1,490693.4,467907.6,223830.7,455462.7,704381.6,1004121,413506.2,283309.1,1505152,19004.81,466255.2,43379.04,339126.8,478256,1382713,46960.7,131035.5,473812.9,379848.7,429290,104463.9,120670.9,156131.9,199675.1,105480.3,166139.6,124345.8,130619.8,134441.2,110002.9,157187.8,127579.3,113753,1427117,20313.21,16374.95,119069.7,194292,155.14,1258890,4080291,36814.68,675139.9,431716.3,42261.86,56315.54
Scenario 2,44,1,Fake Positive News,44,TRADING,163599.6,186260.4,162653.7,273943.9,489231.2,466756.5,223500.8,453947.6,704571.9,1006604,412303.2,282944.7,1501736,18941.42,467515,43334.45,339750.5,479323.5,1382064,46934.92,130939.4,473774.6,379801,429199.1,104576.5,120642.9,156364.2,199700.2,105537.2,166439.2,124421.3,130611.2,134206.6,110121.7,157167.6,127594,113858.1,1423969,20329.67,16359.12,119061.3,193772.3,155.3,1257904,4074303,36911.37,675289.4,430920.9,42260.45,56367.26
Scenario 2,45,1,Fake Positive News,45,TRADING,163931.7,185692.2,162648.2,273869,488273.1,465916.7,223325.7,452903.4,704508.6,1008734,410713.4,282857.4,1498860,18877.74,467958.3,43314.06,340166.3,480092.1,1380445,47003.83,130851.1,473786.5,379817.1,429042.1,104694.8,120694.5,156727.6,199920.7,105546,166729.9,124357,130632.6,133995.5,110241.4,157152.4,127598.3,113840.3,1422589,20350.47,16338.86,119085.3,193561.5,155.34,1255680,4072550,36962.44,674957.3,430223.5,42254.73,56429.58
Scenario 2,46,1,Fake Positive News,46,TRADING,164149.3,184944.6,162635.1,274169.3,487119.5,465143.3,223235.8,451901.2,704734.3,1010312,409195.5,282610.5,1496018,18820.53,468354,43297.68,340676.3,479750.6,1379126,47017.5,131096,473728,379850.8,429013.2,104968.3,120716.7,157131.7,200465.2,105567.9,166967.4,124395.6,130632.9,133686.2,110168.6,157121.4,127588.8,113854.6,1421047,20362.52,16325.06,119007.8,193027.5,155.43,1252896,4072269,37036.79,674310.4,429419.2,42253.11,56463.44
Scenario 2,47,1,Fake Positive News,47,TRADING,164375.2,184415.3,162690.9,274398.9,486299,463937.8,222904.6,450404.9,704656.6,1012501,407846.2,282222.8,1493352,18775.18,469347.5,43243.78,341050.8,479508.6,1378388,47075.25,131277.3,473608.1,379836.5,428996.8,105207.7,120696.2,157654.2,200768.3,105547.4,167239.6,124338.4,130622.5,133423.7,110304.2,157164.2,127580.2,113808.8,1422336,20350.63,16313.27,119042.3,192609.8,155.6,1252522,4066960,37120.99,675224.5,428430.1,42246.3,56506.07
Scenario 2,48,1,Fake Positive News,48,TRADING,164568.4,183829.5,162585.5,274704.4,484960.2,462985.1,222632.5,449180.6,704504.4,1013690,406485.2,281933.6,1491407,18725.63,470302.2,43197.58,341306.1,479516.2,1377236,47067.91,131345.4,473851.9,379841.2,429016.7,105428.8,120737.4,158033.3,200980.3,105577.6,167462.9,124383,130608.5,133237.3,110236.5,157208.2,127609.6,113777.2,1420010,20343.46,16312.82,118895.6,192222.6,155.78,1251996,4065370,37201.68,675032.8,427371.7,42261.91,56575.82
Scenario 2,49,1,Fake Positive News,49,TRADING,164796.1,183337.5,162604.4,275047.4,483772.5,461796.3,222566.6,447923.8,704552.1,1016304,405301.7,281504.1,1487896,18666.3,470763.7,43163.64,341816.4,480141.6,1375262,47046.32,131258.5,473913.3,379993,429059.8,105606.5,120725.5,158291.4,201234.8,105617.4,167707.5,124338.7,130615.5,132965.8,110407.1,157150.4,127632.6,113780.8,1417643,20331.13,16281.17,118808.7,191632.7,155.81,1251573,4062700,37285.31,674656.5,426286.9,42269.85,56586.29
Scenario 2,50,1,Fake Positive News,50,TRADING,165145.8,182728.8,162802.5,275072.7,482842.9,461214.6,222347.9,446652.1,704773.4,1018694,403896.8,281252,1485970,18606.79,471258.1,43126.04,342263.8,480093.1,1373293,47074.79,131377.8,473892.3,379915.8,429352,105651,120718.4,158569.9,201660.7,105668.2,167860.7,124285.9,130623.5,132678.7,110562.4,157140.6,127618,113813.7,1419563,20312.3,16254.67,118611.7,191170,155.88,1250352,4059621,37380.89,674231.8,425316.6,42271.39,56600.84
Scenario 2,51,1,Fake Positive News,51,TRADING,165501.3,182182.2,162829.8,275250.2,482156.2,460069.9,222187.1,445452.3,704974.9,1019925,402547.7,280721.8,1483587,18543.21,472546.7,43121.27,342799.5,481138.3,1371100,47087.4,131294,473915.5,379850.5,429504.7,105751.7,120752,158918.5,201874.5,105702.5,168026.7,124313.4,130599.1,132459,110518.2,157176.2,127586.8,113839.6,1420793,20325.46,16235.44,118458.3,190737.4,156.1,1248072,4055443,37422.42,673674.2,424166.1,42272.74,56648.97
Scenario 2,52,1,Fake Positive News,52,TRADING,165733.9,181574,162683.2,275433.6,481034.2,459476.3,221867.5,444300.7,704968.2,1022431,401189.3,280167,1481155,18497.71,472804.9,43037.47,343407.2,481617.4,1369436,47086.35,131374.5,474090,379897.1,429514.1,105703.1,120750.8,159267.6,202260.5,105737.8,168266,124207.9,130642.9,132201,110656,157239.8,127593.4,113878.5,1420444,20335.97,16213.02,118293.7,190100.4,156.1,1246698,4052162,37513.69,673803.6,422977.9,42284.77,56686.75
Scenario 2,53,1,Fake Positive News,53,TRADING,165938.4,181018.1,162703.9,275485.2,479899.5,458964.8,221562.2,442977.4,704906.7,1024336,399729.1,279781.5,1478359,18447.46,473376.5,43014.08,343806.3,481606.3,1367454,47124.64,131472.5,473740.7,379979.2,429592.2,105948.1,120760.8,159520.7,202370.6,105803.3,168474.5,124151,130659.5,131863.6,110642,157242.2,127577.1,113890.7,1418596,20331.14,16211.84,118244,189412.2,156.03,1245336,4051247,37575.76,674210.5,422077.5,42287.1,56746.47
Scenario 2,54,1,Fake Positive News,54,TRADING,165989.5,181403.4,162698.1,275333.6,479116,458136.8,221353.5,441771.6,704920.8,1026000,398140.9,279574.5,1476309,18392.49,474015.1,42977.71,344278.5,481482.6,1367245,47078.77,131709.9,473578.5,380040.5,429848.4,106033.6,120840.4,159836.6,202554.3,105809.8,168654.7,124100.8,130664.7,131577,110762.1,157330.9,127602.5,113880.6,1419508,20330.24,16193.49,118143.9,189020.3,156.08,1243071,4046296,37653.11,674051.7,421304.6,42287.32,56795.01
Scenario 2,55,1,Fake Positive News,55,TRADING,166084.6,181966.7,162693.7,275624.9,477896.5,457510.4,221038.4,440588.6,704757.9,1027985,396648.4,279332.3,1473681,18432.42,474351.9,42961.97,344862.5,481406.8,1366046,47089.31,131914.3,473320.2,380191.1,429669.7,106255.8,120826.7,160007.1,202599.1,105827,168861.9,124128.9,130677.3,131381.6,110903.9,157286.3,127611.6,113887.4,1417833,20323.86,16147.91,118044.1,188407.6,156.28,1241991,4044472,37722.37,673765.9,420458.5,42280.24,56836.37
Scenario 2,56,1,Fake Positive News,56,TRADING,166285.1,182414.8,162728.9,275906.1,476568.2,456412,220984.7,438961.4,704752.7,1030581,395356.7,279080.9,1470532,18471.87,475241.8,42948.42,345290,481886.6,1365233,47136.61,131980.2,473331.5,380247.6,429836.2,106551.8,120805.4,160327.9,202940.7,105821,169140.3,124020.8,130662.2,131076.6,110945.4,157259,127631.2,113962.7,1415851,20331.67,16125.27,117924.6,188824.6,156.21,1240585,4041668,37818.82,673468,419713.6,42268.36,56896.02
Scenario 2,57,1,Fake Positive News,57,TRADING,166479.4,182756.2,162667.8,276030,475456.3,455352.3,220737.8,437708.4,704763,1032877,393923.2,278565.5,1467410,18520.69,475854.6,42906.46,345873.8,482433.1,1362909,47093.18,132117.5,473521,380381.1,429976.3,106688.3,120772,160727.4,203442.6,105781.4,169336,123827.7,130669.7,130828.1,111051.5,157260.2,127637,113933.1,1414863,20351.36,16100.84,117747.5,189424.6,156.14,1239701,4040431,37894.07,672922.8,418628.4,42274.41,56904.47
Scenario 2,58,1,Fake Positive News,58,TRADING,166757.6,183187.7,162654.9,276407.8,474090.6,454428,220619.7,436458.2,704598.7,1035004,392734,277961.1,1464952,18562.2,476775.3,42900.3,346306.8,482449.8,1360586,47033.31,132340.7,473328.6,380533.5,430010.4,106840.8,120747.8,161114.8,203931,105804.7,169612.5,123860.5,130662.3,130570.7,111287.1,157276.2,127676.2,113925.4,1413009,20359.8,16085.55,117658.8,189828.6,156.2,1238256,4034903,37953.8,672888.1,417795.9,42286.22,56905.48
Scenario 2,59,1,Fake Positive News,59,TRADING,166921.7,183730.8,162630.6,276413.4,472500.6,453448.2,220501.3,435166.9,704584.8,1036548,391374.8,277808.8,1462173,18602.69,477559.3,42860.87,346567.1,482807.1,1359222,47010.06,132568.7,473166,380608.7,430067.4,107043,120749,161440.6,204625,105820.4,169961.7,123745.5,130679.4,130400.5,111434.2,157231,127650.7,113950.1,1410668,20362.3,16069.61,117565.9,190438.6,156.11,1237931,4031484,38017.61,673634.6,416799.3,42288.75,56947.67
Scenario 2,60,1,Fake Positive News,60,TRADING,167138.6,184132,162694.7,276474.9,471389.4,452597.3,220528.5,434038.7,704535.8,1038283,390037.6,277418.9,1459417,18637.44,478330.2,42861.48,347258.1,483203.5,1358272,46994.56,132694.1,472978.5,380663.8,430052.4,107150.2,120720.6,161731,204845.3,105823.8,170233.7,123703.2,130681.6,130163.1,111476.3,157181.6,127663.8,113919.8,1408710,20358.96,16051.33,117527.6,190934.1,156.07,1237097,4027405,38103.99,673452.9,415581.7,42310.95,56963.09
Scenario 2,61,1,Fake Positive News,61,TRADING,167231.3,184537.8,162739.8,276418.2,470379,451775.7,220405.9,432691.5,704624.3,1039742,388636.2,277259.5,1455733,18677.59,479330.5,42819.72,347894.5,483381,1357755,46989.84,132694.7,472939.3,380560,430044.4,107383.9,120704.4,161835.1,205034,105835.5,170520.6,123718.7,130718.3,129878.6,111615.8,157207.6,127636.4,113926.1,1406352,20370.78,16020.77,117435.4,191511.8,156.05,1235731,4023879,38186.86,672741.3,414434.1,42315.71,57008.53
Scenario 2,62,1,Fake Positive News,62,TRADING,167475,185003.3,162702.8,276662,469164.3,451028.8,220236.7,431443.4,704476.4,1041578,387372,276831.3,1453906,18714.22,479556.6,42806.69,348082.7,483494.2,1356177,47007.72,132918,472950.8,380658.4,429932.6,107435.5,120673.6,162140.5,205475.2,105882.5,170824,123622.7,130703.4,129648,111750.2,157163.6,127620.4,113881.1,1404375,20377.16,16013.29,117415.8,192067.1,156.09,1234586,4021464,38233.12,672792.5,413192.6,42321.23,57005.8
Scenario 2,63,1,Fake Positive News,63,TRADING,167654.7,185475.9,162824.8,276723.2,467996.3,449946.9,220044.1,430280.6,704523.1,1043643,385636.1,276504.5,1452116,18765.32,479927.7,42752.58,348551,483400.7,1353517,47000.47,132998.5,472994.9,380763.5,429549.7,107605.2,120700.6,162327.7,205155.9,105882.2,171114.1,123623.5,130696.6,129279,111895.4,157121.8,127625.2,113898.3,1405845,20375.51,15998.15,117320.7,192680.6,156.37,1233294,4016233,38297.08,673260.4,412565.3,42322.51,57066.05
Scenario 2,64,1,Fake Positive News,64,TRADING,167870,185915.5,162974.3,277109.1,466903.1,449353.1,219783.6,429003.3,704629.5,1045249,384320.8,276289.8,1449191,18807.65,480080.4,42726.59,348625.9,483717.3,1351830,47038.13,133099.4,473144.7,380727.5,429342.8,107778.9,120706.1,162686.2,205446.7,105878.7,171455.3,123633.7,130703.7,129067.1,112050.3,157125.6,127688.1,113898.6,1405697,20378.19,15980.52,117149.7,193084.8,156.28,1230957,4015171,38381.23,673745.1,411905.6,42320.37,57112.71
Scenario 2,65,1,Fake Positive News,65,TRADING,168014.4,186294.9,163039.6,277339.7,466014.7,448481.9,219483.1,427404.8,704664.4,1047289,383132.8,275971.3,1445863,18842.9,480696.7,42707.02,349105.5,483677.8,1348595,47068.71,133268.8,473375.9,380716.2,429378.9,107983.5,120766.2,163152.2,205635.1,105856.9,171701.4,123665.1,130698.4,128792.5,112204.9,157080.3,127691.4,113873.1,1403331,20388.76,15958.63,117053.6,193673.5,156.38,1229342,4011466,38448.06,673417.5,410829.1,42320.93,57158.53
Scenario 2,66,1,Fake Positive News,66,TRADING,168132.4,186755.9,162951.3,277425.5,467639.4,447429.7,219234.9,426423.8,704399.4,1049742,381917.2,275660.3,1442187,18892.97,481341.6,42661.99,349539.7,483891.7,1346834,47046.44,133515,473331.3,380770,429409.2,108072.8,120761.8,163534.6,206038.5,105884.7,171968.8,123598.9,130706.4,128438,112172.1,157064.3,127672.6,113843.6,1402925,20397.6,15937.86,116843.1,194257.3,156.48,1228949,4011846,38549.37,672677.4,411970.1,42326.23,57144.89
Scenario 2,67,1,Fake Positive News,67,TRADING,168277.4,187217.4,162930.3,277814.5,469210.9,446523.1,219026.7,425304.7,704147.3,1052239,380706.7,275479.5,1439890,18940.14,482279.1,42614.21,350086.2,483956.8,1344693,47077.41,133597.7,473118.3,380746.4,429459.6,108052.2,120801.9,163810.8,206379.2,105828.2,172282.2,123539.1,130726,128186.8,112383.2,157073,127694.5,113812.5,1400087,20402.56,15921.49,116763.7,194712.2,156.34,1228371,4007790,38628.24,672302.5,412918.6,42325.87,57199.92
Scenario 2,68,1,Fake Positive News,68,TRADING,168447.7,187498.2,162903.8,278007.3,470701.3,445489.5,218846.6,424101.3,704324.6,1053882,379446.2,274910,1437494,18982.89,483165.6,42544.33,350602.7,483966.1,1342906,47125.83,133476.7,473480,380675,429473.5,108148.6,120805.9,164119.6,206778.3,105855.7,172522.9,123474.9,130745.9,127916.2,112542.1,157058.2,127708.6,113830.2,1397002,20410.32,15916.17,116680.6,195405.1,156.39,1226867,4007374,38707.35,672756.5,414076.8,42333.59,57252.24
Scenario 2,69,1,Fake Positive News,69,TRADING,168744,187905.7,162881.7,277928.9,472341,444588.7,218475.1,422623.5,704188.5,1055643,378304.2,274566.9,1433867,19016.09,483313.8,42546.95,351260.5,484264.8,1343451,47150.77,133405.8,473248.3,380665.5,429343.5,108391.2,120798.3,164449.1,207387.2,105921.1,172767.7,123438.7,130771.8,127637.8,112706.2,157070.5,127706.2,113921.9,1394963,20404.87,15876.21,116548.5,196012,156.58,1226645,4006467,38767.01,672193.9,414950.6,42334.17,57279.34
Scenario 2,70,1,Fake Positive News,70,TRADING,168930.8,188496.9,162875.8,278142.8,473986.6,443879,218294,421222.3,704092.5,1057735,377078,274355,1431106,19054.4,484169.3,42485.26,351785.2,484903.7,1343330,47099.75,133584.7,473259.6,380626.7,429291.9,108347.3,120757.2,164955.8,207654.1,105919.2,173087.6,123202.4,130778.5,127354.1,112662.8,157140.8,127753.5,113893.7,1393942,20411.93,15855.65,116335.3,196591.2,156.48,1225139,4002326,38832.4,671911.6,415987.9,42327.07,57344.6
Scenario 2,71,1,Fake Positive News,71,TRADING,169052.5,188851.3,162887.8,278214.2,475542.9,442997.1,217952.1,419927.1,704137.4,1059664,375687.4,274114.2,1427298,19094.63,485480.8,42404.75,351803.1,484928.6,1339997,47057.46,133563.2,473127.4,380572.6,429208.8,108406.6,120721.2,165258.1,207897.2,105935.9,173317.9,123331.9,130792.7,127070.4,112767.5,157178,127741.3,113931.4,1392249,20405.63,15835.27,116262.1,197018.3,156.53,1224144,4000173,38903.55,671602.2,417045.3,42339.36,57455.53
Scenario 2,72,1,Fake Positive News,72,TRADING,169349.1,189234.5,162782.4,278355.2,477341,442033.8,218144.5,418707.1,704396.5,1061599,374351.4,273615.7,1424533,19142.73,485319.9,42479.34,352662.1,484701.3,1339080,47070.74,133336,472635.8,380482.6,429255.5,108443.3,120717,165545.6,208250.9,105962.6,173500,123498,130812.5,126784.8,112592.9,157176,127775.2,113969.8,1389856,20423.09,15852.09,116290.5,197560.4,156.2,1225311,4003454,38961.35,671696.5,417879.4,42340.88,57387.73
Scenario 2,73,1,Fake Positive News,73,TRADING,169477.2,189731.3,162946.5,278202.1,478921.3,440985.2,218330.1,417656.3,704195.3,1063834,373109.7,273000.3,1421598,19192.34,486074.5,42526.47,353300.7,484746.8,1337936,47120.34,133059.2,472572.7,380631.9,429263.8,108623.9,120669.2,165804.6,208642.7,105941.3,173843.3,123471.3,130821.7,126546.8,112493.4,157117.5,127790.2,113997.9,1389230,20431.4,15877.29,116375.7,198233.6,156.15,1226120,4012016,39045.08,671908.9,418371.7,42336.17,57320.54
Scenario 2,74,1,Fake Positive News,74,TRADING,169690.8,190146.2,163083.7,278085,480437.7,440459.9,218710.1,416184.3,704238.4,1066070,371702.1,272643,1418986,19225.47,486025,42563.5,353826.6,484628.4,1335684,47196.33,133028.3,472524,380605.4,429130.8,108657.6,120681.7,165973.7,209080.1,105975.9,174101.2,123543,130827.2,126283.7,112353.8,157087.1,127751.1,113981.3,1387714,20449.63,15916.01,116501.6,198815.5,155.87,1227297,4015692,39105.13,672029.2,419317.3,42343.95,57192.16
Scenario 2,75,1,Fake Positive News,75,TRADING,170000.5,190697.1,163086.9,277978.1,482055.7,439773.1,218883.4,414740.5,704307.5,1067524,370457.3,272437.3,1416756,19268.52,486751.9,42618.47,354659.2,484447.8,1331985,47266.62,132916,472665.1,380593.2,429229,108775.7,120695.3,166386.6,209321.8,106001,174388.7,123441.4,130840.4,125917.9,112313.9,157082.6,127719.1,113925.6,1387708,20465.28,15920.86,116558.3,199204.7,155.66,1228626,4013808,39173.37,672102.1,420232.5,42332.8,57090.72
Scenario 2,76,1,Fake Positive News,76,TRADING,170107.5,191070.6,163093.7,277815.6,483334.4,438806.6,219285.5,413447.3,704343.9,1069779,369199.3,272043.7,1420216,19317.73,487109.9,42641.37,355093.2,484033.9,1330144,47344.43,132685.4,472792.3,380581.5,429022,108899.9,120651.4,166645.4,209779.4,105942.7,174725.4,123381.2,130822.7,125639,112115.7,156999.4,127742.7,113911,1386007,20475.66,15942.06,116487.7,199727.5,155.54,1229679,4017434,39233.07,670781.9,421319.7,42333.63,56955.01
Scenario 2,77,1,Fake Positive News,77,TRADING,170225.3,191543.2,163040.8,277768.9,484998.4,437898.3,219503.3,412245.7,704478.1,1071329,368090.9,271910.7,1423983,19363.67,488044.6,42651.61,355687.2,484099.6,1329472,47394.98,132409.8,472731.6,380461.2,428951.7,109072.8,120633.1,167100.4,210296.3,105955.6,174831.4,123350.8,130801,125337.1,111941.7,157001.3,127763.4,113880.7,1386263,20484.43,15962.51,116581.1,200546.9,155.3,1229301,4016787,39314.12,670522.8,422342.5,42326.65,56852.62
Scenario 2,78,1,Fake Positive News,78,TRADING,170565.7,191868.3,163089,277768.5,486598.4,439235.6,219654.2,410946.4,704583.3,1073869,366608.8,271541.8,1429080,19406.15,488974.3,42679.68,356107.2,483542.5,1328020,47439.27,132179.2,472392.6,380396.1,428954.4,109194.4,120618.1,167479.9,210303.2,106037,175081.2,123355.6,130776.2,125131.6,111710.3,156946.2,127759.2,113892.7,1384319,20497.75,15979.82,116685,201274.2,155.08,1232561,4021641,39387.24,670195.7,423278.1,42331.57,56764.7
Scenario 2,79,1,Fake Positive News,79,TRADING,170833.9,192003.1,163035.7,278035.1,488112.4,441029.2,219901.6,409876.7,704179.2,1075225,365256.6,271579.7,1433810,19447.29,489568,42716.98,356532.9,483210.2,1325905,47487.76,131926.6,472095.5,380611.9,428935.1,109281.9,120641.1,167724.8,210761.5,106016,175443.7,123551.8,130794.2,124813.4,111487.9,157005.4,127758.9,113887.5,1381944,20500.95,16010.29,116672.2,201869.1,155.03,1232365,4022101,39459.03,669622.1,424229.6,42340.26,56601.72
Scenario 2,80,1,Fake Positive News,80,TRADING,170831.7,192262.7,163072.5,278103.7,489544.8,442736.6,219989.3,408509.8,704323.2,1077075,363919.9,271458.9,1438350,19494.01,490006.9,42719.4,356879.9,482515.2,1325045,47571.06,131616.3,471967.7,380610.4,429221.5,109438.4,120662.5,167871.9,211004.5,105984.4,175716.2,123557.6,130809.6,124631.8,111328.4,157006.4,127729.3,113891.3,1380996,20503.69,16032,116703.7,202479.4,155.08,1234786,4024221,39533.53,670120.5,425266.3,42349.06,56511.73
Scenario 2,81,1,Fake Positive News,81,TRADING,171180.3,192700.2,163070.8,277999.2,490903.4,444036.3,220245.6,407388.2,704294.7,1079139,362739.3,271102.7,1441307,19541.15,491041.1,42738.46,357547.1,482068.6,1323807,47612.09,131523.5,471687,380590,428971.4,109491.8,120661.2,168187.8,211293,105966.4,175960.3,123575.7,130779,124419.1,111181.8,156994.2,127725.3,113849.6,1378107,20529.71,16053.34,116785.3,203058.5,154.75,1234995,4030227,39608.49,670619.7,426103.1,42355.39,56416.15
Scenario 2,82,1,Fake Positive News,82,TRADING,171270.6,193141.4,163057.4,277934.8,492616,445469.9,220459.6,406447.6,704135.6,1081304,361646.8,271044.7,1445502,19580.81,491728.4,42784.65,357955.9,481316,1322250,47660.43,131388.4,471739.3,380867.3,428990.4,109680.3,120662.9,168529.3,211746.9,105984.9,176175.8,123549.9,130767.4,124124.3,111029.9,157001.5,127710.7,113900,1376543,20517.81,16061.3,116755.9,203636.5,154.65,1234302,4032451,39683.92,670118,426970.7,42357.62,56330.38
Scenario 2,83,1,Fake Positive News,83,TRADING,171570.1,193855.8,162978.4,278003.5,494273.3,447050.8,220792.6,405205.6,703935.6,1084253,360236.4,270667.6,1449625,19624.15,492539.8,42828.42,358218,481228.4,1320837,47734.11,131161.8,471473.5,380744.8,428890.3,109856.7,120645.1,168826.9,211824.2,105962.5,176360.9,123591.4,130797.5,123817.9,110868.7,156955.3,127704.6,113911.4,1376159,20517.32,16083.43,116682.1,204328,154.53,1235889,4037014,39749.93,670002.2,428007.5,42345.97,56252.42
Scenario 2,84,1,Fake Positive News,84,TRADING,171835.1,194248.3,162936.4,277895,496002.4,448303.4,220944.2,403887.2,703809.3,1085431,359144.4,270314.4,1453619,19681.56,493176.9,42872,358899,480502.7,1318477,47789.56,131057.8,471532.1,380663.3,428797.7,110007.5,120663.2,169171.2,212258,105924,176750,123572,130818.8,123573.6,110823.9,156978.4,127698.9,113985.2,1374525,20527.95,16096.47,116858.3,205071.9,154.53,1236915,4038329,39834.09,669640.3,428782.8,42344.91,56163.34
Scenario 2,85,1,Fake Positive News,85,TRADING,172097.9,194637.5,162907.1,277827.2,497759.6,450350,221142.9,402707.8,703843.6,1087453,357829.3,269924.3,1456268,19725.09,494531.6,42882.21,359847.4,479913.5,1316795,47872.13,130717.2,471403.3,380533.5,428863.9,110085.7,120666.3,169412.2,212609.7,105942.8,176942.7,123562.4,130844.7,123294.2,110711.5,156965.3,127683,114023.5,1373606,20509.54,16102.86,116896,205663.4,154.5,1236575,4040361,39897.94,668822.1,429891.4,42341.11,56067.7
Scenario 2,86,1,Fake Positive News,86,TRADING,172597.5,195075.7,162889.5,277976.6,499077.1,451711.9,221408.2,401392.1,703627.2,1089871,356653.1,269452.1,1459923,19772.7,495508.7,42920.4,360603.7,479314.2,1315180,47888.69,130562.9,470961,380710.9,428734.4,110067.5,120650.1,169681.6,213011.1,105873.3,177175.1,123556.3,130871.1,123036,110646.5,156946.2,127689.1,114054.9,1371322,20489.73,16128.26,116944.2,206195.8,154.36,1237978,4042422,39983.68,668698.9,430898,42352.93,56025.69
Scenario 2,87,1,Fake Positive News,87,TRADING,172888.2,195564.2,162846.7,278103.1,500721.6,453353.3,221675,400309.8,703578.9,1091954,355426.1,269254.1,1464130,19819.94,496318.8,42956.1,360649.8,479152,1313072,47954.05,130367.9,471032.5,380739,428764.3,110293,120633.8,169997.4,213218.9,105851.1,177298,123473.1,130891.1,122694.9,110497.3,156883.9,127709.5,114029,1369716,20504.78,16168.68,116964.1,206811.4,154.13,1238614,4049487,40044.65,669530.9,432082.3,42353.91,55921.61
Scenario 2,88,1,Fake Positive News,88,TRADING,173219.5,195869.5,162767.8,277979.1,502465.2,454860.5,221915.1,399135.6,703545.2,1093976,353957.2,269080.3,1467508,19877.93,496664.7,42961.88,361070.8,478673.9,1311003,48016.92,130123.3,470795.3,380672.6,428672,110359.5,120615.9,170375.8,213812.6,105725.2,177523.5,123397.6,130898.6,122407.8,110162.1,156829.9,127728.4,114054,1369258,20514.51,16187.04,116898.8,207274.3,154,1237927,4055336,40099.57,668952.4,432944.5,42357.78,55848.17
Scenario 2,89,1,Fake Positive News,89,TRADING,173417.1,196221.9,162731.6,277819.2,503891.9,456237.1,222159.3,397607.5,703385.2,1095670,352470,268939.1,1471439,19918.34,497794.1,42992.88,361730.9,478240.9,1309411,48057.99,129987.6,471064.7,380492.4,428615.7,110547.8,120595.2,170665.9,213925.1,105768.6,177832.1,123301.6,130913.8,122162.1,110060.2,156819.1,127733.5,114030.8,1368482,20528.76,16180,117108.6,207872.7,153.77,1238397,4056483,40187.84,668759.3,434174.9,42369.96,55817.78
Scenario 2,90,1,Fake Positive News,90,TRADING,173421.4,196742.5,162638,277735.8,505350.5,457821.3,222419.1,396489.1,703430.8,1097559,351073.9,268588.5,1475618,19964.69,498647.4,43021.92,362152.4,477806.4,1309133,48104.04,129661.6,471155.4,380606.7,428666.8,110891.1,120528.3,171057.6,213774.8,105822.8,177988.5,123330.9,130933.1,121963,110099.4,156868.1,127708.6,114079.7,1367481,20534.62,16208.48,117169.8,208345.6,153.53,1241077,4057162,40265.79,669751.6,435104.3,42361.15,55688.46
Scenario 2,91,1,Fake Positive News,91,TRADING,173853.6,197207.9,162557.6,277566.9,507155.3,459224.4,222695.2,395076.2,703566.6,1099480,349733.3,268452.5,1480957,20000.63,500393,43012.39,362908.4,477355,1307998,48097.36,129668.5,471081.7,380663,428725.5,111067.8,120532.7,171305.4,214065.4,105901.6,178263.1,123328.7,130928.4,121734.8,109990.6,156791.2,127694.7,114105.7,1363484,20544.55,16236.08,117256,208801.8,153.47,1243110,4060661,40339.87,669225,436011.2,42381.53,55612.3
Scenario 2,92,1,Fake Positive News,92,TRADING,173756,197694,162539,277416.3,508520.4,460370,222711.7,393640,703586.8,1101817,348355.8,269196.3,1484178,20040.61,499422.5,43094.57,363515.2,476949.8,1309932,48189.87,129510.9,471047.1,380683.6,428791.3,110967.9,120506.8,171434.7,213291.2,105835.5,178546.6,123184.3,130975.6,121459.3,109769.2,156790.4,127698.8,114084.3,1368018,20549.82,16241.68,117336.3,209293.5,153.17,1244238,4062113,40404.11,669579.2,437437.1,42373.38,55531.21
Scenario 2,93,1,Fake Positive News,93,TRADING,173517.2,198159.6,162639.5,277409.6,510170.9,462028.4,222788.2,392312.5,703456.1,1103494,347102.6,269694.3,1489246,20084,498848.8,43115.7,363749.5,476328.9,1311572,48269.21,129214.1,471067,380723.8,428430.6,110956.8,120522.3,171707,212933,105845.8,178805.1,123091.7,130950.5,121256.5,109695.8,156735.3,127726.6,114103.6,1369865,20545.53,16268.41,117365.4,209814,153.04,1245126,4063453,40490.34,668638.8,438249.5,42382.04,55456.46
Scenario 2,94,1,Fake Positive News,94,TRADING,173336.9,198622.7,162667.2,277361.3,511822.6,463896.6,222889.2,391318.9,703293.1,1105059,345473.4,270152.2,1493917,20138.96,498231.6,43160.11,363971.6,475739.9,1314640,48330.63,128857.9,471306.4,380709.2,428305.4,110835.1,120554.1,172052.3,212597,105867.7,179133.5,122877.9,130948.3,121002.7,109618.7,156798.5,127749.1,114069.9,1371190,20538.61,16293.79,117426,210294.5,153,1244361,4063834,40524.61,668257.5,439510.5,42380.48,55372.76
Scenario 2,95,1,Fake Positive News,95,TRADING,173078.2,199218,162585.4,277304.1,513411.5,465133.6,223127.5,389993,703253.2,1106701,344081.8,270579.2,1498002,20180.27,497907.9,43163.37,364586.1,475270.6,1317419,48361.94,128536.2,471030,380589.6,428582.3,110884.7,120561.2,172528.6,212066.5,105799.5,179447,122877,131001.9,120765.1,109589.5,156689,127730.6,113989.5,1373750,20542.07,16297.85,117358.1,210874.6,152.81,1246171,4065937,40586.8,667942.5,440556.9,42390.72,55348.59
Scenario 2,96,1,Fake Positive News,96,TRADING,172608,199690.2,162624.9,277097.7,514890.2,466324.8,223310.4,388797.1,703463.4,1108718,342760.8,271035.1,1501820,20217.4,497243.1,43191.23,364974.8,475066.5,1320427,48386.93,128399.8,471228.1,380756.5,428606.4,110719.9,120522.9,172718,211689.8,105880.4,179690.1,122781.2,131041.4,120567.2,109424.5,156712.2,127755.8,114044,1376489,20525.94,16292.19,117337,211509.8,152.61,1245782,4070560,40662.72,668357.7,441733.9,42377.58,55255.88
Scenario 2,97,1,Fake Positive News,97,TRADING,172554,200074.8,162694.9,276814.9,516519.9,467918.6,223549.5,387433.4,703582.2,1111004,341636.2,271441.5,1505695,20258.39,497291.9,43222.09,365396.6,475018.6,1321755,48394.66,128126,471407.4,380647.3,428531.1,110606.6,120499.5,172919.5,211457.5,105883.5,180068.9,122699.2,131068.8,120305.8,109191.8,156692.2,127765.3,114046,1378763,20531.47,16315.53,117338.1,211927.3,152.45,1247116,4072536,40749.83,668554.3,442753,42375.82,55174.36
Scenario 2,98,1,Fake Positive News,98,TRADING,172071.9,200538.8,162694.4,276639,518354.5,469261.7,223868.2,385892.6,703294.6,1113578,340380.4,271677.9,1509517,20296.26,496227.5,43259.62,365831.6,475025.1,1324533,48424.91,127699.4,471232,380817.6,428617,110339.1,120494.3,173091.2,210901.6,105856.3,180315.6,122645,131053.9,119947,109029.9,156680.1,127748.7,114008.3,1383102,20541.57,16310.24,117430.6,212649.3,152.23,1247822,4076173,40845.48,668315.7,443872.6,42372.02,55104.7
Scenario 2,99,1,Fake Positive News,99,TRADING,171644.1,200922.7,162769.4,276559.8,519626.7,470918.2,224149.9,384509.2,703472.3,1115573,339211.8,271990.4,1512100,20337.91,495283.6,43280.5,366331.2,474214.6,1327285,48411.99,127636.6,470543.4,380618.2,428519.4,110027.3,120483.3,173599.8,210932.9,105820.8,180466.5,122550.3,131038.6,119689.6,108898.4,156692.6,127738.4,114039.8,1385828,20539.64,16319.01,117518,213147.9,152.21,1249016,4083206,40917.83,668042,444891.5,42374.25,55047.95
Scenario 2,100,1,Fake Positive News,100,TRADING,171186.5,201243,162797,276452.7,521456.3,472501.1,224397.9,383448.6,703389.1,1117577,337786,272458.4,1515212,20374.01,494349.4,43269.08,366636.2,474006.8,1329950,48506.24,127492,470607.5,380659.7,428474.5,109857.9,120497.4,173892.1,210749.7,105906.7,180736.3,122524.5,131046.7,119478.1,108894.5,156730,127748.4,114001.6,1387399,20543.75,16327.28,117540.3,213467.9,151.9,1250789,4085501,41006.87,667632.8,445965.5,42362.51,54997.98
Scenario 2,101,1,Fake Positive News,101,TRADING,170900.1,201597.7,162870.6,276393.2,522867.7,473872.2,224446.5,382124.6,703363.8,1120160,336407.6,273074.5,1518725,20425.2,493429.1,43300.17,367062.2,473917.1,1332861,48581.64,127267.5,470387.8,380670.5,428679.4,109803.7,120516.9,174366.1,210363.3,105962.5,181057.2,122570.3,131079.4,119232.1,108738.8,156778.6,127757.7,114077,1389113,20557.61,16347.43,117498.7,214025.2,151.71,1249381,4088951,41098.4,667887.7,447115.6,42371.12,54900.7
Scenario 2,102,1,Fake Positive News,102,TRADING,170525.7,201923.2,162833.8,276468.9,524767.9,475238.9,224483.8,380655.1,703294.9,1122011,334961,273554.5,1521806,20459.99,492249.8,43354.35,367585.1,473611.1,1333693,48615.2,127034.9,470532.4,380747.8,428741.1,109512.6,120540.5,174543.4,209932.5,106042.5,181258.3,122487,131058.6,118959.1,108648.2,156838.7,127758.5,114076.7,1389868,20551.29,16362.48,117485.2,214673.2,151.51,1248041,4091210,41182.99,667529,447902.7,42381.07,54820.6
Scenario 2,103,1,Fake Positive News,103,TRADING,170162.5,202325.4,163007.2,276563.3,526736.5,476428.8,224836.3,379547.3,703443.9,1123263,333495.3,274108.3,1525419,20498.03,490984.2,43413.44,368137.4,473807.8,1335637,48636.11,126865.5,470500.7,380639.2,428739.9,109502.8,120498.9,174873.5,209681.3,105979.4,181587.9,122509.9,131021.7,118664.4,108553.8,156857.9,127818.5,114042.6,1391641,20550.55,16365.2,117611,215380,151.41,1248402,4092439,41243.42,665628.2,449024.6,42380.72,54740.6
Scenario 2,104,1,Fake Positive News,104,TRADING,169998.2,202669.3,163012.8,276566.3,528629.6,478075.5,225059.2,378473.9,703552.1,1125486,332156.2,274703.2,1530030,20547.88,490374,43453.9,368568.5,473199,1336605,48661.96,126614,470228.4,380665.5,428601.9,109386.5,120495.2,175372.1,209333.3,105992.4,181863.9,122622.9,131022.8,118454.6,108317.9,156877.6,127847.3,114006.7,1394201,20543.97,16372.78,117525.4,215950,151.2,1249037,4093981,41312.79,665824.1,449971.2,42390.52,54652.16
Scenario 2,105,1,Fake Positive News,105,TRADING,169663.3,203113.9,163133,276559.8,530440,479711.9,225496.9,377226.8,703711.7,1127739,330807.4,275184,1534559,20584.87,489304,43494.12,368953.3,472457.9,1338597,48674.82,126362.1,470413,380799.7,428248.1,109101.1,120455.1,175756.7,208893,106042.5,182227.4,122555.4,131064.4,118182.5,108217.9,156844.7,127836.1,114006.7,1397433,20555.5,16378.49,117421.9,216505.3,151.11,1250395,4094780,41374.54,666050.8,451027.2,42392.11,54630.19
Scenario 2,106,1,Fake Positive News,106,TRADING,169370.8,203611.4,163244.1,276341.1,532222.9,481053,225906.6,375970.4,703545.4,1129637,329439.6,276043.6,1539208,20613.46,488418.2,43488.14,369441.7,472208.3,1341306,48699.54,126342.9,470906.1,380790.4,428002.2,108856.6,120448.9,175881.6,208656.6,106065.2,182460.9,122504.9,131074.4,117902.5,108096.9,156828.5,127787.1,113928,1401748,20549.63,16399.32,117552.5,217003.7,151.02,1249756,4097368,41459.69,666078.8,452105.3,42399.45,54585.84
Scenario 2,107,1,Fake Positive News,107,TRADING,168906.1,204023.6,163304.2,276169.6,533898.3,482682.7,226206.4,374580,703494.7,1131787,328626.7,276355.3,1543641,20657.32,487567.9,43515.95,369568.3,471496.7,1344498,48799.55,126084.2,471007.1,380828.6,428026.2,108621.5,120469.1,176353.2,208374.1,106060.6,182786.9,122361,131108.4,117599,108009.5,156752.4,127834.2,113959.8,1406142,20557.82,16426.67,117538,217527,150.82,1250929,4099442,41528.96,665980.2,453247.5,42390.7,54471.26
Scenario 2,108,1,Fake Positive News,108,TRADING,168623.3,204620.3,163222.8,276007.3,535685.4,484474.3,226378.5,373306.5,703538.4,1134679,328626.7,276829.5,1547869,20688.36,486715.1,43524.18,369958.9,470441.1,1347484,48877.93,125807.9,470978.6,380908.7,427869.7,108446.7,120476.4,176587.3,208091.6,106192.3,183143.4,122366.8,131114.9,117316.5,107847.7,156766.5,127827.8,114029.9,1408685,20555.54,16446.65,117537.2,218036.5,150.61,1251249,4100881,41611.63,666043.3,454293.8,42393.18,54381.33
Scenario 2,109,1,Fake Positive News,109,TRADING,168311.6,205085.8,163245.6,275902,537639.6,486184.7,226757.5,371895.9,703687.3,1136348,329066.4,277398.1,1550287,20729.33,485479,43532.94,370253.7,470244.7,1350170,48936.63,125362.3,471163.4,380808.1,427920.6,108245.6,120464.5,176975.2,207723.6,106152.6,183375.4,122419.9,131122.7,117029.2,107568.2,156773.6,127846.5,114074.8,1412969,20567.4,16488.54,117432,218742.9,150.38,1251719,4104626,41689.07,666192.3,455434.7,42375.38,54315.02
Scenario 2,110,1,Fake Positive News,110,TRADING,167844.5,205442.6,163292,275648.9,539329.5,487466.9,226948.7,370647.3,703647.5,1138738,329657.7,277753.7,1554153,20770.04,484940.1,43583.84,370732.3,469695.8,1351095,49006.05,125057.9,471108.9,381004.2,427615.7,107979.2,120445.7,177365.2,207290.5,106109.5,183637.4,122342.7,131088.2,116793.2,107402.2,156796.4,127838.1,114109.3,1415461,20574.69,16499.6,117366.2,219316.3,150.25,1252598,4105393,41796.43,665975,456532.8,42385.86,54230.01
Scenario 2,111,1,Fake Positive News,111,TRADING,167690.2,205955.6,163257.9,275649.9,541233.4,489007.1,227099.6,369223,703759.1,1140926,330212.9,278057.3,1558299,20809.72,483886.6,43605.74,371307.8,469811.6,1353469,49029.27,124621.2,471264.2,381037.6,427503.1,107764.4,120416.7,177600.6,206882.7,106183,183956.2,122288.5,131061.3,116495.2,107128.5,156802.9,127840,114129.9,1415768,20588.45,16530.73,117457.6,219868.6,150.14,1254057,4106318,41878.14,665489.4,457457.9,42391.66,54188.13
Scenario 2,112,1,Fake Positive News,112,TRADING,167250,206543.4,163459.3,275648,542205.7,490671,227332.9,367846.5,703681.2,1142677,330620.9,278423.2,1561221,20846.14,482905.9,43635.05,372162,469103.5,1357305,49075.48,124378.4,471451,381246.4,427481.4,107549.9,120410.6,178085.2,206205.6,106194,184197,122385,131052.7,116317.2,106931.1,156819.6,127846.2,114142.1,1418683,20574.58,16544.44,117557.1,220252.6,150.07,1253838,4106112,41939.03,665013.3,458270.1,42389.7,54180.92
Scenario 2,113,1,Fake Positive News,113,TRADING,166833.8,206956.4,163507.2,275385.6,543911.1,492007.4,227464.3,366568,703778.2,1145064,331218.9,279154.3,1564436,20890.61,481885.5,43629.53,372570,468953.6,1360096,49100.73,124292.6,471190.1,381248.6,427406.5,107333.7,120407,178472.5,205808.3,106127.6,184412.3,122380.8,131048.5,116007.8,106729.8,156773.8,127849.7,114217.3,1420649,20584.22,16572.56,117561.4,220767.1,149.83,1253735,4110909,42004.93,664459.9,458957.1,42386.88,54133.72
Scenario 2,114,1,Fake Positive News,114,TRADING,166554.2,207348.7,163479,275480.7,545631.1,493484.6,227756.2,365191.3,703852.2,1146901,331596.8,279593.4,1568373,20942.47,481066.8,43642.32,373244.5,469006,1362098,49165.93,123897.3,471066.7,381244.3,427552.5,107197.4,120438.4,178933.8,205277.7,106083.3,184651.5,122289.8,131039.6,115814.8,106490.3,156791.6,127916.8,114207.2,1424530,20597.35,16573.93,117520.6,221321.4,149.8,1253119,4115842,42127.25,663844.3,460086.5,42381,54059.29
Scenario 2,115,1,Fake Positive News,115,TRADING,166276.6,207943.5,163622.7,275519.6,547181,495035.4,227947.4,364081.1,703713.5,1149207,332277.7,279810.8,1571762,20989.03,480228.2,43660.81,373495,468947.5,1366534,49172.26,123610.9,470899.8,381029.3,427482.7,107148.2,120453.5,179236.4,204870.7,106061,184851.1,122424.2,131015.8,115611,106447.9,156808.2,127889.5,114293,1425765,20597.3,16596.81,117668.7,222221.5,149.8,1255154,4118368,42226.09,663187.5,461406.3,42370.96,53939.7
Scenario 2,116,1,Fake Positive News,116,TRADING,166042.4,208525.9,163592.8,275225.9,548912.8,496719.6,228304.6,362693.1,703774.7,1151130,332966,280324.4,1575159,21032.78,479603,43642.72,373611.6,468394,1366904,49187.81,123335.5,470944.1,380864.6,427308.9,107077.3,120473.3,179607.1,204386.9,106095.7,184881.1,122428.8,131030.3,115290.4,106406.7,156788.1,127902.2,114248.4,1429192,20614.78,16585.98,117681.3,222811.9,149.7,1256560,4123904,42290.01,662646.7,462376.6,42367.79,53859.01
Scenario 2,117,1,Fake Positive News,117,TRADING,165888.4,209108.6,163540.6,275212.9,550117.2,498228.2,228477.9,361394.2,703696.7,1153550,333454.2,280493.4,1579121,21069.36,478275.3,43674.92,374156.8,467619.9,1369986,49216.99,123129.4,470707.2,381090.7,427180.8,106838.6,120500.9,179845.2,204443,106189.6,185251.9,122479,131028.9,115086,106310.8,156788.1,127875.3,114266.9,1431924,20613.39,16623.07,117668.9,223371.2,149.5,1256823,4128018,42337.38,662964,463669.8,42362.22,53769.35
Scenario 2,118,1,Fake Positive News,118,TRADING,165523.4,209687,163618.5,275270.7,551938.1,499649.6,228781.8,360322.2,703716.3,1155887,333958.2,281046.4,1583023,21118.01,477295.3,43668.48,374845.5,467562.5,1371378,49205.81,122827.4,470567.6,381218.3,427216.9,106694.1,120482.5,180100,204035.7,106196.9,185415.5,122339.7,131037,114738.8,106145.4,156852.8,127812.5,114275.9,1430571,20613.17,16646.89,117641.3,223766.7,149.1,1256896,4133740,42431.77,662052.2,464627.8,42375.52,53687.59
Scenario 2,119,1,Fake Positive News,119,TRADING,165186.2,210029.6,163647.2,275066,553541.5,501092.8,229128.3,359124.1,703733.7,1157905,334631.8,281670.8,1586231,21169.22,476595,43682.44,375398.8,467520.2,1374108,49218.96,122588.6,470821.8,381223.9,427002.4,106447.9,120454.9,180314.5,203853.2,106155.1,185644.6,122315.9,131044.4,114480.4,105970.2,156784.9,127787.2,114304.5,1434307,20617.3,16666.46,117617.1,224346.9,148.98,1256331,4137228,42534.68,661573,465718.8,42369.4,53657.28
Scenario 2,120,1,Fake Positive News,120,TRADING,165012.4,210424.6,163896.1,274760.4,555082.2,502646.6,229315.8,357694.9,703843.5,1159358,335091.4,282180.7,1590429,21212.73,475366.4,43688.71,375471.5,467560.7,1376709,49276.28,122388.5,470909.9,381145,427069.6,106265.3,120452.9,180595.5,203242.4,106134.6,185914.5,122233.8,131070.5,114250.2,105819.7,156739.8,127811.9,114317,1437055,20621.32,16680.63,117637.4,224836.4,148.87,1257107,4141232,42601.61,661185.6,466761.7,42381.42,53580.94
Scenario 2,121,1,Fake Positive News,121,TRADING,164626.8,210679.3,163955.2,274602.8,557058.7,503785.5,229641.9,356329.8,703663.3,1161571,335570.9,282779.6,1594363,21243.88,474468.9,43719.18,375660,466617,1381617,49294.19,122082.8,470667,381238.1,427018.7,106208.1,120458.1,180850.8,202918.3,106117,186157.7,122316.1,131026.8,113983.3,105765.8,156760.6,127788.8,114311.6,1440261,20640.3,16688.45,117625.7,225471.7,148.62,1257729,4141904,42649.11,659849.8,467990.1,42372.64,53492.63
Scenario 2,122,1,Fake Positive News,122,TRADING,164263.8,211027.6,163934.6,274544.2,558580.6,505086.5,229870.3,356995.7,703652.2,1163309,336002.2,283456.9,1598624,21292.73,473636.9,43745.18,376083.8,465485.5,1383825,49343.74,121798.3,470934.7,381236.2,426731.1,106039.1,120473.6,181136.5,202537.3,106055,186321.7,122232.6,131009.9,113728.3,105695.9,156722.2,127771,114331.6,1444935,20652.63,16689.18,117630.1,225856.7,148.49,1258965,4142454,42717.42,659374.4,468842.2,42374.84,53414.87
Scenario 2,123,1,Fake Positive News,123,TRADING,163912.1,211431.9,163953.3,274455.4,559818.2,505916.4,230036.6,357762.9,703620.9,1165906,336488.4,283967.4,1602197,21329.5,472364.3,43720.73,376710.3,464924.7,1385398,49423.98,121490.2,471150.7,381268.7,426777.5,105885.1,120476.5,181414.4,202184.8,106052.2,186461.2,122369.5,131007.5,113437.5,105604.3,156682.3,127786,114307.4,1447280,20662.34,16700.98,117629.2,226608.2,148.43,1261318,4143761,42782.38,659600.8,469761.9,42377.26,53371.66
Scenario 2,124,1,Fake Positive News,124,TRADING,163405.9,211825.3,164060.4,274621.2,560853.6,507080.8,230253.7,358277.2,703702.5,1168169,337076.1,284410.3,1606451,21381.1,471449,43749.75,376989.7,464674,1389039,49458.14,121311.6,471267.9,381252.3,426734.3,105892.4,120460,181863.7,202350.3,106012.8,186791.1,122440.8,131009.9,113135,105359.6,156698.7,127735.3,114337.9,1451599,20657.12,16716.63,117761.9,227154.4,148.37,1262333,4142116,42860.06,660216,470373.8,42388.86,53320.11
Scenario 2,125,1,Fake Positive News,125,TRADING,163004.5,212324.7,164025.3,274505.3,562623.6,508750.1,230621,358925.5,703751,1170367,337790.4,284845,1609967,21425.54,470735.7,43749.99,377428.5,464189.7,1390375,49502.39,121196.9,471363.6,381363.2,426525.6,105632.3,120438.3,182151.1,202129.4,105954.6,187044.5,122458.2,131019.2,112880.7,105177.2,156708.7,127708.6,114320.5,1452587,20661.72,16734.09,117743.4,227671.8,148.23,1262556,4144192,42930.35,659919.7,471399.5,42388.01,53234.82
Scenario 2,126,1,Fake Positive News,126,TRADING,162762.2,212767.3,163935.9,274552.1,564453.4,510687.4,230888.1,359750.2,703725.3,1172569,338414.9,285288.6,1614414,21474.15,470047.8,43794.96,377945.7,464112.6,1393455,49516.47,121057.1,471045,381442.6,426420.3,105525.8,120373.5,182585.1,201829.5,105983.5,187115.7,122268.7,131050.9,112622.1,105058.4,156701.9,127675.6,114275.3,1456027,20664.52,16759.24,117901.1,228250.2,148.04,1263262,4151275,43028.49,659512.9,472542.2,42381.39,53198.47
Scenario 2,127,1,Fake Positive News,127,TRADING,162312.8,213317.3,164060.3,274468.1,566134.4,512029.2,231143.9,360120.9,703671.6,1173832,339020.1,285793.3,1619091,21519.09,469139.8,43817.05,378590.2,463067.9,1395121,49560.05,120781.7,470675.3,381433.1,426427.3,105331.2,120366.3,182848.7,201493.4,105948.6,187360.3,122327.4,131089.5,112431.6,104958.7,156641.8,127656.2,114305.2,1457674,20663.75,16765.52,118055.9,228878,147.78,1264262,4154857,43094.1,659069.1,473451.3,42383.48,53111.76
Scenario 2,128,1,Fake Positive News,128,TRADING,161948.8,213706.5,164136.8,274191,567954.2,513653.4,231283.5,360430.4,703483,1175787,339401.4,285983.6,1623708,21560.25,468411.8,43842.2,379167.2,462669.4,1398867,49543.83,120396.2,470694,381512.5,426048,105190.6,120398.3,183377.6,201136.2,105970.4,187752.1,122344.1,131150.3,112210.6,104792.7,156586.9,127589.1,114250.1,1458744,20682.43,16783.65,118073.2,229651.9,147.7,1265671,4153810,43176.35,659130.5,474018.6,42374.25,53051.67
Scenario 2,129,1,Fake Positive News,129,TRADING,161839.1,214128.4,164263.7,274046.5,569686.8,515037,231662.2,361245.6,703568.6,1177330,339893.7,286306.6,1628218,21593.18,467231.6,43849.08,379664.7,462001,1401672,49549.87,120021.8,470661.6,381526.2,426356.4,105062.5,120411.8,183675.8,201015.6,105968.2,187983.8,122377,131173.4,111955.7,104608.5,156579.5,127565.9,114274.8,1461045,20690.26,16784.62,118051,229917.6,147.35,1266443,4157750,43217.26,659475.8,474895.9,42371.76,52961.36
Scenario 2,130,1,Fake Positive News,130,TRADING,161563.6,214677.2,164263.3,273900.5,571497.1,516487.4,231829.1,361736.3,703566.8,1180248,340589.9,286688.6,1631249,21646.52,466336.9,43841.17,380095.5,462251.3,1402397,49572.94,119852.7,470190,381395.5,426074,104782.7,120391.3,184100.2,200970.4,105962.6,188211.4,122329.6,131182,111670.2,104454.8,156576.7,127584.8,114261.4,1463346,20702.85,16815.52,118085.5,230660,147.25,1267113,4160197,43301.32,659603.3,476378.3,42357.57,52867.58
Scenario 2,131,1,Fake Positive News,131,TRADING,161183.6,214965.8,164169.1,273769.4,573474.8,517661.8,232159.9,362348.5,703583.9,1182135,341150.8,287073.9,1635449,21691.71,465252.5,43857.01,380654.4,462059.1,1403384,49662.98,119580.8,470259.3,381387.9,425877.3,104580.4,120428.6,184424.7,200935.5,106007.9,188543.8,122306.7,131219.8,111423.3,104216.9,156584.4,127557.3,114299.4,1466909,20707.09,16848.82,118206.5,231335.2,147.1,1268415,4162693,43346.03,659755.2,477386,42354.53,52802.89
Scenario 2,132,1,Fake Positive News,132,TRADING,160981.3,215393.1,164316.7,273748.3,574680.8,518987.2,232338.6,362722.9,703511.5,1184464,341691.7,287613.4,1640126,21740.27,464308.5,43868.26,381081.9,462041.2,1406044,49702.44,119409.8,470066,381323,426037.5,104345.7,120448.7,184798,200833.8,106019.2,188822.3,122321.5,131227.8,111192,104082.6,156640.7,127512,114318.8,1469387,20690.33,16890.37,118259.4,232060.8,146.86,1269782,4167460,43402.12,660321,478365.9,42354.7,52729.27
Scenario 2,133,1,Fake Positive News,133,TRADING,160521.7,215855.1,164310.8,273445.3,576746.3,520688.1,232608.9,363331.6,703469,1186286,342073.3,288276.5,1643131,21789.72,463135.7,43865.5,381592.2,461423.1,1406001,49725.61,119016.7,470030.3,381528.9,426141.5,104256.2,120434.4,185094.7,200464.8,105959.1,189221.1,122304.9,131243.4,110980.9,104032.3,156627.2,127510.9,114251.6,1472584,20689.41,16917.3,118278.8,232609.4,146.62,1272342,4167022,43485.48,659593.2,479054.5,42367.88,52657.69
Scenario 2,134,1,Fake Positive News,134,TRADING,160409.5,216275.5,164462.1,273337.9,578314.3,522239.3,232758.4,363951.2,703442.8,1188658,342689.5,288492.7,1646206,21835.1,462790,43887.66,381846.2,461303.6,1406616,49751.48,118790.1,469815.5,381652.6,425897.9,104103.5,120462.2,185546.5,199820.8,105922.9,189332.2,122260.3,131251.6,110689.2,103918.5,156620.3,127517.8,114256.7,1476262,20708.59,16947.21,118450.3,233182.1,146.44,1272953,4170106,43567.71,660338.9,480486.6,42359.23,52567.5
Scenario 2,135,1,Fake Positive News,135,TRADING,160214.3,216608.3,164465.8,273258.3,580079.1,524277.2,233085.8,364571.4,703386.8,1190330,343350.7,289136.3,1651079,21878.81,462008.1,43905.03,382309,460765.1,1409512,49771.43,118666.3,469735.1,381809,425884.1,104024.1,120457.8,185907.4,199661,105945.9,189619.7,122238.4,131259.4,110355.7,103820.2,156630.9,127465.7,114298.7,1477649,20718.79,16987.66,118369.4,233722.2,146.21,1272168,4171862,43658.66,659377.4,481349.2,42359.8,52506.75
Scenario 2,136,1,Fake Positive News,136,TRADING,159653.5,216970.3,164404.2,273272.9,581836,525715.3,233533.5,365304.3,703417.9,1193471,343922.9,289442,1655608,21925.92,461332.1,43880.09,382935.9,460535.4,1410220,49778.4,118394.1,469729.7,381897.3,425735.3,103751.2,120446.6,186255.1,199320.6,105936.1,189928.4,122189.5,131273.7,110089.7,103721.4,156701.9,127484.9,114300,1479466,20721.12,17020.25,118463.2,234349.3,145.98,1272126,4172542,43583.14,658018.2,482599,42351.23,52453.56
Scenario 2,137,1,Fake Positive News,137,TRADING,159319.8,217336.1,164464.8,273258.7,583321.3,527501.2,233851.2,365805.5,703646.7,1191493,344470.3,289792.8,1660540,21972.49,460836,43916.52,383226,460406,1412751,49816.72,118205.1,469193.8,381928,425756.3,103573.3,120441.2,185947.2,198883.2,105836.8,190109.5,122156,131297.4,109802.7,103602.1,156731.1,127478.3,114226.1,1481174,20728.71,17036.2,118458.8,234964.5,145.79,1270634,4176283,43519.32,659119.3,483914.3,42359.12,52375.02
Scenario 2,138,1,Fake Positive News,138,TRADING,158988,217757.9,164603.3,272972,585177.7,528424.5,234168.9,366110.8,703653.5,1189325,345277,290526.1,1664901,22005.24,459563.3,43931.57,383517.1,460164.5,1414201,49899.89,118033.7,469310.9,381971.9,425319.1,103342.7,120390.7,185802.7,198575.6,105838.8,190319.9,122145.8,131291.3,109535.3,103454.3,156756.2,127453.6,114288.4,1483302,20727.21,17064,118532.9,235701.3,145.53,1270928,4179275,43458.15,659755.2,484928.4,42360.75,52327.48
Scenario 2,139,1,Fake Positive News,139,TRADING,158723.5,218285.7,164676.3,272982.6,586608.1,529852.1,234402.6,366639.8,703652.9,1188319,345797.3,290922.1,1668988,22053.56,458723.9,43950.05,383948,460257.2,1415543,49920.41,118004.1,468578.5,382136.7,425534.6,103219.8,120420.5,185679.1,197982,105782.7,190427.1,122126.7,131291.3,109269.4,103329,156735.3,127490.9,114344.2,1486287,20741.21,17103.94,118485.1,236191.8,145.33,1269974,4182604,43367.01,659505.7,485864.3,42363.13,52268.17
Scenario 2,140,1,Fake Positive News,140,TRADING,158383.6,218806.5,164686,272901.7,588746.8,531174,234516.9,367477,703745.8,1185883,346499.8,291107.2,1672107,22088.22,457855.9,43967.11,384342.6,459725.9,1417728,49973.97,117764,468624.9,382228.8,425245.5,103066.5,120423.9,185385.8,197621.1,105782.4,190625.4,122203.8,131284,108978.5,103293.7,156677.4,127484.9,114314.7,1487816,20749.92,17123.18,118421.7,236792.8,145.24,1270940,4184234,43311.89,659259.5,486731.5,42358.42,52167.4
Scenario 2,141,1,Fake Positive News,141,TRADING,158083.3,219153.9,164874.3,272758,590332.7,532596.1,234617.9,368131.9,703461.9,1184642,347278.4,291450.5,1676303,22128.81,456500.8,44005.97,384785.8,459973.6,1419102,49994.3,117555.5,468321.3,382367.5,425334.1,102837.3,120429.4,185284.4,197290.3,105738.1,190856.5,122200.4,131280.5,108768.5,103149.4,156645.8,127487.1,114248.2,1490301,20772.79,17139.65,118447.9,237324.1,145.12,1271963,4186907,43259.21,658962.5,487955.6,42372.42,52072.94
Scenario 2,142,1,Fake Positive News,142,TRADING,157779.6,219377.2,164914.8,272785.9,591914.4,534147.9,234667.1,368418.7,703285.5,1183366,348029.6,292195.7,1678478,22166.87,454989.1,44002.12,385060.3,459233.6,1421771,50022.69,117281,468282.1,382400.8,425037.5,102533.4,120451.5,185023.9,197103.4,105772.3,191106.7,122223.2,131298,108513.7,102960.3,156697.1,127498.3,114222.1,1492963,20785.72,17149.67,118453.6,238047.3,144.98,1272557,4188010,43195.89,657806.5,488949.9,42376.33,51977.38
Scenario 2,143,1,Fake Positive News,143,TRADING,157422.5,219795.6,164942.4,272604.6,593545,536128.7,235036.3,368909.3,703132.7,1181620,348682.6,292681.2,1683182,22218.81,454107.7,44049.58,385697.1,458713.7,1423362,50029.85,117052.9,467946.3,382493.2,424908.2,102273.1,120434.8,184764.2,196866.7,105784.2,191349.2,122187.8,131274.3,108274.6,102817.3,156655.2,127487.1,114101.7,1495489,20807.26,17181.33,118533.1,238516.8,144.7,1274053,4188697,43136.68,656842,489827.2,42359.9,51913.24
Scenario 2,144,1,Fake Positive News,144,TRADING,157039.4,220246.7,164957.3,272578.6,595779.5,537954.7,235193.5,369524.1,703251,1180969,349416.1,293398.1,1687934,22257.17,452871.3,44082.76,386079.8,458438.6,1426731,50044.53,116853.7,468160.4,382564.3,424650.9,102218.4,120452.2,184408.8,196118.8,105767.3,191612.1,122078.8,131298.4,108056.8,102713.9,156660.5,127469.3,114111.1,1495964,20780.85,17205.01,118533.3,239244.1,144.58,1276024,4189421,43044.67,656183.2,490983.4,42338.72,51813.81
Scenario 2,145,1,Fake Positive News,145,TRADING,156584.3,220577.3,165040.3,272679,597155,539009.7,235373.7,370234.8,703384.6,1178569,350050.9,293839.4,1690492,22307.09,451831,44138.4,386706.6,457520.4,1429844,50133.85,116783.8,467934,382466.6,424721.7,102019.8,120491.9,184067.9,196132.6,105730.5,191893,122069.6,131312.1,107726.4,102629.3,156705.8,127442.2,114078.3,1499216,20807.33,17236.1,118696.4,239834,144.58,1276724,4193751,42988.94,655631.6,491699.2,42351.41,51679.11
Scenario 2,146,1,Fake Positive News,146,TRADING,156119,220980.5,164914,272611.4,598528,540656.5,235489.6,370714.8,703379.1,1177085,350555.4,294524.5,1695598,22356.13,451011.6,44149.91,386838.1,457000.6,1432827,50181.52,116680.8,467710.2,382671.4,424722.9,101914.8,120473.7,183895.8,195894,105744.6,192184.1,122018.8,131296.4,107517.1,102517.8,156685,127427,114100.2,1502308,20801.73,17251.89,118836.6,240368.6,144.43,1276303,4195885,42941.83,655464.9,492649,42352,51617.64
Scenario 2,147,1,Fake Positive News,147,TRADING,155880.4,221400.4,164794.6,272920.5,600046.8,542494,235406.4,371258.9,703337.8,1175565,350923.8,295221.4,1698672,22386.06,450235.8,44145.68,386929.7,456283.9,1434606,50091.05,116973.1,468022.1,382532.1,424926.5,101688.6,120416,183781.1,195450.1,105740.2,192386.1,122043.1,131309.4,107274.7,102621.2,156640.5,127437.3,114192.6,1505031,20833.51,17227.94,118923.2,240726.7,144.56,1275779,4189588,42911.87,656437.3,493631.5,42360.74,51642.16
Scenario 2,148,1,Fake Positive News,148,TRADING,155642.1,221718.9,164667.1,272551.6,601703.7,543976.2,235361.5,371985.6,703479,1173900,351432.6,295544.2,1702253,22428.17,449103.7,44128.56,387057.9,456382,1435339,50053.05,117105.9,468168.3,382485.1,424789.9,101432,120401.7,183555.2,195144.2,105703.9,192536.7,122064.5,131316.3,107019.3,102761.9,156685.6,127429,114094.3,1509157,20836.11,17197.29,119000.4,241404.5,144.74,1275520,4186586,42856.04,657029.8,494583.3,42363.84,51706.19
Scenario 2,149,1,Fake Positive News,149,TRADING,155331.2,222198.8,164343.5,272421.2,603628.9,545607.8,235581.1,372555.1,703792.1,1171914,352059.5,296129,1706160,22467.71,448472.1,44088.69,387367.2,456284.8,1437299,50019.45,117361.1,468554,382511.7,424817.6,101386.7,120402.3,183298.4,194495.4,105671.8,192785.1,122096.2,131322.4,106717.2,102866.2,156683.7,127462.7,114131.7,1513040,20861.37,17171.8,119070.1,242100.1,145.01,1276263,4184082,42805.95,657989.7,495309.2,42381.16,51731.98
Scenario 2,150,1,Fake Positive News,150,TRADING,155004,222694.3,164049.4,272269.4,605272.6,546623.1,235439.7,373195.4,703530.1,1170876,352613.1,296491.6,1709385,22506.31,447557.5,44049.76,388188.9,455966.4,1439068,49995.84,117544.2,469267.8,382616,424975.1,101281.7,120381.2,182989.9,194200.1,105630.3,192997.5,122230,131307.8,106539.8,102868.6,156671.5,127486.5,114139.1,1516156,20854.88,17193.29,119044.4,242769,145.19,1276931,4182177,42776.11,658452.2,496372.4,42390.28,51771.59
Scenario 2,151,1,Fake Positive News,151,TRADING,155004,222694.3,164049.4,272269.4,605272.6,546623.1,235439.7,373195.4,703530.1,1170876,352613.1,296491.6,1709385,22506.31,447557.5,44049.76,388188.9,455966.4,1439068,49995.84,117544.2,469267.8,382616,424975.1,101281.7,120381.2,182989.9,194200.1,105630.3,192997.5,122230,131307.8,106539.8,102868.6,156671.5,127486.5,114139.1,1516156,20854.88,17193.29,119044.4,242769,145.19,1276931,4182177,42776.11,658452.2,496372.4,42390.28,51771.59
Scenario 2,152,1,Fake Positive News,152,TRADING,154610.8,223037.6,164064.8,272098.9,606873.5,548350.4,235338.9,373685.4,703266.8,1168722,353263.7,296833.6,1712672,22542.81,446563.9,44089.08,388615.5,455839.4,1440902,49979.87,117702.2,469732.5,382743.3,425008.6,101027.8,120375.6,182789.1,193697.9,105653.3,193247.5,122125.2,131307.3,106304.5,102879.9,156636.1,127512.1,114166.9,1519923,20864.87,17208.92,119138.3,243365.1,145.4197,1276362,4178104,42714.9,659226.8,497345.3,42375.24,51762.12
Scenario 2,153,1,Fake Positive News,153,TRADING,154469,223525,163952.4,271862.7,607817.3,549230.5,235123.9,374229.8,703113.1,1167170,353830.2,297434.6,1718303,22590.44,445790.6,44103.79,388966.4,455845.5,1442587,49916.45,117876.2,470379.8,382884.7,424905.7,100876.7,120388.3,182495.9,193636,105645.5,193459.8,121916.2,131280.2,106050,102885.7,156603.6,127498.7,114173.2,1521713,20890.68,17198.68,119215.7,244077.3,145.7791,1277135,4177230,42656.15,660388.6,498359.6,42373.16,51788.37
Scenario 2,154,1,Fake Positive News,154,TRADING,154112.7,224050.7,163724.8,271771.9,609515,550385.1,234998.1,374855.4,703175.4,1165681,354546.1,297580,1721770,22632.41,444434.8,44067.87,389363.9,455804.6,1444784,49846.06,118169.7,470616.8,382931.6,424790.8,100773,120401.6,182398.3,193194.6,105605.5,193749.6,121976,131283.3,105759.7,103002.9,156660.1,127495.3,114126.9,1524732,20898.4,17191.51,119226.6,244831.8,145.9988,1277706,4172325,42590.76,661945.3,499289.7,42364.86,51813.79
Scenario 2,155,1,Fake Positive News,155,TRADING,153765.8,224475,163654,271371.8,611027.4,551740.6,234886.8,375596.7,703399.7,1164071,354801.4,298403.4,1726408,22672.47,444300.3,44088.92,389843.2,455781.9,1446192,49826.42,118383.2,471013.7,382710.2,424678.6,100733.9,120384.6,182148.2,192882.6,105642.1,193953,121990.1,131259.6,105517.9,103109.1,156712.5,127476.7,114182.3,1530028,20906.96,17194.36,119267.8,245439.1,146.2484,1278636,4169259,42527.14,663004.2,500244.3,42368.09,51836.17
Scenario 2,156,1,Fake Positive News,156,TRADING,153331.4,224954.8,163417.8,271255.9,612917.4,553254,234647.4,376250.6,703540.4,1162472,355456.9,298898.7,1730827,22715.71,443543.6,44077.89,390131.8,455448.2,1446805,49799.55,118593.3,471780.4,382653,424847.5,100587,120335.6,181972.9,192708.2,105644.3,194109.4,121891.7,131265.7,105268.8,103155,156753.3,127471.7,114168.2,1534509,20907.08,17193.94,119157.2,246231.8,146.3582,1278280,4164927,42480.74,663792.4,501397.5,42370.6,51857.12
Scenario 2,157,1,Fake Positive News,157,TRADING,152982.1,225342.9,163056.1,271214.4,614510.5,554903.8,234742.2,376551.2,703582.9,1160268,356007.2,299141.6,1735486,22765.52,442532.5,44110.41,390571.6,455450.5,1448530,49758.58,118824.7,472560,382628.9,424864.8,100387.4,120322.9,181760.6,192568.4,105601.6,194375.9,121954.2,131253,104973.1,103346.1,156781.2,127469.4,114184.8,1538778,20902.04,17210.7,119156.2,246704.3,146.5779,1278565,4162641,42392.49,663686.1,502139.6,42374.25,51867.29
Scenario 2,158,1,Fake Positive News,158,TRADING,152376,225732.8,162895.7,271071,616208.7,556235.7,234606.6,377328,703375.4,1158862,356613.5,299422.2,1738690,22805.45,441396,44111.05,390935.9,455475.4,1450526,49741.7,118906.9,472882.6,382534.4,425132.4,100238.7,120301.6,181354,191830.8,105591.7,194562.5,121915.7,131236.3,104738.5,103504.3,156802.9,127469.3,114142.1,1542273,20907.85,17212.19,119163.7,247288.4,146.6578,1278847,4159501,42311.11,665054.7,503318.5,42373.66,51933.02
Scenario 2,159,1,Fake Positive News,159,TRADING,152121.1,226199.5,162665.5,270778.4,617736.3,557412.4,234616.8,377526.4,703248.5,1156621,357262.3,300075.8,1743521,22857.18,440254.3,44063.6,391382.1,454882.8,1453816,49677.4,119140.5,473249.9,382718.5,425230.9,100117.9,120320.5,181231.4,191373.6,105536.9,194825.1,121902,131200.5,104428.4,103682.8,156881.8,127458,114143.2,1542951,20915.91,17216.97,119069.8,247702.8,146.7676,1279092,4156534,42239.76,666272.4,504085,42389.55,51963.69
Scenario 2,160,1,Fake Positive News,160,TRADING,152005.1,226629.3,162486.9,270435,619199.2,558929.7,234606.5,378199.4,703301.3,1154977,357806.8,300506.2,1746811,22890.91,439548.2,44064.47,391869,455057.6,1455836,49588.3,119296.9,473445.4,382683.7,425623.2,99994.46,120329.8,180958.7,190876,105590.8,195051.6,121858.9,131222.9,104151.5,103728.6,156847.4,127455.1,114207.7,1547510,20912.53,17216.57,118909,248367.3,146.9274,1279211,4151009,42181.63,667096.4,505008.2,42374.25,51985.56
Scenario 2,161,1,Fake Positive News,161,TRADING,151719.3,227085.6,162350.7,270319.6,620108.5,559914.3,234579.1,378717,703268.6,1153722,358230.7,301069.5,1751774,22940.34,438673.8,44006.88,392512,455532.8,1458496,49535.75,119508.4,473670,382464.5,425953,99811.95,120300.5,180713.9,190310.1,105569.6,195361.5,121886.2,131225.7,103921.7,103856.6,156849.6,127423.1,114125.1,1549867,20939.47,17206.07,118859.7,248632.9,147.147,1281413,4147754,42121.28,667077.5,506217.7,42375.78,52000.13
Scenario 2,162,1,Fake Positive News,162,TRADING,151313,227597.9,162214.6,270260.9,621639.7,561294.9,234353.2,379017.7,703122.8,1151352,358790.3,301551.5,1755435,22981.01,437665.8,43970.32,392903.1,455315.6,1461306,49516.57,119513.5,474521.9,382543.9,426268.8,99780.15,120335.9,180596.7,190088.3,105515.8,195657.5,121800.7,131188.4,103637.8,103936.9,156788.9,127436.8,114147.5,1552596,20947.45,17214.62,118904.9,248965.5,147.4466,1280326,4146350,42036.03,669167.3,506930.8,42369.67,52058.56
Scenario 2,163,1,Fake Positive News,163,TRADING,150975.8,228001.8,162018.8,270118.5,623265.1,562225.4,234368.7,379576.4,703258.7,1149307,359428.1,301877.2,1759245,23024.84,436610.3,43933.8,393789.2,455333,1462672,49431.81,119795.8,475059.8,382566,426374,99744.85,120319.1,180295.7,189569.9,105456.3,196026.2,121840.4,131158.9,103398.2,103966.1,156869.3,127442.4,114220,1555362,20944.77,17190.89,119005.6,249791.2,147.6862,1279751,4143872,41952.97,670572.2,507717.5,42351.48,52133.02
Scenario 2,164,1,Fake Positive News,164,TRADING,150661.8,228389.8,161874.2,269976.7,625622.4,563736.3,234117.2,379966,703496.1,1147928,359820.9,302540,1761767,23068.67,434636,43904.74,394251.2,455282.9,1465424,49416.01,119962.1,475945.2,382359.7,426558.2,99589.97,120317.6,179972.1,189173.7,105431.1,196366.5,121714.9,131157.9,103097.3,104151.8,156842.9,127450.8,114165.7,1556467,20947.84,17206,119115.1,250353.8,147.9159,1279958,4140954,41900.11,671604.8,508671.6,42340.25,52167.48
Scenario 2,165,1,Fake Positive News,165,TRADING,150249.7,229053.9,161724.8,269718.7,627293,565038.9,234062.4,380716.6,703449.8,1146715,360348.6,302989.6,1765723,23111.33,433467.9,43925.36,394755,454489.8,1465247,49388,120037.6,476583.9,382224.4,426690.6,99333.42,120292.7,179886.9,188993.9,105423.6,196581.5,121544.8,131123.9,102764.3,104279.8,156909,127425.2,114109.2,1560863,20967.73,17205.13,119204.5,250854.6,148.1555,1280710,4137551,41856.45,671593.3,509473,42351.21,52145.92
Scenario 2,166,1,Fake Positive News,166,TRADING,149568.7,229472.5,161444.3,269589.7,629061.9,566252.4,233972.3,381127.8,703311,1144896,360851,303522.8,1770072,23156.46,432269.1,43910.23,395195.1,454596.3,1467306,49308.32,120212.6,477122.3,382082.5,426968.3,99090.28,120268.2,179830.1,188768.5,105413.2,196815.2,121644.2,131152,102481.6,104341.8,156917.6,127442.1,114181.9,1562441,20978.7,17199.32,119251,251503.4,148.2653,1282480,4134346,41826.44,673486.9,510432.5,42355.24,52232.39
Scenario 2,167,1,Fake Positive News,167,TRADING,149275,229713.7,161442.2,269418.9,630630.5,567640.9,233792.8,381600.1,703342.2,1143502,361484.1,303645.9,1773082,23199.9,431079.1,43861.82,395722.4,453607.5,1469876,49225.94,120486.9,478172.8,381950.8,426972.4,98863.67,120221.4,179657.3,188566.8,105359,197086.8,121528.7,131149.2,102247.8,104435.6,157010.1,127474.9,114227.7,1565263,20993.62,17212.08,119262.7,252169.6,148.4351,1282837,4132324,41769.44,674050.3,511383.2,42361.99,52260.68
Scenario 2,168,1,Fake Positive News,168,TRADING,148958.5,230320,161305.7,269008.3,632669.7,569003.4,233634.2,382221.2,703185.1,1141461,361895.7,303890.5,1777577,23230.8,430064.6,43855.71,395929.1,453797.5,1472921,49200.27,120643.5,479044.8,381741.3,426986.5,98829.17,120238.5,179426.6,187961.3,105397.5,197259.2,121489.1,131132.7,102244.5,104475.3,157148.3,127517,114249.9,1565981,21003.17,17215.39,119355.6,252691.8,148.5948,1283739,4127256,41712.32,674830.2,512139.2,42354.62,52288.61
Scenario 2,169,1,Fake Positive News,169,TRADING,148579.8,230816.7,161111,268728.7,634479.5,570423.8,233441.2,382667.1,703256.9,1140221,362506.9,304383.9,1781311,23274.21,429096.7,43852.88,396451.3,454307.6,1475644,49178.7,120874,479614.8,381594.9,427148.9,98709.34,120219.5,179052.8,187251.1,105416.4,197482.2,121448.1,131120.1,102394,104573.2,157093.4,127501.6,114257.6,1566928,21018.81,17200.95,119397,253398,148.5749,1282828,4125074,41634.15,675127.2,512764.7,42354.78,52360.38
Scenario 2,170,1,Fake Positive News,170,TRADING,148018.7,231414.3,160910.6,268785.9,636340.9,571695,233562.6,383390.5,703287.4,1138755,363124.5,305059.8,1784738,23325.38,427965.5,43827.48,396733.8,454853.3,1475918,49121.24,120974.3,480432.4,381511.1,427438.7,98474.78,120156,178772,186668.1,105411.2,197744.6,121398.8,131135,102682.4,104633.2,157107.6,127515.2,114339.2,1568215,21034.68,17202.97,119410.3,253829.8,148.9343,1284260,4122553,41564.53,675501.2,513934.9,42340.55,52419.4
Scenario 2,171,1,Fake Positive News,171,TRADING,147795.5,231874.7,160810.9,268435.9,637432.2,572594.3,233334.1,384097.1,703391.9,1137180,363831.4,305751.6,1787475,23378.07,426813.4,43813.31,397405.9,454958.1,1477799,49090.08,121069,480878.1,381479.7,427570.7,98338.98,120106.8,178616.3,186296.5,105364.9,198024.6,121373.8,131143.9,103012.6,104683,157099.3,127497.5,114316.2,1570398,21048.43,17167.68,119369.3,254480,149.144,1285784,4117354,41515.02,675798.6,515215.3,42358.11,52464.13
Scenario 2,172,1,Fake Positive News,172,TRADING,147319.7,232335.1,160742.6,268170,639388.2,573930.6,233061.5,384545.7,703265.5,1136576,364273.3,306342.9,1790527,23436.95,425899.3,43819.42,397627.3,455228,1480548,49083.37,121016.3,481391.1,381494.4,427320.7,98171.81,120124.8,178451.4,186103.8,105334.2,198295.7,121408.6,131157.5,103302.7,104771.8,157080.6,127485.3,114335.1,1574491,21051.5,17185.28,119476.3,255113.8,149.4136,1286884,4111108,41475.85,676708.1,516270.3,42364.95,52493.17
Scenario 2,173,1,Fake Positive News,173,TRADING,147105.1,232887.1,160673.2,267932.9,641260.5,575209.6,233087.2,385176.6,703440.2,1134579,364580.1,306642.4,1794364,23477.45,425445.8,43775.68,398067.8,455159.4,1481774,49057.27,120987,481474.8,381407.6,427496.2,97893.89,120132.8,178276.2,185897.3,105365.6,198444.2,121362.8,131156.8,103586.5,104874.3,157100.3,127501.6,114371.7,1576062,21053.21,17157.08,119334.1,255688.8,149.5634,1288098,4103441,41436.26,677099.7,516739.1,42359.89,52519.82
Scenario 2,174,1,Fake Positive News,174,TRADING,146954.3,233256.8,160541.8,267542.1,642945.5,576853.2,233122.9,385863.1,703365.6,1132633,365186.1,307199.3,1798216,23521.69,424265.8,43730.65,398556.5,454713.7,1485103,49030.79,121144.7,481807.5,381207.9,427505.5,97708.78,120124.9,177942.3,185556.6,105415.7,198770.7,121478.1,131142.2,103870.9,104945.2,157127.7,127457.9,114433.6,1576822,21076.57,17144.73,119496.7,256043.4,149.7531,1287843,4098685,41378.6,677593.6,517393.7,42367.36,52612.57
Scenario 2,175,1,Fake Positive News,175,TRADING,146645.9,233620.9,160426.8,267436,644171.2,578000,233156.5,386602.1,703169.9,1131174,365679.5,307475.7,1803377,23573.63,423307.8,43746.19,399243.1,454242.1,1486881,48974.01,121313.2,482425.1,381135.3,427697,97572.22,120058,177670.3,185253.5,105415.8,198922.7,121366.9,131139.2,104204.2,105035.9,157145.5,127460.7,114422.4,1577750,21085.14,17131.97,119587.5,256641.5,150.0526,1289428,4095797,41319.26,678283.5,518494.4,42369.54,52673.97
Scenario 2,176,1,Fake Positive News,176,TRADING,146397.1,234048.8,160349,267312.2,645649.3,579188.9,232919.1,387136.3,703087.1,1128661,366455,307961.1,1807898,23619.13,422769.1,43735.79,399966.3,453933.9,1489285,48909.5,121592.2,483123.4,381137.6,427906.8,97348.17,120026.8,177542.5,185055.3,105371.4,199362.4,121389.2,131082.4,104532.8,105185,157139.5,127438.9,114405.3,1577890,21082.52,17128.79,119707.7,257131.4,150.2124,1288719,4092689,41264.58,679055.3,519618.1,42374.58,52712.02
Scenario 2,177,1,Fake Positive News,177,TRADING,146134.5,234521,160123.9,267206.9,646618.1,580545.3,232841.6,387627.7,703237,1127064,366922.7,307920.4,1811745,23683.09,421892.9,43698.22,400381.1,454021.7,1489770,48881.46,121645.9,483347.8,381106.4,427900.3,97213.5,120020.8,177312.8,184907.4,105359.1,199762.2,121297,131077.1,104845.2,105279.3,157118,127413.5,114513.6,1582491,21085.08,17124.1,119852.1,257772,150.442,1288786,4086363,41192.31,678847.2,520428.4,42374.02,52738.31
Scenario 2,178,1,Fake Positive News,178,TRADING,145851.8,234961,160060,267242,648655.7,582147.5,232867.9,388310.5,703560.9,1125725,367514.5,308508.7,1816001,23726.15,421257.5,43712.02,400794.2,453718,1493818,48747.56,121838.8,483718.1,381117.6,428145.7,97152.43,120074.2,177141,184870.1,105360,199939.7,121267.8,131079,105131.9,105287.8,157231.5,127383,114562.6,1586808,21087.17,17128.01,119847.2,258124.8,150.5319,1290586,4078728,41115,679808.6,521248.5,42365.21,52770.25
Scenario 2,179,1,Fake Positive News,179,TRADING,145618.7,235318.4,159907.7,267116.3,650241.4,583872.9,232751.2,388860.7,703439.7,1124715,368183.7,309126,1819787,23753.66,419905.6,43654.83,401473.9,452920.3,1495658,48672.05,121993.9,484207.2,381132.8,428161.9,96975.96,120120.8,176861.4,184590.4,105311.4,200193.4,121277.6,131028.9,105402.6,105248.8,157266.3,127362.5,114517,1589138,21110.56,17135.45,119884.9,258815.6,150.6218,1290494,4075745,41055.26,680814.4,522583.3,42353.61,52799.14
Scenario 2,180,1,Fake Positive News,180,TRADING,145276.8,235815.7,159774.6,266921,652338.5,585017.8,232664.3,389290.4,703325.1,1123573,368582.9,309555.1,1822307,23801.04,419007.7,43678.14,402127.6,452556.6,1496474,48570.33,122325.1,485152.4,381024.3,428147.1,96783.1,120159.2,176651,184400.8,105310.4,200492.3,121257.2,131005.8,105681.3,105357.3,157304.3,127379.5,114556.2,1591589,21126.58,17128.65,119835.1,259234.5,150.7815,1291387,4072747,40977.87,681400.1,523768.6,42352.98,52807.64
Scenario 2,181,1,Fake Positive News,181,TRADING,144878.4,236112.6,159674.4,266739.5,654065.5,586453.7,232636.8,390069.6,703282.5,1122301,369175,309483.7,1826577,23836.04,418026.3,43624.81,402709.9,452031.6,1498262,48529.14,122482.2,485603.7,381030.5,428316,96608.56,120128.1,176527.8,184191.4,105251.2,200754.9,121210.8,130976.3,105954.7,105363.6,157314.6,127387.9,114507,1596397,21133.76,17110.99,119900.5,259950.3,151.0112,1291807,4068365,40900.24,681750.9,525123.4,42364.03,52822.99
Scenario 2,182,1,Fake Positive News,182,TRADING,144615.9,236472.9,159482.6,266700.1,655362.1,587746.6,232258.7,390502.6,703323.1,1121106,369691.3,310016.8,1831694,23880.92,416553.7,43594.62,403020.8,451892.6,1501178,48481.75,122498.1,486169.9,380788.5,428236.4,96372.39,120133.2,176369.3,183753.5,105210.2,201035,121067.9,131002.6,106268.7,105415.2,157291.8,127378.3,114439.6,1597818,21145.94,17106.78,119852.9,260478.5,151.4505,1291300,4064794,40846.13,682625.2,526222.9,42370.21,52840.02
Scenario 2,183,1,Fake Positive News,183,TRADING,144235.9,236710.2,159267.5,266577.4,657061.7,589241.7,232157.7,390913.4,703054.1,1119990,370498.5,310442.6,1835505,23924.74,415860.4,43562.37,403443,451677.7,1504775,48440.76,122752.3,486587.6,380745.5,428594.1,96236.18,120119.9,176214.7,183354.1,105212.8,201397,121034.4,130969.3,106551.5,105405.2,157341.4,127388.4,114522.4,1598934,21154.72,17097.73,119955.5,260961.3,151.6402,1291322,4063818,40797.23,683346.5,527253.5,42369.58,52886.4
Scenario 2,184,1,Fake Positive News,184,TRADING,143912.5,237290.7,158990.8,266703.3,658472,590496.4,232132,391423.2,702733.3,1119133,371195.6,311366.6,1838732,23969.52,414764,43494.01,403924.3,451894.6,1507232,48358.86,122816.1,486982.6,380851.6,428538.9,96139.16,120067.2,175980.4,183040.7,105175.4,201785.9,120963,130937.3,106927.6,105522.6,157381.4,127390.3,114462.7,1602346,21175.43,17092.19,119920.9,261391.7,151.7501,1291370,4059266,40750.68,683725.7,528167.1,42351,52914.52
Scenario 2,185,1,Fake Positive News,185,TRADING,143508.9,237880.4,158915.2,266417.5,660036.2,592032,232072.7,392297.6,702619.9,1118170,371466.1,311991.1,1842163,24016.95,413725.3,43474.12,404364,452260.7,1507908,48297.67,122918.1,487332.4,380868.4,428507.4,95991.99,120074.6,175779,182812.7,105205.8,202047,120902.2,130935.4,107208.1,105603.1,157413.8,127389.2,114351.4,1603242,21189.27,17077.51,119844.5,262189,151.9398,1291779,4053820,40678.95,684064.6,529434.6,42333.81,52914.82
Scenario 2,186,1,Fake Positive News,186,TRADING,143307.3,238445.3,158654.6,266153,661232.3,593180.1,231937.1,393106.2,702575.6,1116115,372032.9,312604.7,1845864,24051.52,412399.1,43465.96,404929.4,452106.3,1509759,48242.82,123154.4,487647.2,380904.4,428537.6,95873.48,120055.4,175607.7,182330,105231.7,202355.4,120944.2,130912,107462.6,105507.8,157413.1,127372.2,114298.6,1604597,21172.78,17080.6,119992,262957.8,152.3192,1292688,4054211,40630.6,685229.1,530676.1,42340.34,52943.26
Scenario 2,187,1,Fake Positive News,187,TRADING,142944.1,239056.6,158483.6,266015.5,663107.4,594963.3,231676.8,393870.4,702638.4,1113182,372441.2,312977.7,1849062,24084.02,411307.7,43445.79,405344.5,451373.3,1511856,48184.27,123265.3,488489.6,380868.9,428756.5,95594.2,120078.5,175226.2,182233.8,105203.6,201703.6,120894.5,130945,107813,105502.8,157393.6,127355.9,114207.6,1606319,21164.26,17073.29,119998.1,263567.7,152.5888,1294379,4051718,40561,685902.6,531530.6,42313.24,53019.65
Scenario 2,188,1,Fake Positive News,188,TRADING,142733.7,239511.5,158247.5,265786.3,664747.7,596712.6,231508.9,394699.1,702655.4,1112165,372781.4,314012.2,1854903,24133.8,410280.4,43461.27,405664.7,450745.4,1515257,48123.18,123408.2,488841.6,380780.1,428959.8,95355.68,120086.2,174992,181740.9,105251.3,201388.3,120827.4,130971.6,108104.2,105608.9,157430.8,127331.7,114223.3,1609295,21178.48,17065.76,120038.9,264085.9,152.6487,1294375,4045386,40526.48,687502.7,533008.4,42315.23,53087.38
Scenario 2,189,1,Fake Positive News,189,TRADING,142280.6,239917,157945.3,265648.4,665932.3,597696.7,231614.6,395354.6,702444.2,1110806,373352.3,314250.7,1858982,24176.8,409589.4,43472.94,406196.1,450172.6,1517156,48076.77,123521,489664.2,380800.9,428978.1,95203.5,120078.2,174598.5,181103.4,105217,201108.1,120761.6,130970.7,108447.7,105672.6,157484.6,127315.1,114225.4,1611847,21195.7,17067.63,120235.9,264718.3,152.6287,1295066,4038477,40474.54,687394.9,533752.5,42308.59,53106.28
Scenario 2,190,1,Fake Positive News,190,TRADING,142225.2,240264.6,157901.6,265226.9,667915.4,599230.6,231496,395767.7,702238.1,1109035,373776,314462.4,1863851,24214.22,408159.7,43452.05,407149.7,450122.8,1520621,48039.94,123548.4,490474.6,380600,428822.8,94984.82,120059.4,174465.1,180547.4,105231.9,200776.8,120833.3,130920,108715.6,105667.5,157558.8,127297.9,114217,1616465,21195.71,17065.26,120289.6,265159.7,152.7985,1293899,4035643,40431.88,688440,534491.7,42307.93,53175.64
Scenario 2,191,1,Fake Positive News,191,TRADING,141923.3,240634.7,157855.4,265206.4,669211.6,600676.5,231427.1,396324.5,702172.6,1107796,374403.6,314659.5,1866441,24253.47,407268.9,43482.99,407675.5,449985.7,1524378,47935.65,123477.5,491192.1,380591.9,428845.4,94824.07,120085.4,174312.3,180285.8,105216.5,200469.7,120875.6,130902.5,108979.6,105708.8,157547.4,127320.2,114160.7,1617973,21217.17,17045.66,120357,265663.4,153.108,1295237,4028430,40368.85,688869,535100.2,42316.47,53233.34
Scenario 2,192,1,Fake Positive News,192,TRADING,141537.3,241159.6,157632,265086.1,671449.3,602347.5,231205.7,396949.7,702168.3,1106692,374936.3,315091.5,1870948,24288.17,406356.6,43507.62,408045.4,449673.9,1526024,47939.89,123615.2,491717.2,380604.4,428977,94635.37,120097.8,174072.1,179841.3,105273.2,199926.4,120874.6,130913.7,109265.9,105869.4,157608.3,127354.6,114209.6,1619616,21224.36,17031.07,120258.8,266061.5,153.2378,1295941,4024148,40302.39,689576.8,536202.7,42313.39,53302.39
Scenario 2,193,1,Fake Positive News,193,TRADING,141376.1,241434.3,157434.2,264962.7,673225.7,603558.6,231133.1,397536.7,702479.6,1104471,375423.6,315782.1,1874521,24340.73,405561.8,43458.97,408544.8,449506.2,1529264,47899.07,123695.8,491977.2,380507.8,428844.5,94336.04,120108,173861.2,179355,105201.3,199627.2,120851.5,130876.6,109596.4,105981.3,157622.4,127364.2,114118.1,1621771,21214.26,17029.97,120244.3,266814.8,153.5473,1296461,4020882,40235.9,689917.6,537155.7,42315.73,53305.22
Scenario 2,194,1,Fake Positive News,194,TRADING,141085,241896.1,157287.8,264854,674836.9,604807.9,231012.4,397954,702252.9,1102514,376097.4,316194,1879019,24384.31,404884.4,43431.89,409154.1,448841.6,1533803,47871.55,123781.9,492366.5,380421.3,428922,94089.14,120072.3,173590.7,179283.2,105225.8,199174.9,120867.8,130869,109932.4,106106.5,157668.9,127362.6,114073.7,1625792,21229.57,17024.13,120415.8,267781.3,153.767,1295956,4016869,40197.22,690589.6,538450.2,42313.87,53330.42
Scenario 2,195,1,Fake Positive News,195,TRADING,140819.5,242196.7,157173.7,264697.7,676492,606139.9,230920.4,398586.2,702120.7,1101147,376527.2,316854.4,1882464,24436.23,403964.9,43434.37,409932.9,448775.8,1538457,47805.15,123979,492962.7,380389.8,428540.7,93956.31,120064,173191.7,178957.5,105222.8,198814.9,120919.9,130871,110252,106102.8,157657.3,127354.3,114024.4,1629076,21236,17028.33,120410.2,268226,153.9867,1296895,4014032,40135.93,691260.8,539906.9,42315.55,53322.31
Scenario 2,196,1,Fake Positive News,196,TRADING,140393.1,242685.2,157079,264621.6,678037.4,607626.6,230844.6,398979.2,702115.6,1098383,377367.3,317290.9,1886263,24472.71,403020.3,43423.01,409847.7,448151.6,1540267,47776.36,124084.2,493528.8,380251.4,428617.1,93942.66,120088.4,172955.4,178564.8,105127.4,198441.8,120928.5,130865.8,110509.4,106093.7,157665.5,127384.6,113957.3,1630615,21241.38,17026.09,120328.4,268942.2,154.0166,1297412,4009899,40077.47,691886,540780.9,42301.75,53362.08
Scenario 2,197,1,Fake Positive News,197,TRADING,140044,243055.2,156946.5,264313.7,679579.9,609368.7,230798.3,399451.2,702131.6,1098178,377853,318022.5,1889291,24517.31,402469.6,43423.39,410522.4,447872.7,1540495,47726.37,124400.7,494442.9,380238,428758.5,93847.64,120080.4,172734.6,178215.5,105217.5,198018.5,121055.1,130852.5,110792.7,106159.6,157638.9,127387.8,114024.9,1635600,21259.11,17028.18,120325.4,269669.7,154.2063,1299021,4006962,40015.72,693510.6,541677.6,42306.05,53369.24
Scenario 2,198,1,Fake Positive News,198,TRADING,139728.5,243478.3,156750.7,264253.5,680851.7,610283.1,230647.2,400275.5,701886.3,1096556,378332,318524.3,1893835,24558.8,401307,43403.8,411079.7,446807.4,1542146,47730.11,124423.5,494783.2,380329.2,428819.6,93727.6,120079,172441.1,177846.9,105155.2,197514.1,120975.1,130837.3,111143.1,106150.3,157642.5,127344.5,114070.4,1641260,21253.17,17032.58,120461.8,270312.3,154.4859,1300439,4003739,39955.48,694075.7,542570.4,42304.1,53402.31
Scenario 2,199,1,Fake Positive News,199,TRADING,139493,243921.1,156518.6,264063.5,682097,611890.9,230491.8,401154.7,702054.4,1094575,378920.1,318930.9,1898559,24603.09,399844.9,43364.97,411789.8,446504.2,1544181,47679.39,124567.1,495615,380322.2,428578.7,93484.28,120030.9,172271.1,177367.3,105161.2,197160.2,121016.1,130848.5,111505.4,106231.6,157636.2,127327.6,114091.5,1642641,21249.79,17020.93,120429.7,270809,154.7655,1301941,4001792,39895.22,694566.6,543362.5,42300.48,53458.87
Scenario 2,200,1,Fake Positive News,200,TRADING,139150.4,244312,156225.2,263927.3,684309.1,613294.1,230304.6,401580.1,702097.3,1092865,379619.2,319430.5,1903181,24644.38,398879.6,43370.28,412532.4,446877,1546474,47628.95,124767.9,496554,380496.4,428902.4,93358.08,120013.9,171991.4,177206.4,105110.9,196626.7,121041.2,130847.9,111779.5,106273.2,157691.8,127318.2,114032.9,1644453,21264.39,17011.05,120416.7,271416.1,154.9652,1302770,3994002,39808.81,695842.5,544739.9,42300.88,53516.97
Scenario 2,201,1,Fake Positive News,201,TRADING,138858.9,244866.2,156055.5,263684.7,685831.9,615138.6,230235.4,402592,701976.4,1091617,380389.6,319854.6,1907988,24677.47,398521.4,43315.46,413026.5,446776.5,1550162,47614.79,124995.1,496767.8,380384.4,429135.2,93287.64,119998.6,171805.8,176750.3,105124.5,196208.3,120999.7,130837.9,112070.5,106381.8,157693.2,127332.1,114004.6,1647359,21276.37,16991.82,120542.5,271811.2,154.9951,1305111,3990820,39715.8,697550.3,545799,42318.31,53569.09
Scenario 2,202,1,Fake Positive News,202,TRADING,138498.3,245289.7,155788,263732.9,686938.3,616231.5,230039.2,403118.5,701953.5,1090551,381017.4,320547,1911770,24719.87,398072.4,43307.47,413447.7,446783.5,1554339,47545.51,125133,497317.1,380226.4,429190,93256.41,119983.4,171835.2,176183.4,105132,195853.7,121097.6,130866.8,112412.8,106479.1,157738.4,127313.2,113981.7,1651080,21307.28,16969.97,120582.7,272268,155.2448,1306482,3989305,39660.27,697228.4,546933.9,42314.57,53580.89
Scenario 2,203,1,Fake Positive News,203,TRADING,138274.6,245853.5,155485,263541.8,686211.2,618151,229859.7,403734.6,701866.5,1088700,381451.2,320962.2,1915754,24759.83,397563.8,43292.62,415459.6,446260.1,1556321,47539.76,125101,497902.9,380203.8,428990.9,93125.96,119957.1,171644.7,175735.2,105140.6,195491.3,121088.1,130847.9,112710.4,106541.8,157783.9,127306,113966.8,1655286,21310.26,16981.08,120548.6,273077.5,155.3246,1308143,3988333,39618.61,697477.1,548254.3,42306.16,53624.19
Scenario 2,204,1,Fake Positive News,204,TRADING,137999.6,246316.5,155285.9,263571.2,686146.5,619526.8,229807.8,404135.3,701786.9,1087525,382210.3,321185.9,1918812,24790.69,396928,43278.01,413206.8,446007.5,1557294,47487.36,125320,498871.8,380057.1,429159.1,92822.48,119933.2,171350.5,175588,105137.6,195190,121229.3,130845.8,112990.1,106693.9,157714.5,127320.5,113915.4,1657335,21321.12,16949.78,120591.9,273725,155.3846,1308343,3987289,39553.21,697989.1,549094.7,42299.15,53644.35
Scenario 2,205,1,Fake Positive News,205,TRADING,137897.2,246570.8,155051.8,263111,685374,621058.1,229662.6,404517.9,701778.5,1086552,382762.4,321623.7,1922127,24830.37,396111.1,43295.46,412491.6,445901,1560540,47452.46,125517.4,499442.5,379943.4,429213.1,92663.86,119938.1,171214.4,175187.4,105126.4,194850.1,121318.5,130828.5,113308.3,106672.5,157770.7,127305.6,113869,1661839,21338.76,16932.02,120580,274128,155.6042,1307657,3980476,39481.51,699057.3,550253.9,42294.34,53717.58
Scenario 2,206,1,Fake Positive News,206,TRADING,137653.9,246890.4,154908.1,263011.2,685113.9,622165,229464.3,405107,701547,1084373,383254.2,322194.2,1923867,24878.61,395446.3,43300.12,411742.7,445736.5,1563481,47429.14,125605.1,499925.6,379885.5,429406.5,92561.89,119959.9,171173.8,174570.7,105166.1,194534.5,121422,130832,113595.1,106759.8,157822,127293.5,113824,1666271,21344.53,16925.48,120584,274466.9,155.8538,1307311,3978942,39445.03,699837.4,551140.1,42274.64,53770.68
Scenario 2,207,1,Fake Positive News,207,TRADING,137779.6,247248,154875.5,262815.6,684632.9,623838.4,229235.9,405904.4,701639.4,1082534,383739.8,321349.5,1927754,24916.11,395473.1,43257.39,410821.1,445104.1,1561979,47354.11,125771.4,500620,379664.7,429424.1,92608.21,119971.4,171007.1,174639.8,105148.4,194086.7,121239.4,130812.2,113962.5,106853.1,157821.9,127320,113748.5,1663764,21368.5,16937.53,120567.5,274949,156.0835,1307782,3974192,39379.44,700121.7,552018.1,42283.59,53791.54
Scenario 2,208,1,Fake Positive News,208,TRADING,137814.3,247412.4,154638.7,262598.6,684072.6,625042.1,229073.4,406273.2,701475.6,1080203,384120.1,320887.7,1931203,24959.04,396044.4,43280.04,409726.6,444844,1561228,47334.18,126038.1,501450.2,379627.6,429320.9,92763.21,119970.9,170657.1,174630.1,105160.2,193734.7,121200.1,130753.5,114280.1,106923.8,157852.7,127362.6,113747.8,1662116,21362.16,16918.36,120616.3,274766.4,156.3231,1308011,3971261,39318.57,700315.7,553405.8,42279.74,53841.37
Scenario 2,209,1,Fake Positive News,209,TRADING,138073.9,247742.4,154563.9,262416.1,683405,626757.9,229099.1,406937.2,701409.1,1078860,384819.1,320200.6,1936231,24995.51,396835.7,43237.29,408740.4,444065.1,1559722,47282.97,126356.4,502094.4,379729,429265.3,92791.77,119961.1,170388.3,174619.3,105111.1,193415.8,121119.8,130726.5,114555.5,107027.2,157819.8,127393.6,113714,1657850,21381.42,16897.42,120726,274286.2,156.5827,1309139,3970151,39270.53,701219.8,554299.1,42276.07,53887.71
Scenario 2,210,1,Fake Positive News,210,TRADING,138222,248188.6,154423.2,262204.1,682795.9,628007,229018.1,407651.6,701342.8,1077316,385160,319854.4,1938756,25048.28,397410.8,43262.5,408096.4,443959.1,1558146,47261.38,126571,502600.9,379752.2,429104.6,92817.54,119993,170099.3,174831.5,105134.1,193117.6,121077.4,130707.7,114886.9,107112.7,157797.4,127417,113769.3,1658208,21385.47,16893.63,120904.6,274255.9,156.8124,1310804,3969167,39208.3,701354.7,554968.8,42265.53,53908.45
Scenario 2,211,1,Fake Positive News,211,TRADING,138503.4,248692.4,154259.5,261894.9,682514.5,629746.3,228709,408116.6,701216.8,1075577,385949,319539.3,1942951,25103.03,398003,43229.01,407484.5,443713.8,1556221,47164.72,126814.9,503115.9,379603.7,429560.2,92869.83,119945.2,169970.9,175288.6,105162.7,192742.4,121037.2,130677.7,115227.3,107210.1,157888.4,127414.5,113747,1655269,21395.8,16894.73,121057.5,274052.7,157.042,1312076,3963367,39148.87,703097.8,556389.1,42261.28,53971.8
Scenario 2,212,1,Fake Positive News,212,TRADING,138681.9,248819,154154.3,261694.8,682443.1,630653.9,228509,408727.7,701259.1,1074475,386675.2,319080.3,1947275,25139.82,398516.1,43244.06,406455,444022,1556785,47089.94,126797.1,503572.3,379513.8,429635.8,92826.95,119908.2,169858.6,175345.3,105183.4,192490.4,120899.3,130680.4,115519.5,107386.8,157902.6,127415.1,113737.5,1651446,21396.88,16871.8,121096.6,273552.8,157.0221,1313009,3964947,39086.56,704214.5,557464.9,42258.87,54013.5
Scenario 2,213,1,Fake Positive News,213,TRADING,138914.3,249319.9,153914.2,261477.2,681768.7,632429.2,228205.7,409465.8,701359.9,1073219,387335.6,319139.8,1951362,25189.66,398715.3,43225.27,406018.3,444344.7,1554285,47043.21,127002.8,503914.9,379384,429519.6,92884.67,119974.5,169617.7,175350,105160.3,192187,120884.8,130692.2,115845.3,107455.5,157962,127377.2,113782,1650062,21426.31,16860.92,121142.4,273403.3,157.2018,1314775,3960383,39006.16,705410.6,558457.1,42255.42,54038.88
Scenario 2,214,1,Fake Positive News,214,TRADING,139091.7,249768.8,153796.7,261527.3,681572,633559.8,228102.3,410199.4,700992.9,1071558,387845.9,318786.6,1954826,25233.59,398931.1,43193.33,405041.1,444043.7,1552798,47026.18,127197.7,504149.1,379367.6,429783.3,92869.29,119971.8,169362.5,175632.9,105163.1,191788.4,120777.8,130676.8,116097.8,107444.8,157935.2,127421.1,113869.8,1648570,21433.42,16867.53,121102.6,273315.5,157.4115,1314815,3958857,38916.18,706685.2,559566.8,42264.68,54096.46
Scenario 2,215,1,Fake Positive News,215,TRADING,139114.5,250058.6,153587.2,261647,681024.3,635024.8,227893.6,410928.3,700981.9,1070150,388557.1,318376.7,1958408,25271.71,399209.6,43182.43,404237.4,443683.2,1551548,47007.64,127308,504792.4,379342.9,429834,92882.01,120014.9,169129.5,175594.3,105136.3,191435.2,120726.4,130678.7,116323,107450.3,158014.3,127404.1,113920.5,1645449,21453.83,16870.13,121301.9,272910.3,157.4814,1314964,3953299,38841.73,708112.6,560949.4,42246.58,54096.01
Scenario 2,216,1,Fake Positive News,216,TRADING,139338.4,250690,153444.2,261317.7,680355.4,635963,227842.7,411377.2,700648.9,1069488,389294.3,317773,1963108,25309.8,399364,43157.72,403432.8,443802.6,1552449,46973.98,127368.8,505416.9,379217.8,429982.5,92896.84,119960.6,168728.9,175545.5,105132.6,191189.1,120868.2,130681.5,116652.9,107520.5,157999.1,127382.6,113948.6,1641667,21461.05,16863.52,121173.8,272652.9,157.6112,1314749,3950747,38789.05,709061.7,561977.4,42242.44,54150.82
Scenario 2,217,1,Fake Positive News,217,TRADING,139381.8,250832.6,153293.7,260980.6,679934.2,635173.3,227707.2,411585.3,700773.8,1067756,389606.2,317473.7,1968293,25352.23,400126.7,43105.46,402446.5,443681.8,1550244,46919.88,127365,505865.7,379114,429941.4,92860.45,119925.9,168508,175472.5,105107.1,190732.7,120866.1,130671.7,116961.5,107631.3,158043.9,127407.8,114001,1642965,21480.46,16854.07,121093.5,272328,157.8908,1316616,3945385,38730.21,710119.6,563023.1,42246.39,54171.97
Scenario 2,218,1,Fake Positive News,218,TRADING,139489.6,251417.8,153117.2,260600.5,679108.4,634628.7,227727.9,412320.7,700703.3,1066798,389918.4,317190.7,1973015,25401.49,400456.7,43070.79,401439.4,443872.7,1548166,46864.79,127605.3,507006.6,379075.8,429979.7,92844.68,119916,168201.8,175331.8,105094.2,190367.5,120882.7,130670.4,117249.2,107662.5,157991.3,127382.4,114032.1,1640152,21473.56,16862.58,121083.9,271927.7,158.0206,1316134,3941063,38666.17,711097.9,564395.8,42266.05,54226.8
Scenario 2,219,1,Fake Positive News,219,TRADING,139412.6,251774.9,152891.4,260347.9,678443.6,633751.9,227443.5,412978.3,700601.1,1064804,390373,316921.5,1978222,25451.86,400606.3,43015.58,400697.9,443694.4,1546064,46834.81,127690.1,507061.2,379079.8,430190.1,92893.87,119917.5,167951.2,175372.1,105135.4,190011.4,120907.1,130643.1,117590.7,107810,157959.9,127363.6,114041.3,1637922,21476.19,16833.89,121091.6,271878.1,158.1903,1318282,3939845,38587.32,712371.3,565364.2,42265.05,54260.09
Scenario 2,220,1,Fake Positive News,220,TRADING,139497,252193.8,152670.2,259928.4,678204.7,632917.1,227211.3,413703.3,700685.4,1063612,390945.4,316431.8,1981169,25483.89,400490.7,42960.35,399963.2,443883.1,1544668,46768.82,127639.2,507552.1,378978.9,430470.7,92956.13,119936.1,167671.5,175644.7,105128,189735.4,120806.8,130647.3,117846.2,107951.1,157978.9,127313.9,114061.5,1636676,21512.26,16820.69,121012.3,271655.4,158.3001,1318671,3936132,38530.77,713035.5,566354.7,42261.48,54315.06
Scenario 2,221,1,Fake Positive News,221,TRADING,139725.9,252439.3,152398.2,259855.1,677706.2,632420,226906,414070.5,700619.7,1062070,391543.5,316160.7,1985924,25508.63,400946.2,42933.03,399198.2,443441.1,1542249,46677.32,127851.3,507916.1,379061.3,430488.8,93012.15,119874.2,167553.3,175687,105129.4,189369.7,120725.3,130632.9,118183.5,108067.4,158043.8,127285.5,114155.9,1633487,21537.44,16804.57,120966.7,271426.9,158.5997,1318791,3931247,38474.84,712880.4,567292.6,42277.29,54357.14
Scenario 2,222,1,Fake Positive News,222,TRADING,139889.5,252733.2,152196.9,259708.7,677335.2,631983.3,226748.9,414567.7,700519.7,1060179,392173.3,315904.8,1988095,25540.56,400989.2,42944.1,398431.3,442774.2,1540300,46626.95,127850.6,508661.7,378875.4,430808.4,93045.55,119861,167356.6,175862.9,105169.4,188988.4,120633.5,130607,118481.1,108203,157975.2,127276.7,114117.2,1634895,21559.75,16803.17,121020,271289.9,158.8892,1320593,3930879,38423.27,714139.7,568096.4,42279.6,54405.37
Scenario 2,223,1,Fake Positive News,223,TRADING,139918.2,253424.9,152097.4,259639.3,676980.9,631618.6,226463.4,415276.4,700574.1,1058771,392786.8,315622.3,1990834,25571.5,401212.8,42969.01,397367.4,443730.4,1540429,46560.09,128112.7,509001.9,378920,431074.2,93149.71,119829.4,167000.3,175883.3,105135.8,188601,120625.7,130589,118717.3,108245.3,157929.9,127280.3,114110.1,1633743,21564.31,16798.33,121074.7,270952.7,159.1688,1321374,3928417,38371.2,715482.6,569077.1,42273.51,54404.76
Scenario 2,224,1,Fake Positive News,224,TRADING,140077.5,253715,151896.7,259387.7,676708.4,630666.8,226028.4,415928.5,700671.1,1056879,393277.1,314768.1,1995325,25612.45,401205.5,42939.95,396613.2,443456,1536642,46493.22,128261.2,509749.1,378770.4,431232.3,93161.43,119794.9,166804.9,175928.6,105120,188198.8,120555.5,130566.4,119041.1,108231,157899.8,127260.1,114129,1632741,21577.24,16794.03,121086.2,270667.6,159.2287,1322358,3923900,38313.29,716568.2,570055,42275.07,54434.53
Scenario 2,225,1,Fake Positive News,225,TRADING,140040.6,254281.1,151669.3,259279.3,676374.4,630193.7,225791.3,416136,700794.9,1055444,393532.6,314474.6,2000791,25659.14,401474.9,42918.26,396030.8,443186.1,1535041,46421.89,128226.3,510336.8,378756.5,431409,93023.07,119784.9,166540.8,176312.1,105117.8,187769.4,120542.2,130534.9,119361.3,108282.2,157862.6,127265.9,114067.2,1632382,21590.69,16772.68,121046.4,270540.7,159.3685,1322103,3918076,38250.87,716207.4,571178.2,42285.44,54462.02
Scenario 2,226,1,Fake Positive News,226,TRADING,140158.6,254663.8,151557.5,258875.5,676167.6,629872.2,225738.8,416848.7,700634.7,1054695,394263.6,313832.6,2004562,25701.95,401799.8,42886.52,395287.1,443657.1,1531805,46355.63,128437.7,510913.2,378745.3,431747.5,93175.99,119742.5,166195.2,176312.1,105043.3,187494.9,120605.7,130533.3,119714.8,108240.3,157873.2,127242.3,114112.7,1628444,21575.24,16771.33,120998.2,270248.4,159.5283,1323552,3914558,38218.35,717853.9,572268.9,42290.89,54459.27
Scenario 2,227,1,Fake Positive News,227,TRADING,140361.8,255117.9,151808.9,259079.6,675429.7,629386.5,225740.7,417351,700572.2,1053763,395223.1,313537,2007814,25747.85,402441.7,42893.84,394491.5,443883.9,1530241,46366.22,128372.2,510400,378815.7,432230.3,93122.92,119747.4,166208.4,176397.1,105068.7,187009.4,120759.6,130508,120022.9,108174.6,157818.2,127225.2,114132.7,1628974,21558.63,16775.15,121035.2,270025.9,159.6082,1322913,3919335,38133.18,717722.1,573765.4,42282.84,54448.12
Scenario 2,228,1,Fake Positive News,228,TRADING,140269.5,255813.7,151897.2,259103,675358.3,628919.7,225680.4,417838.9,700467.2,1051996,395879,313077.9,2011723,25800.24,402717.1,42892.77,393647.8,444377.6,1526846,46377.68,128439.6,510258.7,378676.7,432752.2,93136.11,119738.6,166030.7,176508.6,105013.2,186702.1,120914,130483.4,120302.6,108198.1,157829.6,127222.8,114087.9,1629338,21532.89,16772.25,121030.2,269611.1,159.5482,1322544,3920749,38050.6,716985.7,575605.5,42284.87,54419.86
Scenario 2,229,1,Fake Positive News,229,TRADING,140428.5,256338.9,152054.3,259435.4,675100.3,628292.1,225774.6,418688.6,700501.9,1050482,396421.2,312225.2,2016259,25853.69,402999,42929.56,392944.9,444658.9,1523596,46406.86,128541.8,509875.9,378795.1,432404.4,93054.37,119819.8,165713.5,176611.4,105054.1,186331.7,120961.2,130458,120622.6,108212.5,157801.7,127201.6,114074.2,1626844,21519.19,16763.75,121011.5,269324.2,159.3785,1322462,3923158,37977.74,716126,576976.9,42275.12,54402.57
Scenario 2,230,1,Fake Positive News,230,TRADING,140359.3,256886.6,152210.6,259517.3,674530.6,627947,225881.2,419208.2,700567.2,1048194,397211.6,311944.3,2020432,25889.62,403560.8,42962.58,392139.1,444930,1523455,46423.78,128358.9,509421.9,378622.9,432249.2,93164.66,119784.4,165529.1,176972.8,105037,185922.7,121135.1,130439.5,120900,108171.8,157731.4,127209.4,114033.9,1626323,21512.94,16758.88,121020.9,269190.6,159.2587,1322596,3927375,37917.33,715821,578006.7,42282.31,54352.06
Scenario 2,231,1,Fake Positive News,231,TRADING,140390.3,257398.2,152429.2,259508.9,673584.2,627479.5,225787.7,419788.7,700386.9,1046477,397752.1,311691.4,2025438,25940.07,403815.1,42990.1,391522.6,445273.7,1523337,46427.37,128436.4,508962.8,378654.9,432322.4,93241.67,119773.2,165315.8,177275.9,105040.6,185636,121226.5,130467.8,121124.2,108170.5,157757.3,127194.6,114026.3,1624247,21494.99,16774.82,121221.4,268756.7,159.2787,1322356,3926488,37862.06,714862.2,579114.5,42277.53,54330.52
Scenario 2,232,1,Fake Positive News,232,TRADING,140798.4,257806.8,152749.9,259407.4,672517.2,626839.2,225949.7,420316.3,700473.3,1045335,398530.4,311169.2,2027574,25974.42,403990.1,43019.32,390902.4,445536.5,1521696,46440.93,128526.1,508417.9,378604.4,432212.9,93243.53,119750.5,165150.6,177516.3,105001,185316.3,121239.7,130471.8,121521.6,108165.3,157778,127178.9,114074.5,1624294,21494.49,16783.89,121336.1,268477.2,159.2787,1322710,3930103,37793.59,713953.2,580164.4,42262.58,54358.95
Scenario 2,233,1,Fake Positive News,233,TRADING,141165.4,257885.3,152989.7,259521,671965.8,626610.8,225873.8,420813.6,700515.4,1043216,399088.9,311015.3,2032087,26008.12,404489.5,42999.08,389974.1,446178.5,1520203,46484.24,128543.2,508530.7,378638.1,432226.7,93234.56,119728.5,164952.4,177708.2,104965.2,184988.4,121372,130437.6,121898.7,107999.2,157789.6,127168.5,114011.1,1621414,21480.17,16791.36,121395,268315.6,159.2088,1321364,3932994,37721.58,713475.5,581292.1,42250.73,54329.94
Scenario 2,234,1,Fake Positive News,234,TRADING,141281.5,258254.5,153190.5,259440.7,671586.2,625984.4,225965.6,421553.4,700585.3,1041009,399481.9,310789,2035350,26053.71,404829.1,42998.55,389115.7,447296.3,1520095,46446.83,128715.1,508344.8,378599,432319.3,93262.85,119778.7,164802.3,177680.8,104974.1,184629.9,121341,130397,122252.2,107946.2,157781.5,127184.3,114045.6,1621554,21449.4,16775.2,121489.7,268162.7,159.1788,1320741,3939658,37669.93,713251.5,582481,42258.27,54290.41
Scenario 2,235,1,Fake Positive News,235,TRADING,141487.1,258725.6,153372.2,259671,671098.1,625438.8,225854.1,422165.4,700675.5,1039505,399845.1,310138.5,2039491,26098.66,405151,43032.77,387851.1,447718,1520271,46446.14,128621.4,508274.9,378637.4,432540.1,93274.05,119713.3,164533.6,177728.4,104924,184395.9,121384.3,130404.3,122555.6,107824.4,157763.7,127213.1,114090.6,1618149,21439.66,16787.45,121687.3,268120.4,159.1688,1321024,3941983,37603.91,712696.7,583528.4,42270.05,54243.21
Scenario 2,236,1,Fake Positive News,236,TRADING,141451.3,258889.9,153561.2,259765.4,670414.2,624428.1,225863.4,422793.9,700829.1,1037486,400672.2,309642.9,2041812,26149.4,405397.8,43059.42,387032.7,448400.2,1518878,46437.65,128616.6,507986.4,378460.4,432705.6,93420.7,119684.3,164236.5,177563,104940.8,183969.3,121471.3,130388.9,122825.6,107769.4,157797.9,127238.2,114146.2,1613980,21432.66,16780.54,121768.3,267871.3,159.0889,1322095,3941331,37522.92,712797.8,584679.6,42271.04,54246.89
Scenario 2,237,1,Fake Positive News,237,TRADING,141501.2,259492.7,153727.1,260129,669777.2,623299.5,225603.4,423046.8,700973.8,1036304,401052.4,309297.3,2044656,26179.56,405097.9,43049.34,386376.7,449055.7,1516422,46478.51,128635.7,507850,378435.7,433033.2,93544.76,119645.5,164093.9,177841.4,104928.9,183533.7,121619.2,130360.9,123121.5,107760.1,157840,127283.3,114191.9,1611523,21409.49,16755.82,121850.5,267697.4,158.8593,1322609,3941376,37475.17,712023.1,585717.5,42259.78,54216.84
Scenario 2,238,1,Fake Positive News,238,TRADING,141766.2,259794,154019,260133.8,669546.9,622673.6,225813.4,423734,700814.3,1034451,401627,309286.1,2047986,26225.27,405295.9,43049.42,385320.3,448890.2,1514742,46508.61,128500.5,507645.6,378258,433222.5,93584.21,119637.4,163824.3,177878.6,104938.1,183224.2,121616.1,130348.6,123407.4,107748.4,157898.9,127228,114115.1,1611297,21374.45,16763.53,121838.6,267563.1,158.8393,1322306,3945134,37397.1,711901.8,586870.6,42264.59,54215.43
Scenario 2,239,1,Fake Positive News,239,TRADING,141844.3,259947.5,154128.5,260408.7,669602.6,621729.4,225851.2,424422.6,700660.5,1032221,402408.2,308858.9,2053261,26283.78,405504.5,43044.68,384567.1,448974.4,1514160,46534.76,128567.5,507134.3,378374.8,433439.2,93633.25,119627.4,163495.8,177978.6,104973.7,182813.7,121791.2,130359,123766.9,107672.4,157926.8,127211,114107.3,1609793,21380.11,16760.38,121862.6,267647,158.8493,1323050,3946706,37311.24,711542.6,587707.8,42276.36,54191.3
Scenario 2,240,1,Fake Positive News,240,TRADING,141820.5,260244.4,154267.9,260565.1,669098.9,620931.7,225938.5,425026.7,700670.8,1030344,402838.2,308364.6,2058997,26329.73,405328.2,43085.98,383891.7,449453.2,1512608,46527.19,128580.2,507141.7,378267.3,433357.1,93532.71,119596.4,163307.3,178012,104926.5,182484.6,121917,130340.5,124143,107627.4,157942.7,127194.4,114159.7,1610495,21373.61,16766.93,121949.5,267351.4,158.8393,1324384,3952524,37228.15,711146.2,588910.3,42273.96,54162.15
Scenario 2,241,1,Fake Positive News,241,TRADING,141711.2,260660.7,154470.4,260799.1,668222.4,620398.6,225902,425679.1,700555.8,1029015,403496.8,307921.6,2062151,26376.66,405264.5,43117.83,382844.8,450006.6,1509598,46553.91,128523.6,506732.1,378164.4,433426.7,93569.22,119611.4,163026.7,177943.5,104867.2,182207.4,121963.3,130312.2,124434.3,107535.9,157991,127152.6,114127.4,1605531,21355.58,16768.59,122063.9,266935.2,158.8094,1325301,3953929,37183.9,709882,590035.8,42268.6,54101.9
Scenario 2,242,1,Fake Positive News,242,TRADING,141953.7,261271.4,154565.2,260923.3,667672.7,619831.7,225911.2,426082.8,700561.2,1027174,403941,307489.1,2064802,26415.03,405687.8,43134.12,382056,450077.6,1507723,46537.75,128277.4,506461.3,378288.6,433157.7,93586.67,119596.9,162824.6,178057.4,104838.6,181724.7,122017.3,130327.6,124737.4,107542.3,157991.8,127147.1,114109,1601846,21353.01,16765.91,122037.2,266669.8,158.8193,1326744,3956215,37097.06,708957.5,590907.4,42277.53,54078.42
Scenario 2,243,1,Fake Positive News,243,TRADING,142177.4,261930.3,154736.2,260945.3,666712.3,618796.8,226154.5,426556.7,700640.3,1025206,404442.8,306695.4,2062372,26447.54,406141.6,43151.87,381203.3,450603.7,1506080,46537.46,128248.2,506525.7,378204.1,433264.2,93510.93,119584.7,162467.8,178112.2,104900.7,181358.6,122160.1,130310.4,125103.6,107423.6,158030.1,127139.4,114107.4,1599880,21338.19,16759.44,122004.9,266475.4,158.7295,1330140,3961914,37036.19,708276.2,592128.9,42278.15,54087.1
Scenario 2,244,1,Fake Positive News,244,TRADING,142294.3,262266.6,154783.6,261157.3,666668.8,618633.8,226180.8,427140.8,700570.1,1023140,405140.7,306129.8,2057743,26493.09,406605.9,43157.08,380633.3,451062.5,1504012,46478.75,128153.9,506197.3,378270.3,433397.3,93590.75,119590.5,162370.4,178108.4,104752.4,181002.2,122183.5,130321.5,125459.3,107341.1,158046.3,127100,114131.5,1595625,21335.03,16748.05,122032.7,265978.6,158.7495,1328846,3964821,36978.58,707732.7,592841,42278.33,54079.85
Scenario 2,245,1,Fake Positive News,245,TRADING,142432.6,262696.4,155058,261377.4,666203.6,617957.1,226267.7,427773.9,700327.5,1021031,405657.4,305315.9,2054232,26537.76,406856.8,43177.7,379966.4,451574.4,1501409,46502.73,128096.6,505754.1,378193,433666.3,93682.62,119600.7,162067.3,178241.9,104689.6,180647.3,122380.2,130320.4,125698.3,107262.2,157969.6,127125,114131.7,1594451,21331.9,16765.06,121938.3,265937.6,158.8393,1328349,3968066,36929.49,708413.2,593483.5,42274.23,54108.77
Scenario 2,246,1,Fake Positive News,246,TRADING,142591.7,262540.1,155237.6,261350.2,665769,617355.2,226172.1,428307.6,700290.8,1020535,406069.7,305083.7,2049521,26580.27,407757.5,43149.5,379030.9,451709.6,1499087,46461.55,128267.4,505463.1,378101.6,433661.4,93825.51,119613.4,161851.1,178169.9,104705,180232.4,122553.2,130308.5,126034.8,107225.3,158020,127103.5,114052.1,1591656,21335.52,16772.03,121973.3,265637.4,158.7295,1327994,3972929,36842.48,708165.7,594665.4,42265.63,54063.41
Scenario 2,247,1,Fake Positive News,247,TRADING,142827.2,261998.1,155305.7,261460.3,665371.7,616864.1,226214.2,428646.1,700248.8,1018716,406620,304307.3,2046550,26611.03,408183.4,43130.83,378242.1,452452.4,1498218,46454.77,128454.1,505289.7,378140.1,434019.4,93734.74,119578.4,161722.5,178144.2,104740.7,179801.1,122666.3,130310.1,126335.9,107021.2,158059.7,127105.3,113973.2,1589842,21314.12,16773.62,122069.7,265376.5,158.6097,1328360,3974602,36787.9,708742.6,595889,42263.19,54022.8
Scenario 2,248,1,Fake Positive News,248,TRADING,142841.1,261603.8,155424.7,261583.9,664377,616573,226279.7,429208.4,700152.3,1016455,406865.5,303962.6,2042182,26656.28,409169.8,43168.92,377659.3,452730.6,1496701,46444.84,128361.4,505157.7,378128.2,434219.4,93650.08,119571.6,161398.8,178123.2,104736.9,179347.8,122703.6,130299.1,126652.6,106869,158091,127083.9,114001,1587090,21298.64,16783.25,122094.8,265033.2,158.7195,1327507,3977099,36729.09,708556.8,597130.1,42247.81,53991.45
Scenario 2,249,1,Fake Positive News,249,TRADING,142943.2,261012.5,155541.8,261737.6,663821.3,615623.3,226424.7,429650.6,700166,1014288,407611.6,303116.3,2038690,26698.94,409007.5,43187.21,376501,452605.1,1494991,46458.09,128212,504440.8,378060,434369.5,93722.6,119529.7,161176.3,178186.6,104684,179010.2,122900.2,130313.8,126994,106711.5,158036.3,127113.7,113981.5,1585872,21273.28,16786.07,122126.9,264760.7,158.5697,1327073,3980471,36654.76,708999.7,598135.4,42253.65,53958.25
Scenario 2,250,1,Fake Positive News,250,TRADING,142980.3,260482.8,155832.4,261834.5,663159.2,615356.7,226473.7,430543.8,700132.7,1011901,408256.4,302835.7,2035322,26738.96,408942.8,43243.74,375763,453126.3,1494010,46434.23,128303.4,504161.9,377952.8,434642,93673.35,119551.3,160906.7,178218.7,104698.7,178625.2,122757,130324.8,127397.6,106577.9,158074.2,127095,114025.7,1584537,21272.05,16783.25,122229.4,264542.2,158.4,1326337,3982333,36587.4,708108.3,597147.3,42247.34,53928.07
Scenario 2,251,1,Fake Positive News,251,TRADING,143324,260207.7,155994.5,261895.4,662279.6,614553,226362.7,431289.8,699997.7,1010191,408833.4,302182.2,2031813,26714.83,409148.2,43272.24,374836.1,453731,1492569,46450.24,128190.4,503728.3,377996.8,434633.5,93625.3,119567.3,160577.8,178215.1,104717.2,178259.2,123021.6,130305.4,127685.7,106578.3,158113.6,127063.1,114125.2,1585476,21266.71,16758.69,122336.9,264248.6,158.2402,1326763,3988699,36532.06,707774.6,596000.2,42246.25,53880.72
Scenario 2,252,1,Fake Positive News,252,TRADING,143440.6,259514.8,156266.8,261945.2,661633.9,613807.5,226474.9,431998.6,699862.6,1008619,409395.1,301664.6,2027669,26679.27,409713.9,43287.23,374107.9,454178.2,1491380,46420.12,128119.8,502969.5,377871.2,434710.6,93652.08,119507.8,160344,178334.4,104780.1,177977.3,123119.3,130261.1,127995,106489.1,158187.9,127062.8,114171.5,1581781,21236.49,16754.56,122455,264024.9,158.3201,1327345,3991698,36472.68,707188.3,594678.7,42257.94,53885.77
Scenario 2,253,1,Fake Positive News,253,TRADING,143513.9,259167.9,156386.4,262265.7,660926.8,613398.5,226406.8,432490.1,699753.9,1007247,410063.5,301483.6,2024732,26645.57,410193.6,43343.49,373270.6,454311.9,1489746,46435.04,128034,502613.2,377815.2,434619.1,93836.8,119572.6,160096.7,178425.9,104734.1,177585.8,123284.5,130239.6,128329.5,106392.8,158214.8,127037.5,114180.4,1576828,21210.42,16755.69,122510.7,263621.8,158.1204,1327377,3994565,36393.6,706676.6,593074.4,42259.34,53884.09
Scenario 2,254,1,Fake Positive News,254,TRADING,143699.7,258665.1,156542.3,262501.5,660815.7,613568.1,226511.5,433262.8,699669.8,1005848,410391.6,300799.6,2021856,26602.89,410903.8,43368.47,372418.2,454268.1,1486555,46497.61,128089.4,502342.2,377804,434494.3,94093.47,119556.4,159830.2,178475.5,104684.3,177180.2,123374.6,130226.7,128672.7,106387.1,158337.3,127061.9,114189.1,1576035,21175.99,16756.9,122629.6,263512.2,158.0106,1325845,3996562,36325.51,706909.6,592067.5,42265.15,53888.32
Scenario 2,255,1,Fake Positive News,255,TRADING,143679.6,257912.3,156828.9,262497.7,660390.9,612629.8,226559.2,433682.1,699321.9,1003365,411051.6,300468.3,2018770,26555.86,411279.8,43425.45,371356.3,454869.8,1483774,46522.49,128173.1,501920.9,377798.4,434779.5,94230.78,119551.6,159552.6,178474,104651.1,176693.4,123517.2,130218.6,129017.9,106264.3,158344.4,127058.1,114228.8,1575373,21166.17,16751.13,122649,262988.2,157.9706,1326450,4001449,36275.01,706953.6,591059.5,42254.33,53875.16
Scenario 2,256,1,Fake Positive News,256,TRADING,143587,257541.8,157082.5,262497.3,659769.9,611689.7,226533,434282.7,699402.4,1001344,411713.6,299999,2014526,26522.53,411515.7,43467.71,370365.5,455482.7,1481172,46568.35,128138.5,501336.4,377860.8,434993.5,94314.87,119581.7,159431.6,178598.7,104641,176298.5,123610.1,130243.3,129393.5,106184,158412.4,127045.9,114178.4,1575642,21163.63,16737.39,122717.5,262610.3,158.0106,1329818,4004590,36204.5,705979.5,589653.9,42252.2,53864.17
Scenario 2,257,1,Fake Positive News,257,TRADING,143702.6,257021.1,157287.2,262661.3,659084.2,611035.6,226556.2,434571.8,699443.2,999801.9,412231,299293.7,2010228,26494.35,412012,43493.05,369595.3,455605.3,1481139,46593.34,128034,500730.1,377707.6,435319.6,94395.72,119590.9,159348.6,178644.1,104620.3,175966.3,123746.5,130248.2,129689.2,106164.4,158443.6,127016.4,114193.1,1575280,21146.54,16720.29,122812.8,262583.5,157.9207,1328837,4007203,36129.37,704879.2,589056.1,42258.5,53864.2
Scenario 2,258,1,Fake Positive News,258,TRADING,143839.4,256708.7,157460.2,262636.2,658316.8,610756.2,226682.8,434924.3,699435.3,998017.7,413224.3,298684,2007152,26480.3,412638,43522.65,368793.6,456153.7,1478728,46646.69,128108.7,500218.5,377594,435501.3,94449.18,119597.8,159193.9,178673.6,104646.7,175511.2,123838.8,130226.7,129989.7,106162.5,158532.2,127013.2,114159.9,1571110,21136.29,16706.48,122972.9,262360.2,157.9207,1329709,4013948,36055.48,704033.7,587879.8,42245.08,53847.03
Scenario 2,259,1,Fake Positive News,259,TRADING,143771.6,256184.5,157759.5,262600.1,657520.1,609337,226816.8,435253.6,699443.7,996770.5,413863.6,298403.1,2003243,26459.17,413045.4,43538.76,367876,456416.2,1477339,46666.69,127960.4,500027.1,377539.1,435419.1,94493.86,119595,158975.9,178861.9,104654,175173.6,123834.2,130241.2,130278.6,105900.3,158585.6,126983.7,114093.9,1570020,21114.6,16718.39,123070.7,262043.1,158.0206,1331168,4015655,35983.77,704124.3,586867.3,42231.53,53792.19
Scenario 2,260,1,Fake Positive News,260,TRADING,143963.5,256036,157883.3,262720.7,657241.3,608704.3,226703.4,436033.3,699605,996070.2,414567.7,297984.3,2000545,26430.67,413474.5,43523.83,367100.2,457110.6,1476211,46659.66,127981.5,499574.9,377456.7,435539.3,94580.04,119557.1,158740.2,179065.6,104699.5,174727.4,123990.5,130242.3,130586.4,105852.5,158555.1,126991.5,114069.3,1568312,21105.83,16744.92,123229.1,261896.6,157.8608,1330536,4017802,35945.79,703933.1,585719.4,42244.41,53778.26
Scenario 2,261,1,Fake Positive News,261,TRADING,144116.4,255533.8,158033.2,262633.2,656392.6,608362.7,226630.5,436922.3,699551.2,995063.7,415190.9,297901.3,1997456,26387.24,413535.3,43557.66,366311,457664.3,1474445,46637.71,128005,499864.6,377532.4,435422.9,94669.36,119582.5,158514,179191.7,104715.5,174465.2,124114.6,130207.5,130919.5,105908.6,158550.5,126968.9,114066.4,1567858,21088.79,16736.47,123340.2,261653.1,157.731,1331578,4019069,35889.41,703182.4,584732.9,42241.59,53766.73
Scenario 2,262,1,Fake Positive News,262,TRADING,144173.7,254985.7,158297.8,262589.9,655239.6,607898.5,226584,437261.1,699426,993538.1,415486.6,297351.3,1993764,26362.29,413899.4,43589.68,365466.9,457219,1473254,46663.17,127899.3,499794.4,377331,435526.7,94571.52,119574.9,158294.2,178911.5,104711.8,174144.4,124231.3,130186.8,131203.1,105909.4,158611.7,126919.9,114146,1566206,21073.25,16722,123501,261454.6,157.6511,1331383,4025204,35811.19,702955.9,583678.7,42250.97,53727.42
Scenario 2,263,1,Fake Positive News,263,TRADING,144222.3,254647.5,158371.5,262603.8,654892.2,607177.7,226812.5,437548.6,699710.9,991530,416053.7,296967.9,1991114,26320.55,413803,43565.39,364751.1,457704.2,1470183,46619.05,127936.2,499632.5,377294.3,435285.7,94559.12,119572.9,158042.2,179088.5,104629.5,173730.4,124335.2,130143.7,131535.1,105804.7,158640,126897.1,114160.4,1564319,21060,16731.42,123695.9,261348.1,157.4714,1332619,4029105,35766.1,702545.7,582854.5,42253.49,53723.14
Scenario 2,264,1,Fake Positive News,264,TRADING,144300.8,254200.4,158580.2,262790.6,654671.9,606484.7,226840.6,437933.1,699693.1,990330.6,416585.2,296468.6,1987057,26290.33,414252,43557.05,364063.5,458053.7,1468249,46640.95,127872.7,499127.1,377386,435199.3,94530.3,119534.4,158024.4,179111.5,104598.2,173328.6,124490.3,130135.4,131846,105810.9,158668.8,126884.7,114159.7,1561988,21067.23,16713.54,123814,260820.7,157.4414,1331835,4032383,35708.61,702208.9,581735,42248.02,53680.71
Scenario 2,265,1,Fake Positive News,265,TRADING,144391.6,253555.9,158724.9,262778.6,654399.3,606084.1,226930.9,438333.6,699500.6,988401.2,417316.2,295929,1985608,26266.4,414564.6,43609.7,363332.5,458983.7,1466706,46693.36,127842.7,498771.3,377226.6,435222.9,94457.2,119543.7,157703.2,179317.1,104612.7,173050.3,124566.8,130151.7,132087.5,105791.2,158670.4,126864.4,114192.2,1560331,21059.63,16727.79,123850.5,260548.7,157.3815,1331425,4034184,35647.98,701354,580613.9,42239.37,53632.08
Scenario 2,266,1,Fake Positive News,266,TRADING,144440,253121.1,158959.3,262910.6,653594.7,605102.9,226832.5,438780.4,699277.5,986800.8,417825.5,295537.7,1980759,26231.15,414717.1,43606.26,362437.5,459267.4,1464232,46709.48,127849.9,498787,377391.6,435579.6,94491.71,119572.4,157593.7,179478.9,104571.3,172669,124578.7,130176,132421.2,105802.7,158677.2,126863,114166.4,1557442,21052.55,16740.01,123872.3,260468.6,157.4015,1332322,4036893,35592.74,700419.6,579552.4,42225.83,53570.74
Scenario 2,267,1,Fake Positive News,267,TRADING,144568.5,252705.7,159247.8,263157.7,653285.6,604330.3,226948.7,439248.3,699217.7,985013.9,418381.3,294881.2,1977608,26200.77,415230.2,43664.79,361508,459385,1461849,46636.67,127994.7,498752.8,377344.7,435367.5,94374.62,119560.3,157356,179143.6,104577.4,172316.6,124632.9,130150.5,132769.7,105607.7,158618.3,126849.9,114225.3,1555629,21055.75,16744.42,123899.6,260222.1,157.2218,1331504,4039685,35531.83,700352.3,578403.1,42213.78,53551.9
Scenario 2,268,1,Fake Positive News,268,TRADING,144939.4,252476.9,159551.3,263269.3,653109.9,603354.2,226888,439778.8,699114,983371.2,419213.1,294272.6,1972581,26163.25,415328.4,43671.36,360516.8,459907.6,1461422,46631.57,128041.6,498400.3,377242.5,435574.7,94553.11,119594.7,157210.3,179001.9,104571.4,171874.8,124681.8,130121.8,133074.7,105434.7,158656,126823.1,114232.4,1552191,21061.99,16736.21,123913.7,260063.9,157.1718,1332384,4044657,35467.78,700726.2,577631.8,42194.31,53527.74
Scenario 2,269,1,Fake Positive News,269,TRADING,145000.4,252049.8,159697,263414.7,652712.8,603176.8,226708.8,440222.6,699283.7,982030.3,419690.1,293698.3,1968402,26119.54,415517.2,43652.78,359948.9,459907.4,1460760,46679.46,127911.1,498063.7,377212.5,435585.1,94513.09,119632.9,156902.5,179350.5,104496.4,171517,124726.9,130093.4,133359.5,105313,158627.9,126817.7,114278.1,1549805,21031.12,16713.63,123967.4,259761.8,156.9821,1332226,4045985,35401.8,700411.9,576453.5,42194.91,53479.21
Scenario 2,270,1,Fake Positive News,270,TRADING,145269.4,251946.2,159843.7,263691,652363.7,601871.3,226806.7,441127.6,699327.5,981161.7,420361.6,293535.3,1965871,26089.39,415898.9,43685.29,358609.7,460460.2,1458663,46690.61,127833.4,497570.7,377332.8,435853.1,94475.28,119612.7,156584.9,179484.3,104442.1,171032.3,124775.2,130064.4,133631.3,105387.8,158626.7,126839.6,114297.7,1546702,21007.73,16698.76,123970.4,259437.5,156.9023,1331684,4049926,35327.91,700307.8,575454.9,42201.27,53443.05
Scenario 2,271,1,Fake Positive News,271,TRADING,145343.3,251478.1,160016.3,263668.4,652201.6,601264.9,226798.4,441736,699323.4,980006.7,421130.6,293103.1,1961990,26045.8,416469.7,43669.67,357759.3,460583.6,1457464,46732.48,127746.7,496999.2,377088.6,436068.8,94697.36,119602.6,156418.2,179436.5,104530,170584,124724.8,130074.5,134001.9,105339.7,158605.5,126860.9,114289.8,1546065,20992.66,16668.85,123945.2,259222.8,156.8124,1330592,4051928,35245.99,699867.3,574155.3,42191.96,53416.64
Scenario 2,272,1,Fake Positive News,272,TRADING,145405,250855.8,160118.4,263986.4,652081.5,600521.7,226776.5,442118.7,699428.2,978062,421672.4,292590.4,1956762,26010.94,416906.8,43649.41,356713,460939.7,1458026,46762.84,127737.2,496703.8,377095.8,435990,94682.3,119581.5,156244.4,179618.6,104493.8,170170.1,124735.8,130070.4,134297.5,105231.9,158562.7,126872.6,114267.8,1546593,20998.99,16680.75,123973.5,258914.8,156.7125,1330723,4057272,35193.35,699106.6,572932.2,42200.73,53412.97
Scenario 2,273,1,Fake Positive News,273,TRADING,145580.9,250349.9,160328.5,264082.8,651767.7,599966.9,226705.8,442537.6,699349,976765.5,422188.1,292094.8,1955065,25977,417571.5,43691.09,355807.5,460894.4,1455721,46786.12,127797.2,496471,377180.2,435847.8,94666.08,119586.1,156130.1,179733.2,104487,169824.8,124734,130060.7,134525.9,105155,158495.8,126877,114322.7,1543439,21013.32,16688.75,123877,258642.9,156.7125,1331022,4060813,35148.6,698643.6,571736.5,42206.46,53377.56
Scenario 2,274,1,Fake Positive News,274,TRADING,145642.7,249810,160568.2,264022.4,651160.8,599766.4,226646.6,443256.5,699247.6,974825.1,422772,291410,1950033,25933.14,418382.3,43676.01,354868.9,461464.7,1454222,46814.49,127868,496305.7,377132.5,436063.2,94794.88,119584.8,155827.9,179900.3,104546.5,169459.9,124902.5,130056.6,134843.8,105091.6,158516.1,126855.6,114344.3,1542990,21000.99,16683.35,123827.1,258545.2,156.8224,1332630,4064979,35095.12,698327.2,570376.8,42216.91,53337.84
Scenario 2,275,1,Fake Positive News,275,TRADING,145637.2,249184.2,160780.8,264208.7,650736,598710.5,226753.3,443916.9,699071.7,974057.2,423262.2,290790.7,1947191,25899.62,419148.5,43696.14,353987.4,461690.9,1453249,46800.74,127885.2,496047.3,376996.8,436137.7,94848.64,119544.8,155592,180354.2,104590,169135.4,124974.9,130066.5,135213.4,105056.6,158547.3,126837.2,114418.1,1541934,20998.77,16684.17,123892.1,258350.8,156.7125,1330331,4067895,35021.01,698761.9,569029.3,42218.03,53304.54
Scenario 2,276,1,Fake Positive News,276,TRADING,145852.9,248781.2,160914.6,264495.8,649971.9,598244.1,226740,444549.2,699029.2,971764.1,424019.2,290255.7,1942947,25876.85,419434.7,43764.51,353222.8,462032.2,1451700,46829.65,127647.9,495803.5,376938.5,435921.3,94995.03,119506.7,155280.6,180314.1,104535.4,168796,125138.9,130105.5,135489.1,105023,158611.9,126858.3,114391,1542370,20980.89,16722.98,124007.7,258035.6,156.5728,1329507,4072951,34965.4,698501.1,568134.1,42232.7,53282.94
Scenario 2,277,1,Fake Positive News,277,TRADING,146126.1,248048.9,161054.6,264417.7,649462.8,597499.1,226901.7,445125.4,698798.4,970267.1,424828.9,289872.4,1939005,25835.54,419953.3,43785.1,352161.8,463098.5,1449449,46860.42,127665.3,495234.1,376906.6,436050.7,95041.39,119530.9,155084.3,180112.6,104451.6,168442.1,125227.4,130100.7,135781.2,105045.4,158589.1,126877.6,114433,1540286,20980.62,16729.14,124138.9,257779.7,156.6227,1327950,4078492,34906.59,697844.4,566618.6,42239.23,53266.56
Scenario 2,278,1,Fake Positive News,278,TRADING,146351.8,247779.6,161205.9,264486.2,648865.2,597468.3,226805.5,445808.1,698807.6,968695.9,425287.4,289844.1,1934831,25801.7,419969.8,43764.33,351055.2,463099.9,1448193,46849.89,127717.8,495093.7,376889.7,436005.5,95098.59,119528.3,154872.4,180263.8,104425.9,168153.9,125335.6,130097.2,136054.7,105007.9,158547.1,126848.6,114382.2,1537926,20953.97,16724.05,124227.3,257700.7,156.7924,1327521,4081380,34829.27,698446.1,565540.2,42239.09,53310.36
Scenario 2,279,1,Fake Positive News,279,TRADING,146646.2,247148.4,161360.3,264421.6,648383.1,597656.9,226710.2,446567.3,698733.9,967596.6,426007.8,289375.7,1929260,25748.77,420539.8,43825.8,350121,463093.7,1444662,46835.31,127814.9,494558.6,376851.9,435810.4,95114.7,119470.4,154638.7,180396.3,104510,167833.1,125440,130113.3,136394.3,104809.8,158577.1,126873.8,114386.2,1536078,20945.17,16737.68,124237.3,257541.4,156.8623,1327420,4086006,34769.55,697757.1,564559.4,42245.07,53244.06
Scenario 2,280,1,Fake Positive News,280,TRADING,146786.8,246537.2,161745.7,264669.2,647647.8,597704.1,226419.5,447001.9,698575.7,966014.9,426426,288550.3,1925897,25719.35,420883.1,43824.77,349218.4,464145.9,1444715,46845.26,127680.5,494316.9,376806.9,435924.7,95113.27,119474.8,154524.9,180629.8,104516.9,167446.5,125672.9,130117.8,136712.3,104743.6,158583.6,126847.3,114421.9,1535923,20921.83,16748.8,124201.5,257279.8,156.7625,1327051,4092818,34723.59,697248.9,563588.5,42238.24,53183.8
Scenario 2,281,1,Fake Positive News,281,TRADING,147036.4,246007.8,161989.5,264839.9,646698.6,597435.6,226270.9,447753,698656.8,965460.6,427126.4,287890.2,1922364,25684.6,421390.9,43876.5,348394.7,464106.1,1446233,46854.61,127791.9,493839.3,376835.2,436020.8,95126.84,119427.9,154346.8,180672.9,104502,166991.4,125738.5,130109.5,136991.2,104685.5,158586.8,126887.2,114388.1,1531990,20894.93,16742.84,124287.2,257047.5,156.6726,1327805,4096916,34664.37,695986.6,562168.7,42248.83,53190.62
Scenario 2,282,1,Fake Positive News,282,TRADING,147371.1,245600.8,162160.1,264766.3,646044.4,596270,226339.2,448482.1,698633.1,963412.7,427799.7,287263.4,1919787,25643.16,421807.5,43885.88,347579,464437.2,1443327,46835.76,127858.9,493778.1,376759.6,436098.3,95140.67,119398.9,154169.2,180717.1,104447.1,166610.9,125778.8,130122.9,137263.9,104556.6,158605.3,126863.8,114392.2,1530011,20880.69,16730.93,124394.9,256936,156.7325,1328205,4095912,34608.55,695892.6,561365.3,42250.23,53206.7
Scenario 2,283,1,Fake Positive News,283,TRADING,147628.2,245172,162347.7,264919.4,645437.5,595758.8,226291.1,448666.7,698683.7,961729.9,428453.5,287003.4,1915251,25619.46,422262.4,43874.4,346709.5,463712.5,1442609,46881.7,127831,493111,376604,436104.7,95157.71,119372.5,153880.7,180747.3,104425.1,166304.9,125831.5,130158.9,137611.1,104434.3,158665.3,126836.6,114353.8,1530454,20874.45,16730.99,124409.6,256669.8,156.6826,1327699,4100771,34533.55,695196.3,560679.7,42260.83,53161.34
Scenario 2,284,1,Fake Positive News,284,TRADING,147618.7,244483.8,162336.1,264845.6,644865.5,595376.8,226166.7,449137,698802.2,959629.7,428758.4,286417.7,1913139,25581.52,422071.5,43892.09,345921.4,463980.1,1441122,46917.36,127923.7,493184.3,376762.1,436284.5,95132.31,119379.3,153718.8,180831.7,104391,166081.5,125895.8,130135.2,137879.3,104266.3,158677.7,126820.9,114317.7,1529255,20847.49,16722.33,124598.2,256425.7,156.7425,1328747,4106254,34467.78,694520.2,559753.4,42258.46,53144.47
Scenario 2,285,1,Fake Positive News,285,TRADING,147805.4,244259.2,162535.1,264861.3,644649.1,595053.6,226103.9,449568.2,698597.2,958559.7,429317.6,286436.5,1908105,25541.3,421841,43906.32,344928,464624.8,1440212,46881.02,127916.3,493432.1,376789.9,436333.2,95315.46,119413.3,153378.5,180917.4,104387.3,165728.2,126049,130118.4,138139.2,104231.8,158732.9,126809.9,114431.1,1527848,20837.55,16738.89,124543.8,256224.8,156.4529,1330165,4109732,34401.81,693921,559005.2,42262.17,53130.11
Scenario 2,286,1,Fake Positive News,286,TRADING,147924.3,243618.3,162667.9,264964.7,644562,594596.2,226222.3,450119.7,698470.3,956820.8,429798.2,285934.5,1904790,25517.66,422315,43938.82,343891.2,465022.3,1439261,46863.39,128113.4,493520,376786.8,436383.2,95428.24,119426.9,153269.1,181063.6,104349.7,165307.7,126074.7,130143.1,138501.8,104147.3,158784.5,126844.9,114466.6,1523521,20827.22,16744.29,124552.5,255983.9,156.4529,1329214,4111110,34339.37,692882,558350.5,42267.77,53092.87
Scenario 2,287,1,Fake Positive News,287,TRADING,147910.9,242969.7,162858.2,265329.5,644005.3,594213.3,226338.2,450751.6,698404.5,956216.8,430348.9,285409.8,1901800,25492.93,422802.1,43990.34,343054.5,465447.4,1435756,46851.18,128074,493142.7,376797.7,436394,95458.03,119443.3,153142.4,180873.4,104335.8,164891.6,126226,130120.6,138501.8,104204,158724.2,126823.3,114491.6,1519093,20824.69,16758.71,124688.5,255901.8,156.5628,1330482,4112070,34285.74,692615.9,557051,42273.29,53084.1
Scenario 2,288,1,Fake Positive News,288,TRADING,148092,242508,163065.6,265473.3,643728.7,593499.5,226491,451537.7,698500.2,955514.3,430880.1,285072.8,1896391,25462.15,423293.2,43977.94,342462.4,465448.2,1435749,46849.9,128023.2,492604.9,376610.4,436361.7,95414.96,119393,152801.6,180922.4,104316.7,164492.9,126302,130125.9,138501.8,104068.1,158709.7,126839.8,114514.1,1516348,20788.31,16745.66,124764.4,255710.1,156.5728,1328892,4115736,34209.14,692582.2,556418.7,42279.57,53066.23
Scenario 2,289,1,Fake Positive News,289,TRADING,148354.8,241964,163193.3,265494.3,643939.5,592452,226577.7,452112.7,698198.9,954595.1,431328.8,284840.6,1892809,25428.91,423713.7,44041.83,341578.1,465328.6,1435211,46920.07,128015,492473.1,376549.8,436184.9,95624.29,119404.5,152572,181120,104397.1,164143.6,126232.6,130123.3,138501.8,103984.9,158705.5,126846.3,114536.5,1514749,20774.28,16761.33,124859.6,255312.2,156.423,1329701,4120282,34149.57,691852.5,555366.5,42289.1,53059.38
Scenario 2,290,1,Fake Positive News,290,TRADING,148662.7,241463.4,163367.4,265321.9,643419.1,591744.3,226823.7,452863.8,698123,952268.8,432176.4,284493.7,1888228,25391.06,424220.5,44043.02,340923.4,465081.7,1434551,46926.89,127947,491929.7,376530.1,436211.9,95512.23,119338.7,152401.9,180980.5,104419.7,163825,126429.2,130136.7,138501.8,104011.6,158703.2,126845.4,114503.1,1510957,20752,16744.16,124909.3,254916.3,156.4529,1329768,4122836,34072.89,691349.2,553948.1,42286.6,53053.56
Scenario 2,291,1,Fake Positive News,291,TRADING,148946.8,240915.6,163474.1,265257.9,643128.1,590932,226697,453380.8,697831.3,950336.8,432851.4,284281.5,1883955,25363.39,424042.2,44071.69,339868.8,465143,1432885,46963.29,127931.4,491343,376549.5,436224.2,95458.7,119343.8,152066.4,181195.5,104491.6,163384.6,126373.2,130136.4,138501.8,103901.1,158716.2,126774.4,114549.4,1511425,20725.77,16750.56,125036.3,254757.1,156.5628,1330382,4125551,34005.64,690654.3,552541.8,42275.24,53015.73
Scenario 2,292,1,Fake Positive News,292,TRADING,149006.3,240523.4,163700.1,265462.8,643087.3,590195.8,226698,453798.9,697892.8,948673.7,433412.1,284144.9,1880319,25339.94,424299,44079.63,338812.7,465306.9,1430773,46914.63,128001.6,490953.6,376469.3,436170.4,95522.2,119352.6,151760.4,181252.2,104502.9,162998.1,126573,130128.7,138501.8,103877.9,158675.6,126755.4,114491.2,1510170,20698.28,16781.03,125119.3,254489.1,156.6227,1331146,4128001,33951.49,689319.4,551667,42277.63,52991.1
Scenario 2,293,1,Fake Positive News,293,TRADING,149061.8,240039.7,163906.5,265700.9,643090.6,589941,226724.8,454337.1,697957.1,946345.1,433921,283341.5,1876417,25298.87,424719.9,44110.6,338028.7,465476.8,1429268,46928.36,127860.2,490223.1,376474.5,436347.6,95590.9,119318.3,151532.7,180896.4,104567.9,162611.8,126699.4,130134.8,138501.8,103808.6,158696.2,126762,114508.3,1508090,20671.66,16760.61,125189.7,254203.6,156.7026,1332497,4134979,33890.78,689330.6,550779.8,42266.46,52989.32
Scenario 2,294,1,Fake Positive News,294,TRADING,149447.9,239373.3,163988.5,265812.6,642709.5,589258.7,226765.3,454927.8,697926.2,945626.9,434687.7,282902.3,1873218,25256.76,425445.6,44146.79,337337.8,465556.7,1427534,46928.5,127875.4,489490.1,376364.2,436590.8,95596.12,119292.5,151292.9,181043,104552.3,162195.2,126784.7,130161.2,138501.8,103869.6,158605.9,126752.2,114558.9,1502981,20670.84,16757.44,125286.2,253953.5,156.6526,1331477,4136605,33838.86,689080.1,549459.5,42264.71,52970.24
Scenario 2,295,1,Fake Positive News,295,TRADING,149679.1,239059,164192.3,266150.9,641711.6,588299.9,226755.4,455504.3,697788.5,944476.2,435370.5,282147.1,1870565,25217.75,425464.2,44172.95,336531.8,465798.7,1426014,46933.28,128127.6,489380.8,376415.7,436619.6,95586.51,119277.8,151093.7,180992.4,104508.2,161906.8,126816.9,130207.1,138501.8,103842.4,158657.1,126727.1,114533.7,1502074,20673.38,16745.69,125252.4,253570.6,156.4829,1330917,4142049,33788.22,687955.7,547666.4,42254.53,52925.53
Scenario 2,296,1,Fake Positive News,296,TRADING,149769.5,238657.9,164441.6,266491,640928.8,588064.9,226664.5,456199.1,697726.2,942650.8,435734.9,281644.7,1865837,25188.63,426194,44198.32,335631.6,466329.5,1424790,46910.34,128169.4,488776.1,376520.4,436719.7,95662.07,119256.2,150862.3,181265,104582.2,161352.4,126990.4,130188.7,138501.8,103854.4,158684.8,126728.6,114478.8,1500533,20654.97,16754.95,125323,253225.4,156.6327,1330006,4145468,33710.37,686604.4,546566.9,42262.09,52877.49
Scenario 2,297,1,Fake Positive News,297,TRADING,149937.1,238254.7,164658.9,266761.5,640968.4,587420.7,226783.2,456826.1,697648.1,941618.4,436338.5,281206,1860787,25154.45,426765.6,44191.77,335055.2,466629.6,1422415,46886.3,128315.1,488672.1,376577.5,436638.1,95601.39,119297.5,150639.4,181358.6,104534,160907.6,127004.5,130165.1,138501.8,103751.1,158581.7,126745,114554.9,1496864,20647.88,16754.04,125466.8,252894.6,156.5728,1330502,4152636,33662.17,686777.9,545356.2,42273.3,52856.42
Scenario 2,298,1,Fake Positive News,298,TRADING,150043.2,237830,164817,266961.3,640469.5,587314.6,226806.2,457462.2,697795.7,939949.4,436650.3,280688.6,1857914,25126.85,426962.4,44192.43,334405.8,467188.4,1421067,46880.43,128327.3,488523.5,376558.8,436487.5,95612.13,119317.4,150534.2,181418.1,104550.2,160524.6,126887.8,130170.4,138501.8,103769.1,158566.7,126757.8,114608.4,1494450,20632.31,16751.68,125566.9,252813,156.393,1329396,4156022,33615.42,686694.7,544375.8,42271.49,52844.96
Scenario 2,299,1,Fake Positive News,299,TRADING,150471.6,237250,165180.6,267132.1,639731.8,587135.6,226809.4,457871.7,697707.6,938161.1,437163.3,279649.7,1852706,25097.05,427454,44198.43,333753.1,467384.2,1420238,46889.73,128301.4,487992.5,376521.1,436318,95775.34,119381.5,150184.5,181404.2,104660.9,160070.8,127053.5,130213.2,138501.8,103714.9,158630.9,126778.4,114601.9,1493658,20622.66,16746.24,125787.3,252622.9,156.3032,1330083,4158677,33567.63,686609.4,543419.5,42262.63,52841.22
Scenario 2,300,1,Fake Positive News,300,TRADING,150681.4,236649.7,165329.9,267078.2,639744.1,586794.5,226711.8,458389.9,697841.3,936612.2,437733.3,279217.3,1850145,25066,427400.3,44206.63,332864.5,468032.4,1419979,46890.79,128384.8,487852.4,376527.6,436374.5,95859.5,119326.3,150012,181670.8,104589.5,159679.7,127234.6,130175.9,138501.8,103605.1,158640.7,126761,114675.4,1493580,20618.61,16751.73,125722.1,252286.9,156.1234,1330731,4160374,33502.75,685933.4,542353.8,42250.17,52829.21
Scenario 2,301,2,True Positive News,1,TRADING,153002.8,247361.9,158348.7,269979.7,612312.2,593675.9,230679.8,505764.9,705611.4,943218.9,480783.2,302778.4,1909902,24671.8,429367.5,45965.15,329073.6,458575.9,1405398,45743.18,125735.2,456234.3,367238.5,426824.8,96263.86,125617.1,143977.2,184861,102123.6,158398.6,130692.6,130258.6,148233.3,104970.9,154633.2,126022.2,115885,1443398,19762.74,17651.22,122090,253025.4,146.85,1252219,4290870,33788.75,711423.9,557155.2,43851.2,55327.52
Scenario 2,302,2,True Positive News,2,TRADING,152968.5,247616.8,158197.4,270164.2,611145.3,592933.3,230587.9,505795,705638.4,943166.6,481638.2,303154.4,1907450,24628.64,429474.7,45974.79,328605.8,458657.8,1405229,45761.06,125864.1,455373,367833.6,427534.6,96157.01,125818,143961.4,184836.9,102155.6,158722.9,130684.7,130522.1,147929.1,105051.3,154441.1,125594.3,116083.7,1441833,19793.97,17628.76,121971,253094.9,146.87,1252408,4301338,33755.45,713514.2,555646.8,43948,55310.13
Scenario 2,303,2,True Positive News,3,TRADING,152904.8,247536.9,158150,270561.1,609663.6,593112.6,230603.3,506377.6,705632.7,942757,482293.2,302801.2,1904621,24585.43,429631.6,45982.81,327811.9,458615.3,1405094,45763.97,126005.3,454410.3,368495.2,427919.8,96127.2,126044.2,143952,184812.3,102282,158866.3,130704.5,130600.5,147793.2,105245.6,154336.7,125262,116189.8,1441956,19828.39,17637.05,121934.5,253052.6,146.93,1252648,4304176,33679.39,715674.5,554133.8,44021.17,55213.2
Scenario 2,304,2,True Positive News,4,TRADING,152902.5,247553.9,158234.5,270874.3,609083,593396.8,230667.7,506978.3,705589.4,942615.2,482730,302677.5,1901979,24529.92,430019,45984.9,327563.8,458620.2,1404971,45777.21,126187.6,453468.2,369336.5,428646.4,96188.41,126245.9,143951.3,184833,102333.8,159179.9,130641,130757.2,147637.9,105386.5,154180.5,124840.5,116353.9,1440541,19860.38,17647.31,121856,253026.3,146.99,1252400,4309890,33659.57,718032.1,552642.6,44098.58,55186.32
Scenario 2,305,2,True Positive News,5,TRADING,152871.4,247723.5,158070.2,271093,608321.9,593199.4,230595.7,507897.7,705960.7,942646,483245.2,302148.3,1899061,24482.75,430145.7,45994.22,327308.9,458615.3,1405117,45763.43,126445.1,452742.8,370359.7,429132.3,96087.86,126432,143985,184796.2,102581.2,159488.2,130659.1,130891.3,147425.8,105447,154035.5,124403.6,116611.6,1439687,19886.87,17636.51,121629.2,252949.9,146.94,1252769,4315756,33618.06,720936.1,551174,44171.11,55127.43
Scenario 2,306,2,True Positive News,6,TRADING,152903.8,248323.9,157736,271481.6,607335.2,593032.3,230656.5,507770.8,705906.7,942195.9,483367.2,302098.6,1896521,24429.65,430620.1,45999.54,326692.5,458591.7,1405169,45740.61,126559.3,451704.2,370994.9,429818.7,95958.16,126664.7,143982.8,184826.7,102730.7,159489.2,130666.9,131134.2,147168.8,105594.5,153814.6,124003.8,116853.1,1439370,19926.69,17629.16,121581.6,252875.8,146.82,1252392,4321468,33532.01,723421.4,549764.6,44260.32,55039.96
Scenario 2,307,2,True Positive News,7,TRADING,152848.5,248356.8,157653.1,271823.6,606552.6,593068.4,230651.6,507350.1,705757.7,942510.9,484638.4,302190.7,1892739,24381.42,430663.2,46012.1,325566.4,458653.8,1404882,45744.02,126705.9,450736.8,371718.9,430525,95878.16,126901.5,144065.4,184791.7,102902.5,159580.3,130600.6,131226,147113.5,105725.7,153722.9,123592.8,117042.1,1438070,19939.29,17637.16,121458.5,252921.9,146.96,1252438,4329169,33488.92,725697.2,548253,44341.94,55009.58
Scenario 2,308,2,True Positive News,8,TRADING,152832.8,248648.6,157577.8,272045.2,605577.5,593100.4,230676.3,508335.8,705558.1,942050.3,485143.1,302280.6,1890789,24338.48,431309.9,46015.53,325141.7,458718.6,1404953,45763.62,127026.4,449724.7,372422.9,431168.4,95744.19,127189.5,144067.8,184771.5,103016.2,159716.8,130663.8,131306.9,147192.7,105761.4,153819,123163.8,117247.2,1438414,19978.81,17620.08,121387,252910.8,146.99,1252034,4338610,33429.93,728363.6,546880.8,44432.35,54939.52
Scenario 2,309,2,True Positive News,9,TRADING,152776.1,248999.7,157538,272483.6,604682.4,592550.7,230643.4,508863.5,705795.7,941424.3,485417.2,302938.9,1888306,24305.57,431460.8,46025.88,324900.3,458731.5,1404260,45764.78,127172.8,448871.9,373206.2,431829.3,95652.4,127319.7,144016.4,184818.5,103194.1,159957.5,130667.9,131390.5,146980.3,105903.5,153720.4,122745.9,117520.9,1436981,19998.14,17602.46,121161.7,253004.7,147.14,1251920,4342585,33377.62,730446.2,545800,44518.02,54842.38
Scenario 2,310,2,True Positive News,10,TRADING,152777.2,249545.5,157357.8,272892.8,603688.4,592215.4,230593.9,509269.8,705709.2,941135,486070.3,303122.5,1885542,24256.47,431527,46023.5,324947.2,458718.8,1403891,45761.99,127436.6,447964.4,373871.1,432454.5,95662.54,127402.7,143984,184809.4,103317.5,159959.1,130715.2,131532.5,146752.3,105993.5,153445.2,122314.6,117693.3,1435685,20037.91,17598.13,120991.1,252999.1,147.32,1251878,4347334,33330.73,732437.1,544424.5,44592.71,54832.18
Scenario 2,311,2,True Positive News,11,TRADING,152756.3,249776.4,157431.4,273075.6,603092.1,591656.7,230498.1,510003.1,705664.2,941348.4,486300.5,303361.2,1883007,24222.94,432031.6,46007.68,324583.4,458693.1,1403878,45769,127628.4,447210.2,374706.3,432914.6,95613.59,127544,144015.6,184835,103470.4,160087.9,130758.5,131740.8,146689.1,106154.8,153241.4,121935.1,117956.1,1436203,20057.91,17610.36,120960.7,252938,147.39,1252278,4349914,33284.33,735234.5,542948.9,44665.89,54820.11
Scenario 2,312,2,True Positive News,12,TRADING,152736.6,249916.3,157308.3,273035.8,602610.9,591166.3,230450.4,510247.6,705554,942125,486809.3,303213.4,1878995,24178.87,432322.6,46015.87,323973.2,458629.7,1404323,45740.75,127690.8,446332.3,375361.4,433282.9,95695.9,127811.9,144013.1,184787.8,103726.9,160316.7,130783.8,131891,146588.6,106251.4,153243.6,121530.2,118172.8,1435518,20082.36,17593.86,120738.6,253004.2,147.41,1252542,4353019,33237.2,737575.2,541650.3,44746.13,54778.23
Scenario 2,313,2,True Positive News,13,TRADING,152697.4,250125,157182.7,273194.1,601993.7,590403.7,230514.9,510848,705323,942586.9,487185.9,303516.4,1875977,24141.3,433014.4,46025.87,323606.6,458656.3,1403808,45730.54,127861,445517.7,376203.5,433812.5,95625.79,127968,143971.1,184826.6,103837.4,160657.4,130751.3,131948.4,146433.8,106342.9,153102.9,121178.5,118398.5,1435979,20106.09,17582.49,120620.3,252973.2,147.39,1252407,4356883,33173.54,740209.8,540108.1,44815.69,54756.23
Scenario 2,314,2,True Positive News,14,TRADING,152691.2,250350.6,156931.3,273676.8,601059.4,590365.3,230536.1,511384.1,705319.4,942105.7,487888.9,303515.7,1874199,24090.6,433139.4,46019.73,322753,458658.6,1402929,45727.99,128051.5,444716.8,376799.2,434348,95558.62,128211.8,143956.2,184790.5,103817.3,160800.3,130791.8,132114,146326,106494.9,152964.4,120729.1,118496.4,1436566,20139.95,17579.32,120510.6,253090,147.42,1252695,4357574,33104.42,742533.6,538935.2,44899.86,54715.7
Scenario 2,315,2,True Positive News,15,TRADING,152673.6,250334.3,156950.8,273915.1,600016.4,589798.5,230626,511264.8,705428.4,942157.9,488362.6,303404.5,1871822,24048.65,433283.4,46021.12,322098.8,458739.4,1402731,45755.76,128271.2,443980.6,377483.6,434812,95484.61,128493.1,143927.9,184825.9,103966.4,160782.1,130827.4,132161,146072,106665.5,152919.1,120304.4,118729.4,1436729,20179.4,17576.16,120456.1,252982,147.53,1253043,4360877,33107.65,744376.4,537614,44985.64,54708.06
Scenario 2,316,2,True Positive News,16,TRADING,152624.5,250775.2,156726.4,274274.7,599372.8,588937.2,230665.2,512148.5,704746.8,942124,488890.5,303340.9,1869774,24009.29,433610.4,46019.51,321913.7,458777.1,1402596,45756.82,128477.8,442966.9,378135.3,435310,95516.17,128689,143885.3,184790.7,104181.3,161083.1,130864.2,132302.7,145805.4,106675.2,152803.4,119865.6,118859.9,1436692,20217.54,17572.24,120380.4,253050.2,147.63,1252951,4360785,33082.68,747120.7,536557.3,45050.93,54619.38
Scenario 2,317,2,True Positive News,17,TRADING,152645.8,250968.6,156539.9,274503.5,598600.6,588730.8,230786.5,511948.6,704544.7,942578.4,489372.2,303243.4,1866789,23957.79,433845.2,46026.05,321444.8,458843.5,1402685,45755.45,128544.5,442084.5,378698.3,435790.4,95473.98,128937.6,143844.8,184740.2,104323.8,161289.1,130918.1,132512.1,145792.6,106817,152711.5,119432.9,119074.4,1437938,20251.13,17565.83,120225.7,252971,147.81,1252727,4357932,33009.04,749421.4,534936.5,45129.85,54599.52
Scenario 2,318,2,True Positive News,18,TRADING,152675.6,251113.7,156440.1,274676.2,597719.8,588999.3,230849.8,512188.1,704434.3,942698.4,489993.6,303243.1,1865405,23900.51,434203.3,46029.78,321257,458784.7,1403097,45771.16,128749,441117,379214.5,436318.1,95344.88,129004.9,143779.2,184755.1,104514.8,161488.8,130969,132718.8,145701.3,106891.9,152573,119033.2,119303.6,1437530,20289.01,17549.73,120206.5,252926.4,148.05,1252649,4357901,32985.37,751639.1,534009.1,45203.57,54581.96
Scenario 2,319,2,True Positive News,19,TRADING,152651.7,251526,156180.9,275089.6,596539.2,588769.8,230882.7,512072.2,704329.8,943285.6,489954.7,303656.8,1861706,23850.6,434408,46043.11,320886.4,458745.7,1403133,45780.41,128994.5,440312.9,379968.1,436732.5,95197.64,129172,143766.6,184796.3,104636.4,161639.4,130928.1,132822.9,145652.6,106860,152682.3,118645.8,119661.8,1437277,20333.29,17556.57,120078.1,252998.4,148.18,1252611,4360870,32921.45,753772.7,532818.8,45263.44,54514.73
Scenario 2,320,2,True Positive News,20,TRADING,152667.5,251872.6,156262.2,275275.4,595853.6,588382.8,230856.5,512990.2,704500.7,943303.3,490384.7,303714.2,1858765,23795.45,435002.3,46048.82,320648.7,458786.3,1403224,45782.47,129089.5,439173.7,380563.1,437492.8,95205.81,129418.8,143776.3,184782.2,104817,162031.6,130957.2,132950,145590.4,107064,152491.1,118286.5,119919.9,1438324,20372.62,17561.96,120125.9,253030.7,148.41,1252589,4363063,32904.8,756186.6,531389.2,45354.59,54441.5
Scenario 2,321,2,True Positive News,21,TRADING,152635.2,252496.4,156287.5,275344.8,594413,588582.8,230848.2,513448.8,704470.6,943329.3,491106.4,303762.6,1857829,23753.97,435418.5,46053.44,320432.1,458976.6,1402999,45775.39,129328.9,438397.7,381218.3,438524,95253.41,129677.7,143800.1,184746.7,105021,162039.3,130945.7,133025.4,145328.8,107150.4,152443.4,117878,120174.8,1436910,20414.47,17545.85,120026.9,252995.6,148.46,1252399,4363356,32897.01,758261.3,529904.7,45442.19,54407.3
Scenario 2,322,2,True Positive News,22,TRADING,152650.1,252894.3,156093.6,275728.8,593493.4,588338.2,230818.6,513674.5,704521.2,943389.6,491475.7,303660.6,1855154,23695.37,435642.1,46067.01,320250.4,458987.1,1402522,45774.21,129509.8,437499.5,381715.2,439102.1,95295.83,129977.6,143738.1,184749.7,105194.5,162232.5,130912.5,133188.6,145130.8,107311.8,152409.2,117480.8,120352.3,1437140,20443.41,17538.43,120052.8,252962.1,148.44,1252465,4367209,32870.67,760749.4,528537.7,45545.17,54354.53
Scenario 2,323,2,True Positive News,23,TRADING,152616.2,253300.8,155905.4,275869.8,592932.5,587870.3,230864,514923.5,704391.5,943201.1,491461.8,303729.6,1853335,23645.06,436219.1,46060.51,320498.9,458929.3,1402447,45784.26,129685.3,436546.8,382540.8,439650.7,95321.57,130325.1,143668.9,184705.5,105315.3,162498.7,130905.5,133310.4,144936.6,107532.4,152392.5,117056.2,120721.8,1436308,20484.58,17525.02,119894.2,253022.9,148.49,1252423,4374702,32810.38,762801.1,526872.1,45628.79,54303.83
Scenario 2,324,2,True Positive News,24,TRADING,152594.1,253422.2,155795.3,276040.5,591759.9,587437.1,230837.9,515254.8,703897,943488.9,492252.8,304183.6,1849916,23613.84,436482.3,46075.85,320289.1,458997,1402236,45793.62,129892.9,435709.2,383066.1,440151.2,95101.26,130588.1,143648.1,184647.4,105489.7,162712,130888.6,133477.9,144854.8,107616.8,152171.5,116666.2,120911.8,1436898,20506.06,17529.16,119818.7,253015.8,148.61,1252298,4376686,32782.12,765303.9,525259,45702.74,54268.83
Scenario 2,325,2,True Positive News,25,TRADING,152605.4,253416.5,155641.8,276331.1,591239.7,587441.8,230827.9,514754.4,703720.4,943772.6,492537.4,303840,1848363,23568.57,436879.8,46079.85,320156.2,459068.2,1402626,45783.99,130180.6,434943,383725.3,440796.4,95155.1,130817.1,143662.2,184571.9,105698.9,162714.6,130847.3,133781.9,144703.2,107664.9,151970,116235.1,121070.8,1436953,20537.16,17520.92,119629.4,252982.3,148.6,1252206,4381782,32748.36,767153,523822,45796.19,54213.97
Scenario 2,326,2,True Positive News,26,TRADING,152597,253593.3,155510.4,276744.8,590395,587034.6,230800.3,515186.6,703534.4,944042.4,492669.4,303863.2,1844144,23519.16,437007.5,46084.63,319426,458993,1401917,45759.95,130330,433983.1,384228.9,441677.7,95122.89,130951.8,143657,184596.2,105922.9,162877.8,130946.6,133952.2,144628.9,107885.4,152068.2,115837.6,121241.5,1436265,20564.47,17514.18,119516,253056.3,148.72,1252411,4385359,32713.7,769724.9,522213.8,45850.02,54133.16
Scenario 2,327,2,True Positive News,27,TRADING,152603.1,253945,155367,277233.3,588976.3,587087.8,230825.2,516049.9,703616.2,944369,493709.7,303939.1,1841627,23485.39,437364,46083.17,319269.4,459074.6,1402358,45759.48,130563.1,433043.5,384779,442211.5,95052.9,131120.8,143656,184589.9,106089.8,163096.6,130911.4,134004.3,144619.3,108067.8,151888,115363.3,121430.2,1434983,20602.68,17496.74,119363,253089.5,148.78,1253245,4391592,32665.65,771679.5,521241.3,45930.97,54126.88
Scenario 2,328,2,True Positive News,28,TRADING,152586.8,254124.5,155393.5,277047.8,588499,586605.7,230828.2,516044.2,703565.3,944275.9,494077.2,303977.9,1839540,23435.31,437376.7,46094.03,318811.1,459170.6,1402450,45771.14,130650.6,431947.1,385352.1,442915,95040.75,131346.4,143641.6,184579.6,106333.3,163151.8,131006.5,134230.1,144364,108151.6,151687,114983.8,121680.1,1434557,20635.62,17482.84,119170.2,252975.7,148.7,1252955,4389263,32621.68,774091.7,519953.6,45971.4,54052.57
Scenario 2,329,2,True Positive News,29,TRADING,152549.5,254604.2,155277.9,277410.6,587052.9,586047.7,230705.5,515829.3,703826.7,944493.3,494605.5,304270.5,1836009,23400.57,437795.2,46086.52,318349.7,459269.1,1402460,45760.45,130965.1,430964.6,386235.6,443681.3,94968.74,131698,143609.7,184551.7,106586,163359.9,130974.1,134533.6,144255.8,108253.1,151521.3,114579.5,121801.3,1436678,20664.18,17470.02,118953.9,252939.2,148.72,1252664,4390842,32608.65,776790,518711.4,46040.19,53989.41
Scenario 2,330,2,True Positive News,30,TRADING,152557,254822.5,155075.7,277967.3,586216.8,586089.8,230709.5,516117.6,703946.3,944317.5,494853.3,304206,1832903,23348.36,438223.7,46082.67,318528,459244.5,1402877,45765.64,131138.8,430027.9,387315.4,444338.3,94993.58,131881.3,143619.1,184521.8,106669.9,163567.2,130979.7,134682.6,144053,108403.9,151381.7,114192.2,122000,1436650,20703.08,17446.52,118834.5,252942.9,148.81,1252703,4398218,32570.95,779147.2,517059.8,46120.53,53920.42
Scenario 2,331,2,True Positive News,31,TRADING,152544.5,255027.1,154857.1,278475.2,585108.3,585403.1,230642.5,517036.7,704063.6,944331.1,494698.4,304310.6,1830538,23286.2,438293.8,46089.41,317615.9,459208.7,1402449,45787.68,131359.3,429281.5,388087,445134.7,94916.99,131982.6,143593.7,184520.4,106825.2,163755.7,130957.2,134813.1,144065.2,108362,151165.8,113736.2,122276.8,1435708,20730.43,17437.36,118697.7,252835.7,149.01,1252708,4399879,32555.43,781205.9,515644.8,46187.86,53899.45
Scenario 2,332,2,True Positive News,32,TRADING,152534.6,254982.2,154759.9,278724.4,583810.2,585139.2,230547.3,517089.6,704479.3,944183.4,495309.8,304702.5,1828604,23245,438574.8,46094.91,316963.2,459105.8,1402690,45813.19,131457.1,428386.1,388342.6,445830.5,94736.75,132231.2,143616.4,184440.4,106919.5,163927,131059.8,134884.8,143817.8,108413,150992.1,113304.2,122553.2,1435693,20749.08,17439.2,118528.5,252827.6,149.21,1252442,4402082,32463.01,783435.3,514063.2,46264.12,53828.84
Scenario 2,333,2,True Positive News,33,TRADING,152516.1,255126.3,154543.9,278874.8,582790,585251.6,230569.2,516999.7,704845,943640.5,496110.5,304438.4,1828620,23195.53,438501.4,46079.07,316614.7,459128.2,1402698,45809.56,131656.1,427551.3,388943.3,446659,94615.41,132474,143604.1,184452.6,107006.5,164069.9,131017.1,135039.1,143819.5,108405.6,150829.5,112893.6,122733.9,1435732,20766.45,17441.36,118568.2,252847,149.35,1252347,4408886,32422.51,786260.7,512602.4,46341.56,53783.51
Scenario 2,334,2,True Positive News,34,TRADING,152537.4,255197.4,154770.5,278912.8,581946.1,584940.8,230577.7,518040.4,704639.9,943695.9,496814,304487,1825216,23161.16,439128.9,46094.54,316151,459086.2,1402582,45855.25,131744.2,426662.5,389463.2,447392,94558.33,132832.4,143631,184473,107118.5,164213.4,130996.9,135174.9,143724.7,108441.5,150694.4,112430.4,123047.2,1435360,20798.84,17424.53,118357.7,252764.2,149.33,1252367,4412565,32403.93,788125.2,511161.2,46415.71,53712.82
Scenario 2,335,2,True Positive News,35,TRADING,152525.2,254901,154578.1,279084.3,580946.5,584640.7,230605.6,518319.7,704584.6,943843.2,496940.5,304417.3,1823307,23110.24,439444.4,46101.42,315574.6,459088.2,1401888,45882.15,131861,425801.2,390052.9,447787.3,94435.39,133051.9,143618.8,184470.3,107233.7,164416,130989.3,135323.9,143564.9,108599.8,150389.7,112032.8,123253.5,1436177,20828.55,17418.56,118156,252712.2,149.6,1252340,4421729,32419.29,790377,509772.2,46481.01,53648.76
Scenario 2,336,2,True Positive News,36,TRADING,152533.5,254960.6,154240.5,279248.4,579996.1,584214.3,230504.5,519114.9,705217,943646.4,497692.6,304077,1820023,23061.04,439292.4,46105.36,315422.4,459170.9,1402119,45858.56,131997.3,424751,390718.4,448423.3,94392.19,133157.5,143575.6,184446.6,107397.5,164549,131085.6,135511.9,143433.4,108576,150295.2,111632.7,123513.7,1435244,20868.87,17401.77,117935,252650.9,149.71,1252187,4431109,32387.65,792593.1,508604.6,46545.27,53592.84
Scenario 2,337,2,True Positive News,37,TRADING,152484.4,255242.6,154051.7,279776.8,579355.6,583849.7,230446.6,519922.4,705474.4,943686.2,498018.3,304270.5,1818416,23023.91,439572.3,46097.7,314746.4,459156,1402190,45853.85,132212.1,423897.3,391161.3,448919.1,94370.12,133249,143543.1,184418.1,107504.2,164700.3,131093.2,135597.3,143147.7,108829.3,150150.7,111183.6,123730.2,1434771,20912.86,17393.63,117927.6,252504,149.73,1252359,4437092,32394.17,795184.3,507280.1,46594.23,53521.01
Scenario 2,338,2,True Positive News,38,TRADING,152522.7,255498.3,153807.9,279991.3,578119.2,583449.9,230455.4,520025.6,705716.4,943988.1,497918.1,304428.3,1815682,22972.99,439692.2,46096.08,313875.5,459099.7,1402077,45849.43,132410.3,422964.8,391829.7,449528.7,94307.26,133397.1,143600.6,184447,107556.1,165029.9,131110.9,135816.7,142935.3,108860.1,150265.6,110718.8,123959.3,1435274,20938.67,17381.15,117744.3,252490.9,149.86,1252132,4444787,32314.96,797248.5,506105.5,46666.61,53439.64
Scenario 2,339,2,True Positive News,39,TRADING,152542.5,256084.1,153712.7,280340,577096.6,582769.9,230352.3,520001.4,705686,943735.5,497862.3,304541.2,1813174,22917.1,439893.6,46091.03,313348.3,459143.6,1402166,45866.64,132610.7,422070.5,392611.3,450115.4,94374.02,133610.1,143589.5,184464.8,107648.4,165157.4,131065,136055.1,142750.6,108984.9,150227.5,110322.9,124094.9,1434924,20972.1,17367.39,117608.6,252464.4,149.94,1252347,4451094,32296.01,799268.7,504368.2,46748.17,53404.44
Scenario 2,340,2,True Positive News,40,TRADING,152537.6,256377.5,153552.8,280873.6,575894.5,582352.8,230359.8,519946.2,705548.5,943648.7,498330.4,304475.9,1809530,22859.23,440107.1,46089.96,312622,459181.6,1402140,45844.44,132697.6,421276,393331.4,450651.2,94265.46,133904.8,143566.1,184464.1,107830.2,165254.9,131075.7,136352.1,142532.6,108988.4,150189,109890.9,124313.5,1434058,21000.8,17362.7,117455.1,252419.8,149.86,1252454,4457945,32271.41,802317.1,503024.3,46821.97,53385.91
Scenario 2,341,2,True Positive News,41,TRADING,152559.9,256750.4,153488.1,281310.4,575254.3,582158.9,230333.7,520817.8,705889.3,943606.5,499006.9,304605.7,1805485,22810.01,440226.2,46088.67,312563.9,459203.8,1401793,45834.27,132833,420440.4,393974.3,451090.1,94304.44,134109.8,143600.8,184514.9,107925.4,165406.6,131027.8,136627.6,142209.9,108957.6,150229.5,109473.8,124473.4,1434509,21026.92,17349.22,117356.1,252390.8,149.86,1252407,4461801,32262.18,804790.5,501580.1,46911.46,53355.4
Scenario 2,342,2,True Positive News,42,TRADING,152573.7,256873.4,153274.1,281241.1,574141.8,582399.2,230337.3,521997.7,705957.5,943832.2,498852.2,304832.1,1803132,22752.01,440480.3,46090.83,312377.1,459241.3,1401928,45823.89,133147.1,419580.9,394420,451800.9,94165.85,134302.4,143630,184460.9,108060.8,165352.5,131125.1,136804.7,142115.5,108997,150174,109048.7,124607.8,1434052,21060.52,17334.97,117256.9,252478.9,150.05,1252873,4471632,32240.06,807146.1,500196.2,47002.04,53324.45
Scenario 2,343,2,True Positive News,43,TRADING,152602.5,257217.3,153281.6,281284.3,573284.5,582159.9,230303,522370.3,705861.7,944341.9,499475.1,304923.2,1798847,22708.07,440716.1,46094.6,312719.8,459203.8,1402049,45829.47,133194.3,418703.2,394987,452420.6,94254.89,134572.2,143639.1,184468,108131.6,165536.1,131158.5,136919.6,142057.8,109158.5,150001.3,108654.9,124786.2,1433248,21101.05,17332.61,117098.5,252448,150.17,1252669,4476319,32197.12,809069.3,499096.2,47059.06,53270.85
Scenario 2,344,2,True Positive News,44,TRADING,152616.4,257467,153176.2,281270.7,572572.3,582223.7,230308.7,522987,706148.1,944627.9,499664.6,305005.7,1795294,22670.76,441540,46097.62,312196.6,459135.8,1401906,45825.54,133358.7,417816.5,395640.8,453118.9,94245.6,134752.9,143666.6,184457,108301.5,165692,131170,137030.9,141801.2,109407.5,149831.5,108201.4,125014.5,1432205,21137.89,17351.55,116840.3,252467.4,150.3,1252834,4482085,32119.52,811412.5,497735,47117.46,53221.51
Scenario 2,345,2,True Positive News,45,TRADING,152585.3,257487.6,152921.2,281419.4,571744.9,581826.2,230304.2,522966.9,706219.1,944333.4,500141.5,304886.2,1792493,22626.68,442460.8,46099.27,311594.1,459249.9,1401754,45816.37,133474.7,416731.1,395901.9,453724.2,94243.6,135070.1,143675.8,184544.4,108496.7,165983.7,131121,137217.4,141645.7,109535.4,149822.8,107780.9,125230.6,1433460,21173.2,17342.34,116753.7,252397.6,150.43,1252614,4480311,32075.43,813241.8,496201.1,47210.75,53159.86
Scenario 2,346,2,True Positive News,46,TRADING,152536.8,257447.8,152838.9,281815,571312.7,581607.9,230288.2,523963.8,706515.1,944364.7,500572.5,304968.2,1789404,22573.2,442313.2,46098.12,311626.7,459243.5,1401488,45854.01,133672.9,415993.8,396133.4,454398.2,94132.78,135341.5,143689.6,184570.4,108634.8,165981.7,131139.3,137381.6,141709.3,109530.1,149818.2,107402.5,125379.7,1433047,21189.74,17343.98,116747.3,252442,150.39,1252735,4487349,32026.15,815531.5,495124.4,47296.52,53133.82
Scenario 2,347,2,True Positive News,47,TRADING,152547.7,258033.9,152757.9,282249.4,570037.8,581460.4,230329.9,524419.9,706746.8,944116.7,501435.7,305105.8,1785990,22520.63,443010.9,46096.38,311434.1,459363.5,1401368,45867.49,133756.1,415085.9,396723.8,455142.5,94137.35,135652.6,143728.3,184491.9,108764.2,166125.5,131135.7,137634.3,141596,109722.9,149681,106975.8,125509.5,1432951,21218.54,17353.66,116755.5,252451.2,150.66,1252823,4494675,31992.04,817421.1,493845.3,47385.11,53113.14
Scenario 2,348,2,True Positive News,48,TRADING,152484.1,258383.2,152593.2,282443.8,569655.3,581057.9,230272.4,524898.9,706573.6,943801,502376.9,305712.2,1782792,22472.16,443453.2,46091.93,311136.1,459322.6,1401812,45851.96,133906.6,414198.3,397275.2,455519.2,94213.15,135687.5,143686.5,184437.9,108895.2,166202.2,131150,137693.9,141558.3,109880.8,149502.8,106536.7,125714.9,1432371,21252.62,17351.64,116645.6,252455.4,150.55,1252844,4500289,31945.84,819639.9,492546.4,47478.46,53089.02
Scenario 2,349,2,True Positive News,49,TRADING,152498.2,258459.9,152441.3,282712.7,569131.2,580846.6,230267.9,525349.2,706307,943524.8,502680.4,305427.6,1780403,22420.09,443686.3,46099.89,310754.5,459318.2,1401673,45853.26,134007.9,413300.1,397854.2,456046.7,94242.26,135950.8,143637.7,184363.7,109069.1,166265.6,131125.2,137888.7,141335,109932.4,149533.9,106147.8,125883.7,1433255,21283.95,17360.1,116609.9,252438,150.67,1252783,4505150,31891.69,822161.4,491196.2,47556.32,53041.26
Scenario 2,350,2,True Positive News,50,TRADING,152472,259135,152363.9,282982,568127.6,580709.1,230310.2,525830.2,706286,943560,503226.5,305655.2,1776668,22370.78,443789.6,46093.55,310327.8,459295.6,1401198,45848.2,134122.2,412642.9,398208.1,456546.7,94126.53,136210,143643.5,184347.2,109175.2,166386.4,131158,137985.1,141038.3,109996.9,149323,105736.8,126107.6,1433473,21318.36,17356.45,116467.3,252454.4,150.76,1252420,4514514,31870.08,824344.3,489766.8,47637.15,52966.11
Scenario 2,351,2,True Positive News,51,TRADING,152460.9,259484.2,152240.3,282910.9,567425.3,580557.3,230278.8,526242.7,706332.9,943247.5,503489.4,305808,1772765,22310.6,444125,46096.82,309984.9,459215.5,1401382,45855.85,134188.6,411805.8,398648.2,457068.2,94148.09,136404.3,143609.1,184337.7,109295.9,166597.7,131150.4,138057.4,140949.9,110005.6,149081.5,105318.7,126423.1,1433958,21334.97,17352.53,116389.9,252423,150.9,1252709,4525293,31790.19,826762.1,488582.9,47707.93,52900.97
Scenario 2,352,2,True Positive News,52,TRADING,152477.7,259728.2,152221.7,283441.4,566698.6,580631.9,230346.1,526789.1,705699.9,942971.8,503868.4,305880,1767043,22282.92,444405.1,46090.81,309754.4,459340.1,1401478,45878.81,134328,410981.4,399333.7,457635.9,94194.32,136636.3,143591.7,184322.4,109413.2,166943.1,131095.9,138142.1,140714.4,110119.1,148888.3,104894.3,126666.4,1434051,21362.22,17329.03,116373.6,252520.6,150.9,1252911,4529810,31751.71,828756.9,487364,47773.36,52821.16
Scenario 2,353,2,True Positive News,53,TRADING,152460.2,260049.3,152020.6,283918.7,566476.2,580210.7,230357.2,527533.3,705707.1,942991.5,504438.1,305935.4,1764720,22239.99,445087,46080.97,309709.7,459382.2,1401701,45891.13,134547.1,410243.1,399818.4,458048.6,94216.63,136812.5,143567.5,184342.2,109567.6,167198.1,131002.1,138354.7,140587.8,110292.4,148726.8,104471.2,126909.7,1432316,21381.36,17318.29,116232.1,252538.2,151.09,1252751,4532032,31750.98,831265.1,485714,47838.54,52787.03
Scenario 2,354,2,True Positive News,54,TRADING,152451.7,260234.7,151926.9,284365,565308,579717.6,230321.1,528082.2,706010.6,943217,504799.3,305857.3,1761706,22193.94,445291.5,46085.1,309220,459307.6,1401613,45899.15,134814.2,409345.6,400431.4,458642.4,94085.14,136974.9,143629,184462.7,109735.9,167449.9,131013.6,138572.1,140452.4,110432.7,148630.8,104093.4,127104.2,1432934,21411.22,17326.32,116014.1,252588.1,151.25,1252575,4540800,31722.5,833509.2,484307.2,47920.3,52764.84
Scenario 2,355,2,True Positive News,55,TRADING,152448.5,260583.6,151974.9,284514.2,564632.6,579381.4,230308.4,528131,706242.5,943453.5,505133.2,305825.2,1759138,22148.28,445180.8,46072.55,308680.8,459338.7,1402156,45922.67,135080.9,408481.4,401115.7,459047.4,94082.53,137178.2,143539.3,184540.5,109865.2,167853.5,131026.1,138636.7,140185.3,110553.6,148395,103731.3,127233.9,1432257,21442.99,17304.26,115871.8,252569.8,151.49,1253013,4547679,31691.65,836108.2,485653,48015.35,52744.46
Scenario 2,356,2,True Positive News,56,TRADING,152437,261033.2,151912.6,284406.4,563795.1,579301.4,230250.9,528969.5,706094.2,943366.1,505868.1,305805.7,1755714,22108.32,445255,46064.67,308445.3,459300.5,1402925,45930.89,135307.9,407653.6,401858.6,459637,93889.96,137456.6,143590.8,184606.9,110018.6,167975.5,131016.2,138683,140147.5,110747.4,148250.1,103323.2,127565.6,1432514,21484.68,17294.8,115571,252583.5,151.49,1253169,4548146,31614.66,837863.8,487056,48107.85,52668.37
Scenario 2,357,2,True Positive News,57,TRADING,152410.4,261422.8,151866,284613.9,563147.1,578920.8,230246.2,529842.6,706159.9,943377.4,506079.4,305733.9,1753406,22062.72,445451.2,46056.86,308527.9,459417.2,1402332,45926.29,135361.2,407044.1,402760.3,460364.8,93861.93,137618.8,143550.2,184664,110241.5,168188.3,131024.7,138845.8,140024,110846.4,148074.1,102883.5,127805,1432627,21506.34,17292.51,115441.3,252648,151.64,1253125,4554587,31597.62,840096.4,488386.7,48189.38,52597.5
Scenario 2,358,2,True Positive News,58,TRADING,152407.9,261644.8,151776.5,285179.5,562225,579153.7,230281.1,530192.4,705993.4,942930.3,506411.6,306036.8,1750681,22026.6,445839.8,46053.18,308243.9,459447.6,1402554,45927.24,135415.8,406260.9,403244.4,461241.2,93782.27,137788.1,143514.2,184724.5,110450.3,168233.9,131042.4,138970.8,139893.8,110985,148052.9,102434.2,127962.5,1433261,21545.57,17279.11,115179.3,252578.9,151.74,1253145,4555976,31594.86,842005.7,490019.9,48298.57,52579.63
Scenario 2,359,2,True Positive News,59,TRADING,152349.6,261743.6,151685.2,285358.9,561727.6,578588.9,230296.4,531038.1,705912.8,943200.1,506147.8,305989.6,1747808,21958.78,446063.2,46045.78,307899.2,459513.4,1401993,45976.71,135561.1,405566.1,403763.9,461687.2,93732.36,138044.2,143539.9,184706.7,110579.2,168311.6,131097,139047,139772.6,111116,148037.8,102019.6,128129.4,1433420,21576.98,17252.11,114917.6,252678.9,151.74,1253283,4557256,31582.59,844112.7,491556.9,48363.01,52513.69
Scenario 2,360,2,True Positive News,60,TRADING,152366.2,261903.7,151568.4,285748.3,560907.9,578176.5,230193.8,531486.2,706255.5,943578.2,506758.5,306073.1,1743201,21926.82,446621,46043.51,307219.5,459513.3,1401009,45996.51,135874.4,404608.1,404456.3,462298.1,93624.2,138153.6,143546.5,184673.9,110577.1,168400.1,131181.9,139159.4,139631.9,111229.6,147840.4,101571.7,128295.7,1433911,21582.04,17247.69,114739.8,252806.3,151.81,1253376,4562910,31536.2,846215.9,493043.2,48446.43,52476.53
Scenario 2,361,2,True Positive News,61,TRADING,152335.2,262241.6,151460.8,286200.8,559919.6,577943.5,230137.6,531461.6,706399.2,943806.1,507773.1,306338.1,1739667,21876.78,446380.4,46053.08,306734.7,459635.4,1400787,45999.01,135952.1,403813.8,405159.5,462824,93599.6,138403.5,143518.7,184650.9,110822.9,168592.9,131251.5,139237.5,139292.8,111381,147721.1,101172.4,128616.6,1433565,21631.68,17231.69,114674.5,252954,151.81,1253167,4574843,31481.72,848358.8,494479.5,48538.3,52395.6
Scenario 2,362,2,True Positive News,62,TRADING,152313.9,262632.7,151471.1,286539.6,559020.2,577241.3,230159.9,531098.9,706308.8,944079.5,507693.1,306685.2,1736891,21837.26,446826.8,46036.69,306181.3,459717.5,1400456,46015.02,136053.6,402996.8,405773.7,463083.8,93516.34,138632.4,143522.3,184600.2,110931.7,168635.6,131312.5,139380.4,139048.3,111465.9,147629.6,100796.4,128800.9,1432347,21651.59,17222.5,114462.7,252980,151.92,1253205,4577780,31443.06,850512.4,495856.9,48613.39,52348.99
Scenario 2,363,2,True Positive News,63,TRADING,152324.2,262706.3,151319.7,286863.8,558347.7,576772,230111,531172.8,706085.2,944420,508250.2,306839.6,1733688,21777.71,447025.9,46033.52,306256.8,459848.3,1400479,46025.54,136056.9,402109.5,406606.9,463853.7,93440.38,138957.3,143509.6,184658.2,111013.9,168745.2,131329.7,139457.5,138742,111566,147629.4,100406.6,129077.3,1433576,21679.39,17229.25,114348.7,253009.2,152.03,1253142,4585316,31416.32,852723.1,497377.6,48705.54,52280.86
Scenario 2,364,2,True Positive News,64,TRADING,152302.3,262987.8,151199.9,287353.9,557680.2,576144.8,230125.4,531639.8,706243.1,944545.7,509109.6,306955.8,1729364,21738.88,447569.4,46034.36,306023.7,459803.3,1400879,45988.41,136232.7,401285.7,407051.4,464433.2,93479.56,139044.1,143513.2,184612,111102.3,168977.3,131306.1,139726.6,138600.3,111761.1,147417.7,100035.5,129120.4,1433552,21695.76,17219.83,114273.7,252987.7,152.07,1253191,4591709,31366.22,855467.6,499013,48784.12,52214.94
Scenario 2,365,2,True Positive News,65,TRADING,152238.9,263060.1,150997.2,287847.8,556826.9,575622.8,230074.6,532557.9,706149.8,943550.5,509878.6,307300,1727617,21704.69,447747.2,46039.46,306089.9,459788.8,1400891,45993.35,136559.5,400434.3,407927,465246,93375.77,139325.7,143439.9,184591.1,111169.9,169024.5,131349.2,139918.6,138159.2,111911.3,147369.7,99590.29,129352.1,1432422,21737.16,17232.43,114018,253111.1,152.04,1252691,4597614,31365.2,857664.4,500399.8,48882.45,52186.65
Scenario 2,366,2,True Positive News,66,TRADING,152249.2,263757.7,150943.3,288266.4,555538.5,575672.7,230121.8,533221.5,705762.8,943365,510089.5,307200.9,1724867,21654.74,448495.8,46046.33,305551.5,459815.7,1401290,45993.42,136777.9,399829.7,408700.5,465814.9,93333.98,139588.8,143463.6,184593,111255.3,169225.8,131374.8,140054.6,138034.1,111874.7,147310.2,99184.75,129642.8,1432357,21752.76,17239.91,113996.7,253003.9,152.03,1252746,4598148,31282.15,860427.5,502051.9,48942.58,52158.93
Scenario 2,367,2,True Positive News,67,TRADING,152259.9,263589,150885.4,288467.7,554948.4,575278.7,230069.7,533328.5,705526.6,943988.2,510649.3,307282.2,1721138,21621.79,448754,46049.62,305011.4,459821.8,1401431,45972.19,137072.5,398811.9,409174.1,466533.9,93173.14,139727.4,143481.7,184545.5,111509.7,169365.7,131405.3,140178.8,137981.6,111937.8,147091.1,98789.94,129785,1432348,21769.62,17231.95,114029.9,253050,152.12,1252617,4604384,31217.37,863284.4,503519.7,49031.37,52112.6
Scenario 2,368,2,True Positive News,68,TRADING,152300,263951.8,150663.8,288448.6,554269.6,575092,230073,533844.9,705563.3,944086.2,511093.6,307691.5,1717889,21568.83,449807.7,46030.06,304557.4,459856.4,1401410,45999.03,137316.3,397895.8,409507.5,466931.5,93090.59,139977.4,143520.9,184542.9,111669.1,169530.1,131437.9,140249.3,137743.9,112072.7,147029.3,98352.93,129966.3,1432732,21790.36,17212.44,113876.5,252978,152.21,1252570,4610856,31161.12,865404.9,505311.4,49113.38,52063.1
Scenario 2,369,2,True Positive News,69,TRADING,152304.3,264102,150641.2,288871.2,553183.4,574916.1,230221.8,533613.6,705881.5,944046.3,511638.1,307812,1715205,21534.39,449968.2,46044.92,304218.7,459750.4,1401684,46018.07,137378,396902.9,410651.4,467768.5,92924.92,140246.1,143501.5,184480.2,111717.4,169654.2,131365.1,140406.8,137842.9,112248.8,147041.8,97954.79,130183.9,1432424,21835.18,17224.44,113917.1,252932.6,152.19,1252508,4615780,31141.35,867521.9,506753.5,49173.9,52038.36
Scenario 2,370,2,True Positive News,70,TRADING,152261.7,264421.1,150603,289122.6,551992.4,574329.6,230247.1,533831.2,705905.7,943947.5,512201.5,308248.9,1712359,21497.67,450286.6,46049.58,303704.6,459853.4,1401385,46028.72,137576,396269.4,411255.9,468198.5,92812.82,140563.2,143527.8,184491.8,111878.3,169855.1,131407.7,140639.1,137538.7,112363.3,147001.5,97530.74,130391.2,1432339,21871.05,17210.87,113797.4,252963.7,152.18,1253009,4620794,31118.3,869863.9,508293.6,49251.78,51994.07
Scenario 2,371,2,True Positive News,71,TRADING,152210.8,264421,150233.9,289620.3,550880,574085.3,230258.8,534221.1,705845.5,943898.7,512526.9,308165.5,1708498,21573.32,450593.9,46055.11,303448.2,459903,1401435,46029.8,137695.3,395346.7,411994.3,468722.3,92717.29,140697.4,143500,184442.9,111944.2,170011.6,131424.1,140823.6,137360.6,112474.2,146955,97131.38,130571.6,1431326,21893.11,17199.85,113626.3,252945.9,152.36,1252849,4624552,31089.37,872356.3,509713.8,49333.03,51943.33
Scenario 2,372,2,True Positive News,72,TRADING,152198.7,264510.1,150642.3,289830.3,549872.7,575005,230206,534350.1,706085.2,943614,513151.9,307762.8,1705527,21643.2,450827.5,46043.5,303503.5,459964.4,1401591,46017.23,137870.5,394425.3,412658.6,469789.9,92738.31,140869.2,143493.9,184527.2,112057.8,169844.6,131488.7,140801.4,137177.2,112459.8,147239,96725.34,130801.9,1432119,21916.53,17195.33,113515.2,252903.1,152.33,1252807,4625543,31017.05,874606.9,511069.7,49412.76,52015.48
Scenario 2,373,2,True Positive News,73,TRADING,152247.1,264211.3,150992.8,289826.4,549595.4,575568.4,230141.5,535523.4,705849,943682.1,513558,307371.3,1701983,21709.23,451172.3,46053.79,303250.7,460112.6,1401522,46004.89,138068,393488.3,413090.9,470303.3,92607.99,141016.9,143476.1,184626.3,112236.5,169587.9,131450,140944.8,137010.2,112675.9,147441.3,96340.85,130995.6,1433653,21942.86,17168.97,113558.5,252899.4,152.18,1252947,4629235,31001.54,877068.3,512396.3,49498.63,52076.06
Scenario 2,374,2,True Positive News,74,TRADING,152257.3,264472,151212.2,289784,549121.3,575566.4,230135,535521.1,705758,943481.7,513397.5,306940.7,1699009,21766.79,450755.7,46043.95,302503.9,460061.2,1401173,45984.1,138219.6,392598,413600.9,470947.9,92520.58,141221.2,143509.8,184645.4,112390.4,169481.5,131410.3,141096.8,136859,112676.2,147643.9,95948.7,131090.4,1435951,21982.34,17144.61,113479.4,252861.7,152.03,1252674,4632533,30970.38,879932.6,513971.2,49580.74,52106.64
Scenario 2,375,2,True Positive News,75,TRADING,152214.3,264998.7,151464.2,289837.7,548105.5,575845.1,230116.6,536748.4,705821.9,943275.9,513843.1,306491.4,1694299,21822.06,450872.6,46047.97,302417.8,460003.4,1400973,45958.99,138499.7,391788.5,414359.3,471510.3,92505.17,141357.1,143504.4,184778.4,112500.8,169257.8,131437,141391.5,136785.1,112663.6,148158.7,95548.9,131243.2,1438700,22021.05,17126.96,113553.5,252875.6,151.87,1252549,4642349,30962.8,882777.8,515556.1,49650.34,52183.76
Scenario 2,376,2,True Positive News,76,TRADING,152165.9,265274.2,151614.9,290158.7,547662.2,576319.5,230185.4,536977.1,705753.6,943800.3,514512,305815.4,1691937,21888.32,450711.8,46046.43,302187.6,459988.4,1401653,45952.44,138564.4,390844.6,415153.5,472117.4,92355.21,141468.4,143562,184843.7,112635.7,169130.7,131407.6,141571.2,136580.6,112707.8,148628.1,95116.6,131424.4,1441630,22039.26,17110.18,113454.3,252827.6,151.7,1252536,4650560,30955.64,885226.7,516983.1,49741.88,52246.8
Scenario 2,377,2,True Positive News,77,TRADING,152116.6,265663.7,151951.6,290347.5,546471.4,577138.4,230186.5,536931.3,705683.6,943930.1,515419.1,305213.3,1688051,21951.38,451120.7,46047.07,301904.4,459994.7,1401111,45972.14,138671.2,390142.1,415502.1,472804.7,92340.63,141696.3,143549.6,184876.1,112768.9,168944.7,131455.4,141841.5,136711.5,112915.6,149006.7,94758.01,131624.9,1443277,22070.73,17099.27,113364.3,252847.3,151.47,1252277,4653846,30955.62,886598.6,518585.4,49832.13,52291.3
Scenario 2,378,2,True Positive News,78,TRADING,152123.3,266276.2,152193,290246.7,545532.2,578072.8,230208.7,537144.2,705971.2,943958.6,516014.2,305232.8,1684057,22000.51,451411.8,46045.89,301760.6,459973.3,1400659,45942.92,138947.5,389221.4,416225.9,473455.8,92209.81,141920.1,143521.7,184839.7,112846.4,168577.7,131430.4,141966.9,136542.5,113064.6,149303.4,94367.39,131768.3,1446566,22107.15,17082.8,113432,252860.4,151.25,1252852,4660830,30937.82,888866,520213.1,49894.59,52341.92
Scenario 2,379,2,True Positive News,79,TRADING,152108.2,266300.2,152434.4,290132.2,544732.2,578725,230258.9,536911.7,705853.3,944434.1,517164.8,304651.3,1680931,22068.76,451042.7,46042.59,301165.2,459926.4,1400244,45970.11,138937.9,388390.4,416899.8,474148.4,92106.32,142081.3,143650.7,184896.3,112926.2,168244.7,131438.1,142055.5,136624.8,113069,149544.9,93952.1,132023.5,1450264,22126.81,17068.3,113440.5,252824.4,151.15,1252869,4667068,30889.41,891446.3,521774.9,49965.48,52419.21
Scenario 2,380,2,True Positive News,80,TRADING,152129.3,266804.1,152632.1,290385.1,544017.1,579399.3,230207.4,537419.6,706148.5,944732.6,518336.4,304380.7,1677955,22126.05,451876.2,46046.14,300571.7,460070.7,1400276,45970.76,139243.5,387507.8,417615,474637.9,92108.68,142255.6,143685.4,184751.8,113017,168286.2,131426.8,142158.5,136417.3,113187.2,149996,93502.27,132251.7,1450837,22149.83,17060.29,113593.9,252819,150.91,1252736,4671110,30855.36,893892.8,522997.7,50024.43,52465.44
Scenario 2,381,2,True Positive News,81,TRADING,152186.1,267347.7,153042.8,290312.9,543375.8,579378.9,230221,537586.2,706084.6,944513.5,519287.2,304096.4,1682756,22180.02,452365.2,46039.49,300089.7,460080.1,1399919,45985.9,139365.1,386351.7,418486.3,475191.8,91875.95,142538.8,143726.3,184741.9,113136.2,168081.9,131429.6,142276.2,136194.8,113281.6,150337,93031.44,132571.6,1450446,22176.12,17038.81,113649.9,252896.1,150.73,1252589,4677045,30833.99,896245.6,524180.6,50123.06,52502.09
Scenario 2,382,2,True Positive News,82,TRADING,152198.3,267556.9,153079.8,290395.9,542359.9,579595.4,230194.2,537773.3,706064.4,944853.8,519605,303582.5,1688753,22255.73,452501,46045.27,300000.7,460022.5,1399587,45971.26,139507.4,385501.7,418988.3,475858.9,91792.58,142703,143736.4,184730.2,113239.3,167880.9,131419.8,142371.6,136117.3,113462.9,150607.3,92614.49,132695.4,1450031,22199.15,17017.79,113631.5,252836.7,150.6,1252666,4680645,30814.03,898449.2,525860.9,50218.82,52587.94
Scenario 2,383,2,True Positive News,83,TRADING,152159.7,267379.3,153367.4,290249.7,541275.1,579485,230107.6,538082.2,705771.5,945070.6,520354.4,303282.6,1694260,22326.35,452605.5,46051.68,299845.1,459930.1,1399122,45956.04,139706.4,384543.7,419659.2,476610.6,91706.12,142907.7,143760.5,184693,113411.1,167673.2,131455.8,142618.3,135860.9,113543.7,150903,92192.23,132832.7,1452381,22237.31,16995.63,113521.4,252953,150.38,1253081,4682360,30745.51,900666,527207,50299.66,52605.57
Scenario 2,384,2,True Positive News,84,TRADING,152132.1,267521.3,153663.3,290305.6,540244.1,580335.1,230140.3,537964.9,706107,945298.6,520772.9,302939.4,1699785,22380.16,452603.8,46053.14,299563.7,459886.5,1398438,45953.26,139835.4,383639.4,420122.6,477204.2,91822.29,142994.5,143808.3,184677.2,113432.7,167435.9,131434.9,142806.4,135751.6,113728,151170.8,91774.5,132924.9,1454852,22283.45,16984.56,113555.3,253006.5,150.22,1252930,4685539,30731.76,902955.6,528627.3,50376.54,52655.03
Scenario 2,385,2,True Positive News,85,TRADING,152143.2,267740.9,154070.4,290605,539073.9,580900.3,230156.3,539066.3,706230.7,945418.7,521357.3,302422.6,1705077,22444.37,452546.3,46046.38,298885.1,459833.8,1398311,45973.8,139964.2,382774.7,420776.1,477968.1,91811.89,143146,143830,184602.8,113586.3,167085.2,131435.9,142930.3,135909.5,113850.6,151300.6,91381.07,133035.9,1455914,22304.22,16966.06,113535.7,252928.4,150.09,1252593,4692668,30731.21,905338.8,529837.1,50461.36,52728.07
Scenario 2,386,2,True Positive News,86,TRADING,152157.6,267793.9,154131.4,290493.4,538010.3,581443.8,230120.1,539102.2,706340.2,945272.7,521263.6,302209.7,1710520,22504.96,452757.3,46034.67,298080.4,459792.6,1398886,45989.08,140079,381865.1,421198.7,478620.4,91730.07,143254.7,143800,184642.5,113811.2,166955.4,131463.1,142978.8,135833.2,113988.7,151537.5,90968.91,132978.7,1457845,22333.52,16949.54,113582.2,252946.7,149.94,1252551,4694185,30762.67,907557.6,531308.8,50544.45,52775.9
Scenario 2,387,2,True Positive News,87,TRADING,152131.2,267962.7,154338.6,290805.1,536852.3,581844.7,230086.7,539466.2,706001.6,945142.4,521518.1,301806.6,1715696,22561.38,453158.4,46035.02,297488.8,459659.2,1399028,45979.86,140059.2,381009.3,421905.1,479278.9,91562.23,143431.1,143843,184632.1,113841.5,166595.1,131504.4,143081.8,135795.1,114144.3,151757,90527.42,133182.4,1458298,22350.51,16935.97,113513.8,252878.2,149.73,1252614,4698099,30729.67,909350.1,533082,50586.64,52813.43
Scenario 2,388,2,True Positive News,88,TRADING,152136.4,268033.7,154524.6,290687.5,535703.7,582389.7,230070.5,540321.2,706213.1,945257.5,522308,301602.1,1721461,22619.81,453411.3,46038.39,296949.4,459638.7,1398616,45991.11,140210.3,380141.7,422723.2,479893,91555.37,143483.8,143814.9,184699.9,113848.4,166317.1,131530.2,143195.1,135631.8,114237.1,152064.3,90170.63,133477.2,1460094,22377.65,16914.25,113506.1,252857.4,149.35,1252714,4703876,30721.01,911457.5,534652.3,50659.76,52882.85
Scenario 2,389,2,True Positive News,89,TRADING,152169.4,268470.1,154836.2,290653.2,535003,583445.9,230038.2,540659,706195.2,945511.9,522771,301102.4,1726859,22685.77,453613,46024.65,296747.6,459633.6,1398397,45977.86,140325.7,379495.3,423696.7,480490.3,91580.64,143685,143843.7,184712.9,114086.3,165992.6,131561.2,143332,135547.2,114347.9,152387.2,89801.17,133736.2,1462254,22405.5,16889.94,113488.6,252954.9,149.25,1252474,4706437,30650.91,914113.5,536154.1,50705.29,52974.79
Scenario 2,390,2,True Positive News,90,TRADING,152150.3,269032.8,155286.5,291057.8,534158.4,584308.7,230027.3,540637.4,706386.7,946003.7,522941.3,300663.2,1731435,22725.09,453721.8,46015.05,296149.2,459675.7,1398449,45970.63,140404.5,378593.9,424479.8,480999.8,91574.98,143809.4,143819.5,184707.1,114072.1,165829.3,131620.3,143441.7,135321.6,114449.1,152733.1,89367.63,133815.7,1464023,22428.4,16869.6,113463.7,252922.4,149.02,1252442,4707320,30561.63,917070.7,537775.9,50802.67,53057.1
Scenario 2,391,2,True Positive News,91,TRADING,152154.6,269398,155804.6,291309.5,536564.6,584743.8,229999.1,540494.3,706124.7,945793.1,523443.6,300261.6,1735210,22783.74,453758,45997.23,295611.9,459700.7,1398584,45963.32,140444.6,377617.6,425211.9,481876.3,91465.8,144026.1,143701,184743.8,114156.4,165482.9,131685.6,143641.8,135141.6,114646.7,152876.8,88925.2,133945.5,1466058,22433.35,16826.62,113486.5,253027.5,148.94,1252391,4711856,30552.33,919403.3,539333.8,50886.16,53104.97
Scenario 2,392,2,True Positive News,92,TRADING,152129.6,269104.4,156073,291326.4,538558.2,585064.7,229906.4,539682.8,705666.5,945589.7,523027.5,299847.5,1738419,22835.06,453799.5,46000.61,295690.6,459697.1,1398311,45954.91,140180.5,376801.8,425993.3,482410.9,91430.35,144164.4,143689.2,184683.8,113910.9,165389.8,131756.2,143520.1,135353,114462,153015,88215.54,134160.6,1469092,22463.97,16794.01,113454,253099.6,148.88,1252320,4705576,30596.1,921906.9,540690.5,50971.75,53159.93
Scenario 2,393,2,True Positive News,93,TRADING,152086.8,268943.2,156479.9,291364.3,540746.4,585661.3,229748.4,538150.2,705829,945000.2,521734.8,299281.6,1743838,22882.75,454183.7,46007.14,296132.7,459648.2,1397840,45920.92,139864.7,375739.1,426361.4,482846.8,91291.74,144281.1,143526.4,184700.4,113650.4,165343.7,131748.8,143404.9,135563.7,114279.8,153197.6,88660.69,134371.4,1472089,22493.87,16778,113360.2,253170.9,148.78,1252137,4697432,30632.22,923897.9,542372.8,51049.39,53204.9
Scenario 2,394,2,True Positive News,94,TRADING,152079,268518.6,156898.4,291546.4,542844.4,586383.3,229723.9,538119.3,705853.6,944544.1,521032.8,298900.7,1748396,22940.3,454568.2,45999.07,296924.1,459600.5,1397866,45908,139698.1,374966.5,427144.7,483083.4,91259.44,144412.9,143563.6,184667,113406.5,165124,131806.6,143259.3,135788.2,114168.9,153629.3,88814.73,134451,1471671,22527.42,16766.96,113380,253209.9,148.6,1252003,4688264,30675.28,924851.1,543822.9,51098,53255.6
Scenario 2,395,2,True Positive News,95,TRADING,152110.7,267925.5,156965.6,291912.9,545540.1,586863.3,229743.6,537208.8,705983.2,944458.5,520609.9,298663.2,1754149,22992.61,454645,46005.23,297553.2,459558.2,1397006,45895.47,139470.5,374102.2,427704.3,483651.7,91157.54,144725.2,143540.7,184532,113155.2,164689.4,131774.3,142945.2,135998.6,113855.5,153854.1,88984.21,134661.5,1473825,22552.35,16741.08,113346.8,253277.5,148.55,1251816,4683456,30743.32,924851.1,545222.8,51177.21,53283.92
Scenario 2,396,2,True Positive News,96,TRADING,152128.7,267656.7,157272.7,292060.1,547759.1,587344.4,229745.8,536397,705775.5,944391.2,519690.9,298503.4,1759444,23070.09,455016.8,46003.47,297810.6,459545.5,1397072,45861.91,139153.8,373117,428556.6,484482,91050.39,144939.2,143548.4,184587.7,112840.4,164373.6,131859.9,142762.1,136154.7,113810.2,154225.6,89136.01,134887.7,1473769,22595.06,16710.2,113488.9,253276.9,148.25,1251982,4674440,30791.62,924851.1,546402.8,51251.41,53378.18
Scenario 2,397,2,True Positive News,97,TRADING,152143.4,267781.7,157610.9,292068.4,549850.4,587406.5,229752.4,535701.2,705998.9,944045.2,519265.1,298483.9,1763912,23139.52,455062.2,46003.04,298301.9,459635.4,1397432,45875.07,139001.4,372196.1,428842.1,485243,91037.83,145247.3,143507,184526.4,112628.7,164048.5,131905.7,142465.8,136420,113511.9,154500,89279.24,135117.1,1475770,22645.03,16684.46,113439.2,253267.2,148.12,1251993,4669476,30842.52,924851.1,548060.1,51323.91,53432.95
Scenario 2,398,2,True Positive News,98,TRADING,152173.6,267825,157917.7,292087,552023.8,588244,229782.2,535130.6,705961.2,943916.9,518964.8,297913.4,1768608,23199.26,455221.9,46015.31,299165.2,459705.3,1397393,45889.12,138789.3,371372,429651.6,485766.1,90958.47,145469.1,143470.3,184451.5,112551.8,163811.4,131770,142315.1,136643.1,113395.8,154620.5,89430.58,135309.4,1476939,22667.57,16668.75,113504.7,253346,147.92,1252288,4657878,30904.58,924851.1,549481.3,51422.03,53503.4
Scenario 2,399,2,True Positive News,99,TRADING,152156.6,267240.6,158213.5,292072.9,553844.5,589174.6,229773.9,534574.5,706233.4,943740.5,518093,297719.6,1773554,23261.47,455485.8,46004.44,299808.4,459717.9,1397651,45876.37,138400.8,370322.7,430480.5,486356.6,90885.48,145600.4,143519.4,184429.7,112333.5,163592.8,131814.6,142084.1,136917.5,113261.8,154829.4,89617.41,135512.5,1478294,22690.2,16641.19,113513.9,253317.7,147.7,1252245,4644844,30973.66,924675.3,551050.3,51476.16,53536.11
Scenario 2,400,2,True Positive News,100,TRADING,152116.5,266723.1,158540.5,291863.6,555902.2,589803.3,229660.1,534145.8,706225.8,943788.9,517179.3,296965.3,1779843,23339.45,455541.3,46000.91,300384.3,459822.2,1397685,45864.73,138274.5,369486.1,431234.1,487177.2,90833.25,145809.7,143536.2,184391.9,112178.8,163419.6,131858.8,141846.9,137293.2,113185.6,154990.8,89747.25,135911,1479085,22726.2,16624.63,113411.5,253287,147.63,1252637,4636840,31059.66,924375.5,552685.4,51565.51,53617.89
Scenario 2,401,2,True Positive News,101,TRADING,152068.2,266398.3,158677.4,291655.7,558052.1,590171.8,229721.8,533065.6,705890.9,944726.6,515726.3,296318.8,1785358,23412.31,455997.6,46008.38,300810.7,459857.5,1397677,45824.73,138000.6,368682.4,431962.7,487825.6,90770.25,146052,143557,184329,111919.9,163155,131917.7,141651.7,137760.8,112895.6,155191.5,89865.39,136206.5,1479276,22771.09,16612.37,113527,253310.3,147.53,1253147,4623868,31106.15,923476.7,554441.8,51622.49,53650.83
Scenario 2,402,2,True Positive News,102,TRADING,152032,265891.6,158825.4,291797.2,559493.9,590729.9,229685.9,532499.5,706141.5,944241.4,514819.2,295912.1,1790554,23479.94,455938.2,46019.36,301793.1,459882,1397834,45804.11,137802.2,367776.8,432591.4,488501.7,90585.85,146304.8,143610.9,184349.9,111722.4,163075.4,131939.6,141647.2,138015.9,112709.8,155412.6,90012.09,136420.3,1480279,22796.52,16593.59,113670.9,253320.6,147.57,1253364,4618204,31162.02,922325.6,555796.8,51693.63,53695.65
Scenario 2,403,2,True Positive News,103,TRADING,152023.9,265509.4,159131.6,291963.9,561124.2,591142.3,229698.9,531902.1,706032,944050.5,513392.6,295726.1,1795849,23538.89,455934.1,46013.94,302116,459884,1397118,45822.65,137541.1,366848.7,433016.6,489128.7,90486.74,146571.7,143581.7,184272.8,111485.2,162833.5,131966.1,141624.4,138324.6,112478.5,155627.2,90182.5,136552.7,1481261,22847.47,16582.29,113659.1,253381.8,147.32,1253561,4613073,31189.14,921621.5,557205.4,51785.48,53746.67
Scenario 2,404,2,True Positive News,104,TRADING,151995.3,265231.7,159345.5,292139.5,562978.4,591546.9,229697.5,531472.7,706775.4,944001,512749.4,295264.8,1799755,23597.18,456597.8,46017.55,302508.9,459904.7,1397422,45829.49,137415.1,366044.7,433332.3,489864.3,90457.23,146621.9,143588.2,184268.6,111201.7,162627.6,131933.4,141391.1,138509.8,112265.8,155820.2,90367.61,136680.2,1481464,22887.14,16566.53,113612.3,253343.1,147.15,1253704,4607084,31245.82,920830.4,558684.2,51833.07,53783.31
Scenario 2,405,2,True Positive News,105,TRADING,152015.1,265100.3,159509,292194.8,564861.2,592295.5,229715,531465.8,706672.1,944143.5,511973.5,294576.2,1805812,23658.67,457245.1,46021.95,302962.3,459901,1397564,45834.72,137171.3,365070.2,434023.8,490549.3,90414.03,146863.1,143618.6,184160.9,110976.4,162480,131868.1,141138.5,138820,112127.1,156074.1,90530.81,136842.2,1484313,22911.5,16539.2,113606.3,253311.5,147.14,1253793,4594897,31304.72,920008.5,560217.7,51917.03,53805.63
Scenario 2,406,2,True Positive News,106,TRADING,152049.8,264350.8,159779.8,292450.2,566496.7,592397.7,229740.1,530217.7,706539.4,944289.4,511181.9,294332.6,1812448,23713.25,457442.2,46028.39,303767.6,459899.1,1397241,45828.59,136792.1,364145.6,434639.3,491166.8,90274.09,147000.7,143606.3,184159.1,110856.8,162292.7,131879.2,140892.8,139001,111976.4,156182,90646.9,136965.4,1485255,22949.71,16533.9,113583.7,253358.2,147.01,1253867,4586643,31370.46,919242.1,561686.2,52005.21,53857.13
Scenario 2,407,2,True Positive News,107,TRADING,152005.3,264011.7,159946.1,292638.4,568436.4,592777,229830,530350.3,706879.9,944564.6,510355.9,294090.7,1818550,23762.68,457547.2,46029.64,304567.3,459851.2,1397014,45832.36,136495.2,363199.7,435288.1,491827.2,90166.67,147138.3,143620.9,184190.1,110774.6,162325.1,131919.7,140922,139271.7,111941.4,156502.1,90855.47,137202.6,1486302,22967.34,16526.53,113650.9,253426.8,146.97,1253693,4580044,31419.48,918735.9,563442.5,52089.55,53904.27
Scenario 2,408,2,True Positive News,108,TRADING,151968.1,263859.4,160245.8,292772.8,570561.4,593366.6,229810.2,529885.5,706784,944282,509635.6,293832.5,1823840,23826.37,458023.6,46016.71,305118.2,459885.5,1396777,45830.34,136422.3,362142.9,436095.3,492369.8,89978.57,147324.7,143565.3,184065.5,110586.5,162132.7,131934.2,140766.7,139686.9,111857.7,156723.2,91026.73,137426.1,1487392,22989.72,16503.15,113699.8,253373.3,146.86,1253625,4571746,31468.6,918380.8,564828.4,52194.4,53948.3
Scenario 2,409,2,True Positive News,109,TRADING,151967.7,263600.5,160511.7,292844.8,572683.8,594403.3,229843.8,529147.2,706845.2,944451.3,508657.4,293886.1,1829162,23896.41,458213.3,46010.79,305327.2,459860,1395959,45839.9,136183.8,361354.1,436511.8,493084.5,89905.59,147477.2,143583.6,184168.1,110366.5,161997.8,131945.8,140614.8,139917.5,111841.6,156838.7,91184.88,137563.7,1489524,23014.69,16480.93,113790.8,253325.9,146.64,1253198,4567851,31509.92,917136.7,566167.8,52275.65,54042.75
Scenario 2,410,2,True Positive News,110,TRADING,151963.7,263071.7,160859.5,292735.9,575185.8,594628.1,229841.2,528661.6,707096.4,944350.8,508072.4,293891.4,1834342,23966.89,458070.7,46015.01,305836.9,459808.6,1396115,45844.72,135844.9,360356.3,437206.6,493793.2,89729.07,147673,143564.2,184205.8,110209.9,161847.2,131940,140278.8,140281.7,111533.4,157111.6,91370.88,137920.1,1490466,23050.38,16480.68,113617.3,253316.3,146.51,1252739,4554650,31554.9,916752.1,567698.7,52364.61,54044.95
Scenario 2,411,2,True Positive News,111,TRADING,151931.9,262569.2,161150.4,292947.7,577486.3,594997.4,229833.3,528340.8,707248.5,944737.9,507084.7,293512.9,1839998,24019.28,458096.2,46027.92,306445.8,459766.1,1395418,45855.16,135581.4,359557,437878.9,494444.7,89768.38,147932.3,143564.7,184278.7,109892,161669.8,131924.3,140176.6,140376.7,111602.1,157320.2,91538.86,138101.1,1491571,23090.6,16465.99,113693.2,253316.5,146.29,1252824,4549271,31604.02,915579.7,569383.1,52451.1,54062.55
Scenario 2,412,2,True Positive News,112,TRADING,151924.1,262080.7,161354.6,293091.8,579488.9,595819.2,229883.3,527574.1,707234.9,944552.3,506331.9,293305,1845657,24081.33,458363.1,46033.82,307198.4,459815.3,1395822,45872.14,135337,358743.6,438501.9,494925.4,89673.15,147995.2,143545.3,184350.9,109701.4,161568.5,132009.7,140014.9,140637.7,111321.1,157759.2,91698.92,138242.5,1492561,23115.34,16450.19,113807.1,253454.3,146.2,1252896,4538925,31636.59,914985.4,570866.1,52513.52,54116.21
Scenario 2,413,2,True Positive News,113,TRADING,151911.9,261808.6,161627.6,293144,581000,596255.1,229828.6,526145.9,707217.2,944946.2,504929.2,292982.1,1849621,24149.71,458580.4,46040.82,307681.3,459928.1,1395904,45872.47,135101.7,357708.7,439561.5,495642.9,89554.48,148220.8,143523.9,184301.7,109456.9,161294.3,132037.6,139691.8,140862.3,111055.7,158165.7,91855.86,138317.8,1495455,23144.31,16440.06,113776.9,253358,145.92,1252869,4534238,31680.37,913766.1,572594.3,52591.25,54161.42
Scenario 2,414,2,True Positive News,114,TRADING,151894.9,261665,162054,293436.5,582868.8,596903.9,229756,525173.7,707204.9,944569,503750.7,292591.5,1853784,24214.51,458889.1,46034.18,308569,459970.8,1395254,45884.62,134835.8,356736.4,440205.2,496254,89524.14,148451.1,143518.9,184362.4,109222.4,161284.1,132091.6,139491.3,141101.5,110847.7,158508.6,92018.33,138377,1496341,23171.83,16410.07,113813,253363.9,145.92,1252754,4530390,31740.07,912962.9,573894.4,52672.92,54242.21
Scenario 2,415,2,True Positive News,115,TRADING,151864.4,261524.8,162465.9,293529.4,584614.5,597065.6,229724.9,524082.5,707226.8,944893.2,502661.4,292248.7,1857702,24297.43,458866.8,46035.99,309211.6,460014.4,1395177,45905.35,134519.4,355793.9,440595.3,496597.8,89493.83,148721.2,143497.4,184320.7,108981.4,161058.4,132098,139328.9,141326.8,110705.8,158841,92212.99,138582.1,1497651,23197.55,16400.99,113707.3,253436.1,145.82,1252927,4523688,31797.26,912119.6,575050.8,52742.01,54294.13
Scenario 2,416,2,True Positive News,116,TRADING,151883.5,261345.8,162699.1,293450.8,586242.1,597058.3,229635.6,523502.4,707063.3,945103.7,501538.5,291711.4,1863197,24361.88,459154,46032.3,309578.6,459923,1395394,45890.99,134338.7,354985.2,441173,497242.5,89313.72,148945.2,143512.5,184393.8,108846.3,160753.2,132136.3,139126.7,141622.2,110543,159183.2,92327.46,138701.8,1497690,23229.39,16382.53,113659.1,253467.1,145.77,1252840,4515246,31875.42,911731,576523.6,52825.08,54339.96
Scenario 2,417,2,True Positive News,117,TRADING,151856.1,260945,162916.9,293428.7,588253,597180.4,229676.6,522851.5,706940.1,944217.6,500819.6,291323,1867857,24432.79,459581.2,46030.22,309920.6,459874.7,1395008,45909.53,134195.5,354186.6,441635.8,497940.1,89227.3,149200.8,143514.2,184385.8,108608.3,160718.4,132126,138904.4,141784.6,110371.4,159363,92475.08,138989.9,1498711,23259.72,16356.99,113784,253482.8,145.63,1253169,4511964,31912.14,911248.9,578292.6,52888.84,54420.57
Scenario 2,418,2,True Positive News,118,TRADING,151821.8,260727.4,163126.2,293437,590590.6,597056.4,229706.3,522436.3,707110.8,944098.1,499645.9,290871.8,1871758,24484.07,459950.3,46024.02,310592.6,459811.3,1394729,45905.08,134084.9,353318.4,442228.9,498556.2,89097.48,149364.1,143520.9,184301.6,108366.5,160547.2,132196.8,138666.4,142055.1,110319.9,159729.9,92642.32,139147.5,1500266,23289.34,16322,113808.6,253521.6,145.4,1253095,4499759,31955.87,910154.3,579751.9,52950.04,54489.34
Scenario 2,419,2,True Positive News,119,TRADING,151772,260180.1,163382.4,293593.8,592693.9,597593.7,229668.1,521694.8,707041,943764.3,498869.2,290174,1877142,24548.84,460129.4,46033.27,311025.5,459838.6,1394464,45924.71,133931.9,352407.1,442844.8,499372.7,89100.99,149631.4,143559.4,184237.9,108256.2,160245.5,132226,138399.5,142321.8,110145.9,159866,92820.43,139429.7,1502122,23337.23,16303.96,113752.8,253622.3,145.33,1253062,4494460,32036.64,909387.6,581265.6,53055.68,54532.62
Scenario 2,420,2,True Positive News,120,TRADING,151741.3,259828.3,163551.2,293881.7,594416.7,598680.4,229725.5,520504,706931.3,943947.9,498515.7,289707,1884186,24631.98,460513.3,46023.51,311791.2,459747.9,1394902,45938.44,133761.3,351586.6,443465.4,500080.4,89066.78,149840.1,143538.7,184302.9,108132.6,160014.3,132117.2,138190.9,142586.5,109988.5,160146.3,92989.16,139656.9,1504018,23361.05,16282.8,113736.7,253634.9,145.12,1252816,4482225,32112.74,908635.4,583018.7,53103.3,54571.1
Scenario 2,421,2,True Positive News,121,TRADING,151713,259685.4,163738.2,293828.8,596163.7,599661.4,229691.6,519279.7,707113.4,943652.2,497923.2,289375.8,1887843,24711.86,461223.3,46031.68,312228.3,459817.9,1394421,45947.84,133573.9,350795.5,444145.5,501003.8,88968.29,150086.2,143542.3,184228.9,107973.9,159771.1,132114.8,137812.2,142914.6,109880,160442.9,93125.09,139770.1,1504013,23397.95,16278.71,113752.9,253496.5,145.03,1252743,4475890,32173.07,907571.8,584764.5,53168.04,54632.24
Scenario 2,422,2,True Positive News,122,TRADING,151738.3,259665.6,164019.9,294206.3,598461.8,600588.7,229663.8,519217.1,707068.2,943492.6,497402.4,289661.9,1894415,24766.43,461384.8,46035.95,312251,459890,1394563,45950.69,133274.3,349879.6,444954,501588.9,88852.88,150299.2,143492.4,184150.6,107821.9,159539.7,132042.3,137711.2,143167.6,109715,160755.5,93301.68,140028.3,1505172,23442.06,16259.7,113725.5,253586.6,144.86,1253107,4468837,32214.16,906579.8,586346.7,53256.9,54674.45
Scenario 2,423,2,True Positive News,123,TRADING,151786.8,259251.3,164392.8,294183.6,600393.3,601073.8,229661.7,518884.1,706947.6,944139.1,496318.9,289455.2,1900003,24815.36,461708,46027.79,312752.6,459932.9,1395076,45959.29,133084.1,348950.2,445723.6,502439.8,88752.66,150529,143483.2,184259.1,107648.2,159222.4,132050.6,137548.9,143272,109787.7,161049.6,93470.66,140081.7,1504907,23474.99,16237.28,113785,253471.7,144.77,1252837,4468255,32267.42,905607.9,587970.4,53329.78,54676.79
Scenario 2,424,2,True Positive News,124,TRADING,151778.6,258749.6,164615.4,294181.9,602515.3,601922.6,229606.8,518505.6,706494.4,944513,495412.7,289126,1903579,24881.79,462132,46024.19,313397.6,459895.7,1395195,45954.09,132892.5,348031.2,446322.7,503202.7,88705.33,150764.5,143491.9,184280.4,107477.6,159223,132057.6,137339.4,143347.5,109690.8,161412.2,93600.82,140279.5,1505925,23498.47,16221.69,113726.1,253584.4,144.4,1252640,4457765,32288.08,904804.7,589577.9,53412.39,54715.44
Scenario 2,425,2,True Positive News,125,TRADING,151752.4,258564.6,164925.2,294207.7,604788.9,602026.6,229618.6,518383.2,706505.1,944601.9,494873.7,288729.6,1908278,24932.4,461971.7,46035.64,313741.4,459858.4,1395274,45977.65,132624.4,347098.7,447152.6,503615.5,88709.05,150951.2,143474.6,184219.1,107410.7,158877.4,132033.7,137150.4,143430.1,109630.8,161645.3,93779.46,140307.6,1507182,23518.32,16225.73,113675.6,253618.2,144.23,1252959,4447911,32339.48,903556.4,591288.7,53487.2,54783.97
Scenario 2,426,2,True Positive News,126,TRADING,151739.5,258260,164992.2,294650.5,606821.1,602967.1,229533.8,517870.3,706689.5,944801.7,494356.6,288383.1,1913940,25002.85,462399.9,46030.28,314560.1,459841.9,1395219,45979.16,132485,346198.4,447631.6,503882,88695.35,151148.7,143510.6,184125.4,107147.9,158557.6,131984.6,137016.1,143898.3,109535.2,161725.2,93954.39,140432.9,1508663,23547.27,16206.14,113700.2,253663.2,144.1,1252878,4441023,32381.82,903185.8,592463.4,53585.2,54896.15
Scenario 2,427,2,True Positive News,127,TRADING,151746,258083.2,165213.3,294919.5,608918.2,603711.7,229530.3,517534.9,706593.9,944877.7,493278.6,287697.1,1919523,25042.72,462350.3,46043.04,315192.2,459841.8,1395652,45963.91,132278.4,345291.8,448195.3,504230.4,88585.37,151384.9,143458.3,184092.7,106885.1,158382.5,132021.4,136888.5,144153,109361.1,162225.4,94120.4,140669.9,1509254,23583.93,16189.75,113694.8,253647.6,143.98,1253133,4436501,32447.31,902560.1,594218.4,53646.25,54955.15
Scenario 2,428,2,True Positive News,128,TRADING,151737.3,257989.6,165468.1,295176.8,610730.7,604182.5,229572.5,517502.7,706635.6,944489.9,492181.9,287628.2,1925029,25085.23,462176.1,46056.55,315747.6,459775.2,1395275,45939.8,132064,344454.8,448783.7,504670.1,88434.14,151520.1,143466.2,184183.2,106781.1,158239.8,132026.6,136752.3,144294.1,109308,162485.1,94299.84,140702.8,1510767,23605.43,16183.68,113665.3,253666.9,143.93,1252460,4432498,32526.65,901665.9,595945.6,53738.32,55010.35
Scenario 2,429,2,True Positive News,129,TRADING,151700.7,257337.9,165975.9,295482.6,612882,604741.4,229579.5,517108.2,706772,944494.9,491349,287427.6,1930061,25154.48,462218.6,46056.78,316646.2,459861.6,1395143,45928.89,131846.7,343573.6,449246.8,505060.6,88432.72,151857.9,143494.9,184110,106633.3,157795.7,132077.1,136498.4,144520.9,109020.9,162750.5,94460.85,140926.8,1513812,23632.69,16161.95,113698.6,253687.2,143.72,1252911,4422232,32489.93,900791.5,597509.5,53810.12,55075.96
Scenario 2,430,2,True Positive News,130,TRADING,151740,256579.8,166032,295575.9,614963.7,605099.7,229516.3,517495.2,706584.5,944459.5,490235.7,287194.6,1934989,25205,462821.8,46052.52,317481.6,459900.7,1395363,45916.47,131657.7,342692,449896.6,505591.4,88351.96,152117,143505.3,184020.3,106369.9,157496.3,132091.8,136379.6,144870.1,108886.8,162928.5,94629.48,141218.5,1515689,23661.77,16129.06,113717.8,253793,143.42,1253076,4417771,32540.41,899858.4,598998.3,53878.74,55123.35
Scenario 2,431,2,True Positive News,131,TRADING,151738.2,256488.9,166148.9,295654.9,616683.8,605400.7,229473.5,517061.7,706647.7,944237.1,489583.7,286752.3,1939965,25255.23,462805.4,46057.7,317601.3,459943.1,1394918,45881.17,131424.5,341794.8,450159.6,506114.2,88359.3,152424.3,143548.7,183911.7,106149.4,157322.8,132210.6,136176,145188,108776,163133.1,94757.31,141484.1,1515186,23694.68,16102.5,113729.3,253919.4,143.42,1253108,4413666,32571.65,899153.1,600704.4,53948.49,55219.92
Scenario 2,432,2,True Positive News,132,TRADING,151707.8,256194.7,166608.5,295572.2,618725.1,606040.6,229568.6,516241.3,706551.5,944310.6,489363.7,286415.7,1944746,25333.35,462419.1,46065.76,318296.5,459914.2,1394683,45894.19,131158.8,340954.6,450452.8,506687.9,88181.21,152612.7,143581.6,183857.2,106035.8,157202,132245,136114.1,145382.8,108666,163379,94901.34,141688.1,1517032,23738.05,16087.39,113743.6,253897.7,143.2,1253227,4406265,32576.44,898639.5,602294.9,54009.04,55269.36
Scenario 2,433,2,True Positive News,133,TRADING,151712.6,255694.5,166910.9,295613.8,620850.3,606875.5,229543.7,515920.8,707022.3,944302.2,488359.2,286085.3,1949162,25366.17,462805.5,46072.44,318284.4,459909.2,1394713,45896.89,131029,340105,451153.3,507372,88185.18,152794,143610.4,183917,105864,157002.3,132278.8,135914.9,145699.7,108635.5,163467.5,95061.83,141919,1519961,23770.76,16062.32,113793.2,253926.7,143.07,1253451,4397649,32670.2,898058.8,603728.9,54093.49,55355.15
Scenario 2,434,2,True Positive News,134,TRADING,151692.8,255275.7,167045.6,296058,623075.5,607094.7,229563.6,514824.8,707078.9,944122.9,487787,285630.4,1955981,25410.26,462867.6,46081.93,318954.6,459931.1,1395182,45894.09,130684.3,339163.2,451692.4,508048.3,88009.25,152989.9,143670.6,183846.1,105637.4,156948.8,132266.5,135792,145884.4,108529.8,163727.6,95192.9,142191.8,1520777,23800.96,16049.16,113779.4,253997.5,143.02,1253562,4388544,32718.71,896714,605208.9,54163.98,55432.25
Scenario 2,435,2,True Positive News,135,TRADING,151721,254833.9,167346.8,296337.4,624772.9,607224.3,229619.4,514547.3,707165.9,944384.1,487491,285125.1,1960803,25467.57,463073.5,46090.66,319497.2,460002,1394597,45910.98,130357,338262.6,452240,508587.3,87818.99,153192.5,143682.7,183906.4,105426.3,156921.6,132348.2,135534.2,146183.4,108435.9,163998.1,95367.62,142523.8,1522385,23832.86,16024.45,113768,254015.7,142.71,1253184,4383434,32773.64,895661.4,606698,54257.05,55478.76
Scenario 2,436,2,True Positive News,136,TRADING,151708.2,254561.2,167448.5,296490.7,626813.7,608145.6,229576.9,513852,707241.8,944199.6,487412.7,284984.2,1965210,25522.58,463330.2,46093.41,319806.5,460109.3,1394283,45909.12,130053.3,337313.2,452822.3,509027,87707.28,153355.3,143673.1,183842.7,105205.6,156785.5,132338,135313,146298.1,108270.8,164325.4,95535.8,142679.5,1524051,23869.81,16007.7,113721.1,254087.3,142.59,1253223,4376411,32841.6,894858.2,608099.1,54309.91,55512.26
Scenario 2,437,2,True Positive News,137,TRADING,151695.7,254311.5,167779.8,296444.3,628874.4,608946.4,229614.3,513783.2,707211.1,944692.1,486571.7,284673.6,1969838,25575.93,463771.7,46101.17,320430.4,460296.4,1394354,45906.36,129787.9,336354.2,453122,509544,87509.18,153515.3,143660.8,183858.3,105058.5,156557.6,132322.1,135258.6,146618.8,108099.9,164518.2,95702.94,142939.8,1524466,23902.78,15991.33,113772.6,254043,142.56,1253239,4374780,32864.17,894370.8,609592.8,54383,55590.87
Scenario 2,438,2,True Positive News,138,TRADING,151667.6,253935.8,168059.5,296611.3,630383.1,609473.9,229574.3,512935.9,707127.1,944847.6,485918.6,284205.6,1975751,25621.65,464241.6,46077.03,320901.7,460343.6,1394434,45903.63,129520.1,335437.2,453743.9,510065.2,87370.88,153722.8,143641.7,183750.3,104888.9,156413.7,132252.4,135237.1,146865.1,108013.6,164726.9,95877.11,143163.7,1525599,23930.63,15970.07,113833.2,253886.5,142.52,1252896,4370688,32914.34,894045.4,611021.6,54454.33,55645.5
Scenario 2,439,2,True Positive News,139,TRADING,151703.7,253628.9,168219.7,296767.2,632696.4,609051.2,229541.1,512153.7,706888.4,944224.1,484732.4,283685.5,1980349,25694.65,464601.5,46079.99,321120,460366.2,1394669,45936.64,129300.6,334590.3,454457.9,510524.1,87181.57,153970.4,143688.1,183799.3,104571.2,156149.7,132302.7,134950.4,147171.8,107862.2,164911.6,96034.5,143410.4,1526198,23963.21,15963.41,113761.1,254059.1,142.46,1252911,4367727,32967.58,892765.1,612586.1,54534.44,55733.13
Scenario 2,440,2,True Positive News,140,TRADING,151739.4,253673.9,168355.2,296726.1,634853.3,609526.4,229517.1,511829.4,706981.3,944677.9,483649,282684.2,1986499,25754.23,464696.7,46065.23,321662.4,460283.6,1394534,45951.59,129041.5,333750.2,455333.7,511105.2,87225.78,154241.7,143673.3,183691.5,104436.1,155869,132356.9,134781.5,147444.8,107835.3,165232,96177.11,143592.2,1529693,23994.99,15946.53,113756,254124,142.39,1252896,4361067,32994.49,892272.4,614008.6,54612.15,55760.86
Scenario 2,441,2,True Positive News,141,TRADING,151719.2,253724.9,168657.6,296636.3,637201.5,610466.2,229625.3,511048.9,707046.5,944740.7,483044.1,282388.7,1992174,25815.21,464793.6,46067.05,322470.4,460279.2,1395194,45943.36,128796.9,333004.3,455748.5,511786.4,87153.86,154509.6,143695.6,183655.3,104164.5,155647.6,132358,134508.4,147759.7,107620.5,165411.2,96335.95,143819.8,1531239,24039.42,15921.56,113784.9,254190.5,141.94,1252876,4350401,33007.11,891540.1,616016.3,54674.15,55831.6
Scenario 2,442,2,True Positive News,142,TRADING,151707,252993.8,168905,296235.5,638828.5,610484.9,229654.1,510742.3,707011.5,944981.7,482810.6,282126.5,1997279,25879.65,464816,46074.26,322920.9,460337.9,1395633,45952.33,128563.9,332186.7,456339.4,512292.6,87088.57,154687.8,143771.4,183624.1,103912.2,155512.6,132389.8,134236.6,147979,107450.3,165673.7,96470.41,144117.5,1534398,24065.84,15910.45,113883.6,254196.7,141.68,1252769,4345816,33081.13,890582.9,617765.3,54724.61,55867.35
Scenario 2,443,2,True Positive News,143,TRADING,151721.5,252492.1,169143.3,296165.4,640978.5,610922.2,229666.1,510524.4,706992,945280.4,481875.3,281719.1,2002947,25934.79,465174.6,46041.96,323323.9,460343,1395748,45950.35,128277.3,331346,457069.2,513086.7,86964.52,155039.4,143724.9,183624.3,103764.4,155363.1,132414.8,134003.2,148298.6,107385.5,165809.3,96603.82,144362.6,1535819,24094.9,15889.69,113926.2,254256.1,141.62,1252709,4341836,33153.76,888642.2,619391.3,54793.76,55906.18
Scenario 2,444,2,True Positive News,144,TRADING,151752.2,252371.2,169622.8,296574.8,642566,611193.5,229694.8,509762.5,706569.7,944873.6,481215.9,281158.7,2009144,26029.09,465053.6,46042.32,324061.9,460284.1,1395685,45946.41,128063.9,330499.9,457636,513452.7,86907.81,155086.3,143736.2,183578,103502.9,155095.7,132421.2,133847.6,148498.1,107391.1,166057.1,96728.83,144621,1537348,24120.66,15861.39,113954.4,254290.3,141.37,1252943,4336001,33200.65,887478.4,621039.3,54869.85,55995.29
Scenario 2,445,2,True Positive News,145,TRADING,151703,251856.7,169988.8,296866.5,645286.7,611532.8,229740.6,508869.7,706918.3,944993,480391.5,280744.7,2013992,26093.74,465673.8,46042.52,324643.4,460208.1,1394997,45922.08,127905.5,329630,458093,513995.7,86772.29,155194.5,143647.3,183490.3,103394.5,154830,132478.3,133694,148684.5,107196.5,166530.7,96895.72,144780.8,1539218,24163.42,15833.49,113826.2,254310,141.21,1252997,4326811,33302.17,886571,622309.9,54948.85,56028.73
Scenario 2,446,2,True Positive News,146,TRADING,151731.4,251838,170274.9,296829.8,647248.6,610961.6,229797.4,508339.3,706859.2,944845.4,479516.7,280406.2,2019813,26145.04,465856.7,46033.35,325007.3,460094,1395228,45928.52,127697,328807.2,458803.4,514665.5,86705.49,155477.3,143583.9,183492.3,103201.9,154688.4,132434.9,133573.1,149015.4,107006.4,166528.8,97043.85,144968.3,1540919,24205.24,15809.17,113962.9,254284.2,140.97,1253019,4318770,33341.75,885567.3,624136.6,55030.96,56044.96
Scenario 2,447,2,True Positive News,147,TRADING,151736.9,251150.9,170229.2,296068.6,649162.4,611481,229771.6,507686.4,707106.4,945414.4,478767.5,280823.3,2024887,26204.69,465304.1,46034.6,325659.6,460087.2,1394714,45972.63,127461.7,327888.3,459281,515106.2,86769.19,155704.7,143520.3,183507.5,103035.2,154768.4,132405.1,133459.2,149084.5,106810.9,166491.2,97221.33,145147.8,1538906,24234.52,15812.91,114169.1,254366.6,141.22,1253013,4311247,33340.89,884234.1,625426,55118.63,56025.83
Scenario 2,448,2,True Positive News,148,TRADING,151737.9,250716.8,170255.7,295290.7,651124.9,611922.8,229749.9,506870.2,706831.5,945641.3,477581.6,281303.9,2028907,26272.14,464863.3,46030.15,326548,460164.3,1394702,45995.31,127314,327157.7,460085.4,515865.9,86802.76,155934.2,143506.2,183420.5,102901.6,154804.7,132369.9,133413.1,149275.5,106798.7,166270.6,97372.63,145276.1,1537908,24259.4,15834.51,114376.1,254349.2,141.45,1252943,4308043,33376.7,883120.6,626904.1,55194.19,56009.76
Scenario 2,449,2,True Positive News,149,TRADING,151751.2,250163.2,170151.4,294922.4,653307.8,612064.1,229796.8,505564.6,706415.4,945403.4,476667.5,281465.1,2034811,26316.71,464676.8,46017.05,327081.1,460176.1,1394206,46016.82,127199.3,326271.2,460538.9,516505.4,86844.82,156157.8,143532.9,183511.4,102762.4,154899.9,132388.7,133134.1,149519.6,106610.2,166391.7,97522.28,145515.8,1535612,24287.02,15842.58,114605.8,254333.9,141.73,1252773,4306871,33425.95,882351.5,628560.5,55267.98,55979.29
Scenario 2,450,2,True Positive News,150,TRADING,151703.6,249926.5,170153.7,294229.7,654511.5,612620.6,229826,504629.9,706279.7,944766.1,475874.5,281915.8,2037557,26374.32,464426.3,46000,327600.7,460222.6,1394547,46005.37,127097.1,325381.8,460981.4,517492.5,86929.61,156225.7,143581.2,183503.4,102526.1,154986.7,132360.8,132978.1,149705.7,106452.3,166422.6,97713.31,145713,1533215,24325.51,15858.88,114857.7,254329.3,141.93,1253261,4300794,33484.02,881343,630401.4,55349.59,55998.79
Scenario 2,451,2,True Positive News,151,TRADING,151703.6,249926.5,170153.7,294229.7,654511.5,612620.6,229826,504629.9,706279.7,944766.1,475874.5,281915.8,2037557,26374.32,464426.3,46000,327600.7,460222.6,1394547,46005.37,127097.1,325381.8,460981.4,517492.5,86929.61,156225.7,143581.2,183503.4,102526.1,154986.7,132360.8,132978.1,149705.7,106452.3,166422.6,97713.31,145713,1533215,24325.51,15858.88,114857.7,254329.3,141.93,1253261,4300794,33484.02,881343,630401.4,55349.59,55998.79
Scenario 2,452,2,True Positive News,152,TRADING,151660.3,249827,170075.4,293587.7,656249.4,612950.7,229790.1,504096.2,706121.1,944684.2,475046.5,281981.4,2041965,26446.08,463756.4,46009.59,328306,460231,1394734,46014.51,126935,324537.3,461493,518081.6,87072.23,156449.3,143493.9,183499,102359.3,154915,132378,132668.7,149923.3,106312.4,166315.6,97863.3,145882,1531409,24365.71,15864.45,115058.1,254265.3,142.2792,1253789,4289268,33547.34,880813.8,632112.9,55420.8,55993.34
Scenario 2,453,2,True Positive News,153,TRADING,151630.1,249365.8,169856.8,293328.8,658099.4,613466,229774,503374.6,706109.4,944457.5,474234.8,282182.9,2045623,26507.07,463262.5,46018.04,328498.1,460133.7,1394635,46002.05,126591.4,323552,461861.7,518642.3,87049.42,156760,143582.5,183428.4,102279,155013.9,132332.9,132512.8,150041.7,106279.7,166106.3,98011.99,146051.2,1528844,24388.52,15888.45,115250.5,254254.6,142.4189,1253972,4282050,33609.52,880478.1,633521.9,55500.15,55962.23
Scenario 2,454,2,True Positive News,154,TRADING,151540.5,249189.4,169820.1,292827.2,659744.6,613699.9,229769.8,503496.3,706220,944082.5,473358.4,282759.3,2052570,26577.14,463051.1,46000.31,328877.7,460137.4,1394500,45975.98,126306.1,322532,462425.4,519299.3,87258.83,156917,143593,183468.4,102089.8,155143,132302,132209.9,150378.1,106230.6,165999.6,98195.67,146376.3,1526614,24430.84,15909.23,115457.9,254152.4,142.4489,1254225,4272103,33683.44,879474.7,635393,55593.11,55916.68
Scenario 2,455,2,True Positive News,155,TRADING,151478.3,248906.1,169981.9,291882.3,661396.7,613599.2,229764.2,502662.5,706373.6,944874.3,472787.3,283192.3,2057836,26634.48,462405.2,45997.83,329418.3,460009.8,1394906,45926.06,126251.2,321681.2,463089,519923.3,87263.13,157052,143640.8,183452,102054.5,155119.1,132155.8,132063.7,150508.4,106137.6,165904.9,98365.01,146622.6,1522671,24466.63,15914.57,115760.7,254239.3,142.5786,1254685,4268537,33705.65,878666.3,636792.3,55656.18,55917.96
Scenario 2,456,2,True Positive News,156,TRADING,151399.2,248485.2,169877.5,291542.3,663611.3,613950.5,229662.4,501243.7,705877.1,944601.2,472073,283589,2063714,26679.17,462045.9,46025.28,330045.7,459809.6,1395058,45911.48,126033.8,320193.7,464020.1,520266.4,87292.35,157234.8,143656.6,183396.5,101906.8,155076.3,132138.3,131882.6,150878.7,106037.6,165934.1,98517.2,146869.9,1520647,24507.8,15931.42,115922.2,254194.8,142.8779,1254667,4258648,33776.44,878028.8,638145.9,55746.06,55895.59
Scenario 2,457,2,True Positive News,157,TRADING,151411.6,248556.8,169930.9,291000.4,666084,613936.6,229630.7,500528.5,706177.8,944227,471437.3,284197,2069644,26752.87,461986.3,46005.83,330390.6,459911.9,1394955,45892.59,125686,321588.3,464373.6,520995.2,87303.07,157385.1,143682.2,183413.8,101479.5,155185.5,132167.3,131724.7,151267.6,105870,165746.8,98676.72,147086.2,1517275,24526.58,15937.37,116101.9,254152,142.9278,1254657,4247415,33840.55,877664.9,639720.7,55848.64,55888.57
Scenario 2,458,2,True Positive News,158,TRADING,151381.9,247719.2,169656.2,290371.7,667861.7,614211.4,229547.5,499856.4,706594.1,943744.3,470768.3,284649.7,2074019,26828.83,461592.8,46013.85,331047.7,459858,1395207,45867.05,125450.7,322393.2,464966.3,521674,87418.04,157613.9,143680.1,183424.8,101240.2,155244.2,132116.5,131431.9,151629.3,105845,165404.5,98834.17,147327.5,1514083,24551.07,15936.44,116333.8,254201.2,143.1274,1254740,4238040,33900.28,876937.8,641143,55982.52,55889.97
Scenario 2,459,2,True Positive News,159,TRADING,151389.7,247768.6,169595.3,289549.1,669732.8,614356.9,229492.5,499400.8,706830,943781.2,469902.9,285195.4,2076768,26887.27,461407.9,46008.55,331208.4,459670.7,1395558,45861.43,125241.5,323197.9,465508.1,522276.6,87462.96,157694.2,143634.7,183448.1,101034.3,155258.3,132031.2,131173.9,152067.9,105714.8,165315.3,98984.54,147588.3,1512169,24571.89,15944.92,116461,254168,143.4467,1255342,4230955,33962.76,876142.3,642770.6,56028.45,55858.92
Scenario 2,460,2,True Positive News,160,TRADING,151402.7,247219.4,169474.3,289181.8,671939.5,614068.8,229453.2,498801.6,706475.1,943485,468707.1,285519.5,2082674,26964.97,460783.6,46000.99,332115.3,459648.8,1395344,45847.03,124902.7,323877,466074.6,522886.8,87539.73,158001.6,143639.6,183417.7,100816.2,155447.4,132014,130976,152411.1,105677.3,165143.2,99144.8,147735.7,1511023,24599.52,15965.17,116617.4,254069.2,143.6562,1255259,4219758,33974.21,874846.9,644243.7,56087.84,55800.88
Scenario 2,461,2,True Positive News,161,TRADING,151369.8,247037,169453.2,288644.1,674169.1,614736,229483.6,497828.9,706957,943587.8,468171,285963.8,2088646,27039.34,460317.2,45999.53,332731.4,459456.1,1395586,45834.36,124661.6,324692.9,466577.4,523478.8,87601.12,158149.5,143661.9,183460.8,100544.2,155236.2,131988.5,130853.6,152677.8,105700.2,165027.5,99309.58,148009.6,1507234,24634.34,15966.34,116775.1,254109.2,144.0454,1255473,4211329,33986.8,873648.4,645980.7,56164.77,55800.12
Scenario 2,462,2,True Positive News,162,TRADING,151378.1,246709.1,169248.8,287856,676192.2,614979.3,229495.7,497615.7,707197.2,943843,467059.3,286474.9,2094954,27100.65,459653,46002.99,333389.2,459350.3,1396044,45790.49,124342.6,325274.9,467499.5,524277.2,87734.76,158244.2,143664.4,183520.5,100282.1,155227.5,131978.8,130824.1,152873.9,105476.7,165033.7,99483.54,148073.6,1504670,24661.01,15975.07,117064.4,254159.8,144.2849,1255207,4203388,34103.31,872946.5,647227.1,56243.35,55775.37
Scenario 2,463,2,True Positive News,163,TRADING,151383.5,246422.9,168933.9,287253.7,678645.3,615274.2,229446.3,497386.3,707203.8,944091.7,466071.9,286896,2099679,27168.94,459465.1,45995.12,334351.6,459301.6,1395883,45788.1,124027.7,325988.3,468382.4,525031.5,87818.81,158675.2,143746.7,183534.7,100054.7,155295.2,131954.7,130630.3,153137.9,105324,164963.4,99593.32,148221.9,1504154,24690.34,15978.81,117302.3,254105.1,144.4545,1254870,4193241,34179.91,871955.1,648834.8,56312.49,55756.29
Scenario 2,464,2,True Positive News,164,TRADING,151416,246251.9,169069.3,286520,680278.5,615436.6,229451.2,496751.6,707417.9,943844.1,465387.2,287094.9,2105196,27214.44,459035.2,45986.99,334805.6,459324.2,1396001,45784.96,123802.7,326615.2,469086.4,525419.3,87783.05,158877.5,143706.5,183581.5,99796.49,155097.5,131954.9,130366.2,153201.6,105126.3,164902.2,99743.26,148460.7,1502546,24714.59,15994.35,117552.7,254018.5,144.664,1254893,4188072,34192.18,871516.6,650173.2,56387.43,55753.78
Scenario 2,465,2,True Positive News,165,TRADING,151387,245872.5,168841.9,285904.7,682033.5,615731.3,229483.3,496598.9,707607.4,943178.1,464406.9,287331.6,2110210,27280.8,458950.5,45991.55,335233.8,459312.6,1397750,45748.96,123661,327258.9,469588,526109.5,87916.61,159096.1,143698.7,183623.6,99595.52,155173.1,131984.5,130098.2,153421.1,104984.4,164796.1,99914.47,148735.4,1499287,24749.93,16032.07,117744.4,254059.1,144.7339,1255196,4181295,34247.41,871011.3,651704.7,56459.81,55742.65
Scenario 2,466,2,True Positive News,166,TRADING,151400.1,245693.4,168752,285111.3,683401.5,616477.6,229407.2,495530.9,707645.3,943546.4,464009.3,288003.7,2112166,27342.03,458789.3,45978.2,335747.8,459121.9,1397884,45748.47,123431,327908,470481.9,526591.7,88050.67,159376.5,143690.9,183694.2,99340.96,155084.9,131940.2,129912.9,153761.1,104877.9,164654.3,100059.6,148909,1497701,24762.56,16055.21,117928.1,253945.9,144.9833,1254853,4176884,34257.3,870023.4,653181.1,56539.48,55666.04
Scenario 2,467,2,True Positive News,167,TRADING,151359.5,245323.2,168679.1,284603.3,685209.2,616737.7,229396.1,495713.9,707729.8,943584,463880.9,288736.8,2115130,27401.55,458821.7,45963.69,336696.3,459030,1398107,45765.25,123225.9,328565.5,471135.9,526957.2,88123.06,159589,143681.6,183690.2,99201.66,155257.9,131959.8,129656.7,153711.1,104725.1,164642.7,100223,149117.6,1495593,24784.8,16077.12,118209.4,253928.2,145.0731,1255006,4168097,34283.38,869256.6,654670.1,56589.62,55668.75
Scenario 2,468,2,True Positive News,168,TRADING,151392.7,245063.7,168429.3,283994,687396.7,617420.6,229477.8,495263.8,707832.4,943576.7,462764.5,289038.2,2120403,27447.78,458276.6,45941.33,337318.8,459141.9,1397675,45738.39,123008.1,329174.1,471557.5,527614,88205.39,159839.6,143649.2,183772.4,99006.62,155331.8,131903.4,129419.3,153923.3,104529.1,164597.6,100423,149214.6,1490694,24798.85,16083.17,118324.5,254040,145.2228,1254981,4165316,34326.59,868655.7,656198.2,56669.87,55621.02
Scenario 2,469,2,True Positive News,169,TRADING,151397.2,244679.2,168099,283441.2,689079.2,617910,229503.9,494615.7,708358.2,943510.8,462540.9,289405.1,2126156,27525.52,457559.5,45937.9,337675.1,459137.8,1398140,45750.68,122841.2,329870.7,472229.3,528091.2,88260.82,160101.3,143690.9,183737.8,98749.01,155516.1,131830.5,129118,154152,104545.2,164597.7,100592.5,149440,1487796,24822.43,16091.79,118587.9,253955.7,145.4723,1254785,4154021,34418.02,867799.9,657472.4,56747.29,55573.77
Scenario 2,470,2,True Positive News,170,TRADING,151402,244477.6,168121.6,282899.2,690758.2,618426.1,229538.7,494625.3,708336.1,943420.1,461917.4,289804.6,2130424,27585.02,457594.5,45941.04,337948.2,458984.4,1398340,45716,122557.9,330628.3,472598.8,528584,88361.93,160271.8,143675.7,183711.3,98580.13,155610.7,131886.4,128970.8,154419.4,104401.1,164440,100800.9,149614.4,1484608,24856.13,16104.22,118844.1,253858.7,145.6419,1254968,4150977,34462.09,866962.1,659057.6,56797.99,55524.54
Scenario 2,471,2,True Positive News,171,TRADING,151403.9,244177.9,168040.4,282554.1,692494.6,618929.3,229460.2,494623.1,708588.4,943194.8,461974.3,290102.1,2135129,27642.82,456903.6,45955.41,338678.1,458798.5,1397793,45724.05,122402.7,331340.5,473215.6,529261.2,88358.13,160400,143665.3,183650.2,98382.54,155574.4,131896.1,128657.8,154699.9,104266.4,164484.1,100921.8,149752.5,1482207,24882.54,16102.78,118922.8,253864,145.7716,1254995,4148630,34504.96,866012.7,660635.3,56865.05,55505.77
Scenario 2,472,2,True Positive News,172,TRADING,151418.7,243958.6,167817.7,282028.8,694106,619512.4,229504.5,493842.3,708691.9,943382.4,461365.5,290610.9,2141469,27713.2,456889.1,45969.92,339447.8,458815.1,1398201,45729.44,122046,332045.3,473642.1,529834.1,88385.66,160735.6,143603,183622,98171.55,155558.5,131837.6,128432.6,154987.7,104128.2,164337.5,101125.5,149883.9,1478631,24920.98,16102.68,119228.5,253786.4,145.9712,1254961,4136938,34512.45,865718.4,662409.3,56939.07,55476.86
Scenario 2,473,2,True Positive News,173,TRADING,151409.6,243835,167747.4,281392.6,695843.6,619154.3,229505.4,492604.7,708408.4,942968.4,460683.3,291065.3,2146161,27765,456213.3,45951.3,340195.6,458769.3,1398590,45731.3,121829.2,332835.3,474449.2,530764.6,88352.53,160951.4,143617.3,183652,98000.28,155377.3,131753.2,128300.5,155496.1,103887.1,164136.6,101329.6,150628.2,1476831,24942.8,16114.37,119483.7,253829.7,146.1408,1255168,4128842,34558.91,865306.9,664243.4,56946.78,55442.48
Scenario 2,474,2,True Positive News,174,TRADING,151459.8,243095.5,167694.8,280811.3,697431.5,619609.8,229378,492060.9,708477.4,942656.8,460222.4,291569.7,2151422,27806.82,455656.1,45945.74,340706.5,458714.7,1398669,45704.46,121657.9,333493.8,475096.2,531684.6,88396.03,161200.8,143652.2,183629.7,97866.58,155537.9,131708.7,128149.4,155691.7,103732.6,164103.4,101499.5,149671,1474124,24988.47,16122.81,119715.3,253819.8,146.4202,1255505,4117971,34632.9,864156.5,665853.2,56946.78,55427.51
Scenario 2,475,2,True Positive News,175,TRADING,151439.2,242443,167464.5,280287.1,699467.8,619954.6,229327.9,491152.4,708721.8,942450.9,459835.4,292084.9,2157110,27870.89,455132.8,45943.22,341650.1,458763,1399103,45721.46,121447.9,334134.3,475384.3,532386.9,88371.14,161348,143618.3,183626.7,97587.48,155403.3,131733.4,127714.9,155922.9,103767.8,164006.2,101675.5,149366.4,1472343,25023.99,16125.85,120032.9,253714.5,146.52,1255640,4107881,34703.71,863879.7,666888.1,56946.78,55396.43
Scenario 2,476,2,True Positive News,176,TRADING,151387.8,241902.5,167336.4,279769,701230.6,620156.9,229395.4,491047,708766,942707.4,459165,292754.4,2162399,27920.2,455010.7,45922.02,342116.2,458640.4,1399319,45719.12,121082.9,334918.6,476002.9,532984.9,88294.8,161532.3,143535.5,183649.3,97316.39,155635.5,131639,127565.9,156152.6,103550.7,163996.6,101826.4,149002,1469391,25054.22,16148.6,120213.5,253647,146.7096,1255549,4100103,34727.09,862565.1,668498.9,56946.78,55397.32
Scenario 2,477,2,True Positive News,177,TRADING,151403,241506.9,167405.8,279416.5,703169,620959.9,229437.6,490528,708508.2,943230.6,458478.2,293413.2,2165657,28000.33,454147.6,45933.24,342792.4,458495.3,1399619,45706.63,120819.2,335473.7,476709.7,533599.8,88424.69,161810.9,143539.8,183649.1,97070.19,155699.6,131628.5,127420.2,156541.2,103423.7,163926.8,101954,148820.6,1468498,25079.16,16155.24,120408.2,253639.1,146.9291,1255696,4091601,34753.42,861573.4,669688.3,56940.14,55402.73
Scenario 2,478,2,True Positive News,178,TRADING,151366.6,241099.6,167506.8,279094.2,704998.5,620850.1,229546.4,490111.4,708207.3,942843.6,457996.8,293505.5,2170663,28056.73,453707.5,45933.65,343397.6,458509.1,1400020,45697.06,120637.7,336225.1,476709.7,534614.9,88410.86,162135.3,143497,183628.8,96875.67,155482.9,131563,127286.9,156599.3,103414,163796.9,102113.9,148510.8,1466134,25105.2,16173.89,120629.3,253548.4,147.1486,1255755,4086337,34779.1,860330.2,671383.9,56828.54,55408.3
Scenario 2,479,2,True Positive News,179,TRADING,151289.6,240734.2,167358.8,278501.5,707045.7,621012.3,229524.5,489440.4,708335.8,942991.1,457570.1,294228.9,2175277,28131.35,453336.2,45944.51,343518.5,458468.5,1399767,45690.84,120437.2,336987.3,476709.7,535439.9,88530.09,162440.2,143547.3,183690.7,96722.25,155601.7,131574.6,127056.1,156785.4,103184.7,163831.8,102325.8,148263.4,1465227,25148.67,16174.99,120861.8,253496.7,147.2384,1255946,4076367,34833.81,859224,673067.4,56728.21,55344.96
Scenario 2,480,2,True Positive News,180,TRADING,151285.7,240136.8,167342.9,278133.3,709304.1,621119.9,229547.3,488537.5,708378,942867.2,456516.2,294631.4,2180018,28182.36,452703.9,45928.32,343976.8,458381.9,1400004,45674.87,120224,337661.5,476709.7,536045.2,88596.35,163115.9,143508.1,183803.3,96526.66,155504.5,131553.8,126755.3,157138.9,102976.8,163832.6,102461.2,148087.9,1462969,25173.78,16190.32,121123.1,253415.7,147.438,1256128,4070744,34859.77,858535.1,674319.9,56636.67,55328.63
Scenario 2,481,2,True Positive News,181,TRADING,151257.4,239724.2,167367.2,277758.8,711241.7,621176.7,229532.2,488927.3,708418.3,942988.8,455767.9,295123.4,2184257,28236.8,451996.5,45928.96,344475.5,458243,1400087,45693.7,120086,338481.7,476709.7,536597.2,88663.57,162305.6,143515.1,183763.8,96391.61,155435.5,131509.6,126535.6,157412.3,102726.8,163787.9,102633.1,147864.6,1460860,25193.15,16209.86,121339.6,253373.9,147.6076,1256296,4064685,34904.27,857262.6,675677.7,56519.83,55315.48
Scenario 2,482,2,True Positive News,182,TRADING,151270.9,239519.8,167328.7,277239.3,713368,621014.1,229582,488257.9,708373.9,943438.4,455134,295225.2,2189048,28329.29,452023.5,45920.12,345414.2,458192.3,1400454,45684.19,119865.2,339261.8,476709.7,537205.5,88725.84,162078.8,143512.9,183799.6,96139.48,155473.6,131494.5,126330.2,157580.3,102453.4,163610.7,102840,147529.2,1458456,25237.28,16221.41,121668.2,253312.6,147.7373,1256260,4056822,34927.76,856150.8,676735.8,56439.42,55298.57
Scenario 2,483,2,True Positive News,183,TRADING,151236.7,239046.6,167237.1,276866.5,715178.2,620900.2,229603.9,487570,708338.1,943159.6,454385,295753.4,2193382,28379.77,451954.5,45917.64,346010.4,458063.5,1400169,45721.43,119732.3,339816,476709.7,537866.1,88913.47,161778.1,143531.1,183840,95927.63,155354.1,131498.7,126118.7,157806.8,102324.7,163452.7,103006,147262.8,1457411,25274.23,16226.58,121844.7,253310.3,147.8571,1256139,4045314,34971.26,854713.9,678303.5,56320.53,55306.43
Scenario 2,484,2,True Positive News,184,TRADING,151197.1,238591.6,166960.8,276103.6,717443,621397.9,229598.2,487310.9,708315.2,943675.2,453423.5,295704.2,2195293,28450.38,451293.3,45908.79,346705.5,458006.8,1400605,45734.09,119410.5,340450.6,476709.7,538424.4,89042.79,161614.4,143525.1,183772.8,95730.28,155277.7,131412,125954.2,158087.3,102188.4,163285.8,103181.1,147007.7,1454441,25295.9,16249.57,122080.9,253340.4,148.0866,1255698,4039067,34993.37,853637.5,680002.6,56228.4,55295.11
Scenario 2,485,2,True Positive News,185,TRADING,151210,238274.3,166828.2,275418.7,719365,621834,229567.6,487112.2,708037.6,943762.1,452659.3,296067.4,2200327,28517.68,450565.8,45901.92,347092.7,457864.4,1400616,45744.35,119130.9,341079.7,476175.2,538740,89159.73,161243.6,143588.3,183733.5,95537.04,155150.4,131363.3,125717.3,158531.4,101958.5,163154.8,103329.6,146586.5,1451037,25311.84,16261.67,122329.6,253458,148.0766,1255798,4028790,35053.44,852931.4,680870.4,56116.69,55294.5
Scenario 2,486,2,True Positive News,186,TRADING,151174.6,237468.8,166657,274729.1,721442.6,622604.2,229619.2,486864.8,707962.9,943720.8,452387.5,296472.5,2207074,28566.83,450240,45906.29,347453.8,457787.6,1400183,45730.03,118896.6,341797.8,475672.2,538968.7,89202.51,161043.8,143590.6,183747.8,95304.05,155199.8,131361.1,125665.4,158766.9,101876.4,162972.2,103481.7,146380.2,1448753,25345.55,16278.23,122441.7,253455.5,148.2662,1256285,4016572,35110.77,852166.4,682522.8,56016.53,55286.99
Scenario 2,487,2,True Positive News,187,TRADING,151173,237274.3,166433.6,274055.3,723213.5,622364.8,229561.4,486544.1,708137.4,943621.9,451597.6,296796,2211963,28613.92,449552.2,45914.08,348107.7,457708.6,1400074,45716.82,118534.4,342313.5,474834.2,539774.5,89304.56,160773.6,143586,183710.6,95136.85,155331,131367.6,125476.5,158824.6,101656.7,162761.8,103655.9,145859.1,1447569,25381.74,16302.34,122662.5,253598.1,148.7451,1256633,4010127,35147.33,851413.1,684111.8,55905.05,55284.33
Scenario 2,488,2,True Positive News,188,TRADING,151168.9,237114.4,166318.7,273789.4,724606.8,622820.7,229554.1,485919.5,708377.2,943472.2,451065.8,297581.1,2216149,28683.76,449680.7,45921.67,348413.6,457559.1,1400116,45735.34,118227.9,343016.7,474000.6,540288.4,89340.77,160659.1,143634.7,183665.2,94989.71,155418.7,131357.8,125229.1,158995.9,101537.6,162730.4,103792.2,145615.8,1446722,25426.37,16302.53,122833.3,253719.5,148.8349,1257011,3999979,35173.12,849932.2,685876.9,55809.84,55266.59
Scenario 2,489,2,True Positive News,189,TRADING,151187.3,236966.8,166146.4,273092.7,726656.2,622225.6,229526.8,486079.9,708227.4,943352.6,450364.8,297929.7,2221133,28757.5,449216,45905.48,349117.3,457471.2,1400772,45722.95,117992.6,343747,473173.9,540815.8,89480.43,160181.3,143608.4,183582.5,94771.47,155377.2,131358.8,125024.5,159362.5,101294.1,162636.2,103954.1,145298.7,1446289,25470.09,16308.22,123107.6,253639.4,148.9147,1257383,3990034,35204.85,848938.1,687804.7,55718.38,55278.09
Scenario 2,490,2,True Positive News,190,TRADING,151155.2,236518.4,166071.6,272510.9,729203.1,622314.4,229524.6,485190.3,708412.3,942936.3,449611.6,298385.3,2225842,28852.23,448738.3,45905.28,349403,457503.1,1400889,45696.08,117740,344681.7,472417.3,541245.8,89526.98,159802,143603.4,183482.7,94620.19,155277.1,131441,124862,159475.3,101155.9,162587.9,104100,144951.9,1445273,25503.87,16322.13,123463.2,253709.9,148.9746,1257287,3982383,35273.54,848238.5,689281.5,55608.14,55232.3
Scenario 2,491,2,True Positive News,191,TRADING,151162,236473.1,166069,271928.5,731316.8,623035.4,229547,484386.7,708500.7,943425.6,448817.8,298950.7,2230771,28923.5,448362.7,45890.92,350319.9,457393.9,1400235,45672.53,117466.2,345393.6,471400.6,541816.4,89573.42,159445.7,143657,183501.2,94393.57,155349.1,131441.9,124641.7,159635.7,100953.5,162564.2,104250.1,144691,1440551,25516.06,16319.99,123750.5,253776.9,149.1442,1258012,3976086,35320.57,847373.6,690806.8,55516.04,55216.89
Scenario 2,492,2,True Positive News,192,TRADING,151204.6,236240.8,166112.4,271457.6,733561.2,623637.6,229597.6,483615.9,708293.1,943367.4,448418.6,299350.9,2236222,28982.77,448177,45878.82,350745.5,457310.8,1399441,45646.1,117193.6,346040,470499.7,542345.8,89652.58,159172,143708.5,183527.4,94098.31,155424.5,131391.8,124444.5,159846.4,100808.1,162646,104409.4,144292.5,1438446,25535.86,16325.37,123902.8,253706.6,149.3538,1258273,3970302,35347.85,846579.2,692138.3,55397.94,55186.64
Scenario 2,493,2,True Positive News,193,TRADING,151202.5,236141.4,165919.2,271044.8,735909.2,624201.7,229500.3,482898.3,708084.2,942922,447674.3,299688.6,2240960,29028,447824.4,45878.88,351007.4,457229.3,1399506,45650.41,116919.2,346672.4,469624.2,542892.6,89742.66,158806.1,143800.7,183508.9,93931.14,155605.5,131405.1,124287.7,160130.3,100610.3,162720.8,104574.6,143904.5,1436487,25572.57,16325.65,124192.2,253682.5,149.6432,1258465,3962264,35405.43,846040.7,693603.5,55302.35,55180.77
Scenario 2,494,2,True Positive News,194,TRADING,151188.1,235896.6,165659.7,270459,737731.5,624016.4,229538.7,482388.4,708454.7,943160.8,446604.5,300257.9,2244991,29123.98,447758,45903.21,351499.9,457217.2,1399876,45672.4,116479.3,347321.7,469193.6,543007.2,89804.4,158644.6,143814.7,183586.8,93620.74,155685.8,131386.7,124142.6,160375.3,100456.8,162785.3,104780.2,143651.8,1434113,25603.45,16341.27,124362.7,253815.1,149.8327,1258586,3955078,35457.39,845447.2,695163.2,55199.51,55200.03
Scenario 2,495,2,True Positive News,195,TRADING,151213.7,235322.6,165626.6,269477,738833.1,624479.7,229522,481312.8,708792.8,943549.8,446015.2,300620.1,2250250,29178.32,447409.7,45904.77,351783.1,457183.5,1400057,45668.79,116270.6,348115.2,468634.9,543492.2,89876.59,158430.8,143805.9,183646,93365.77,155622.4,131397.4,123956.6,160724.1,100497.3,162621.1,104979.5,143371.6,1432087,25635.42,16340.82,124489.5,253875.4,150.1121,1258924,3943236,35502.52,844735,696265.1,55102.57,55203.86
Scenario 2,496,2,True Positive News,196,TRADING,151234.2,235054,165609.3,269050.5,740648.6,625041.4,229540.8,480255.9,708652.3,943479.8,445244,301438.7,2254288,29250.55,447090.9,45903.64,352214.4,457235.7,1400384,45640.49,116045.4,348723.3,467914.3,544295.4,89793.27,158212.4,143862.5,183640,93155.16,155639,131428.8,123688.5,161090.6,100328.6,162672.6,105153.8,143203.7,1430318,25662.35,16369.69,124779.7,253848,150.2518,1259174,3933745,35522.69,844210.7,697214.9,55021.41,55207.91
Scenario 2,497,2,True Positive News,197,TRADING,151206.9,234495.8,165508.8,268850.6,743211.5,624852.4,229425.2,479862.1,708636.7,943444.5,444427.3,301661.8,2258688,29332.26,446111.5,45910.19,352779.9,457181.7,1400199,45606.92,115882.8,349351.5,467440.6,544659.5,89871.28,157960.3,143897.6,183761.4,92985.32,155433.8,131431.1,123465,161282.3,100198.3,162613.3,105327.7,142881.8,1428242,25662.35,16389.01,124907.6,253786.7,150.3616,1259179,3928352,35595.11,843622.3,698339.4,54947.29,55166.8
Scenario 2,498,2,True Positive News,198,TRADING,151127.2,234003.8,165255.1,268538.8,745113.4,625237.3,229400.9,479247,708675.1,943500.4,443373.4,301909.3,2265352,29376.37,445641.9,45902.67,353443.3,457114.3,1400907,45594.45,115745.2,350045.8,466766,545058.1,90071.87,157644.1,143900.7,183735.8,92822.82,155170.1,131430.2,123172.7,161628.6,99960.25,162669.7,105506,142626,1425722,25662.35,16403.82,125109.7,253827.5,150.4913,1259152,3926530,35621.09,842683.1,699832,54842.4,55173.39
Scenario 2,499,2,True Positive News,199,TRADING,151142.9,233686.1,165121.3,267815,746583.3,625825.5,229391,478224.5,708548.3,943561.5,442845.8,301912.8,2269092,29422.76,445746.4,45901.76,353668.8,457057.3,1400875,45569.87,115639.2,350821.1,465998.3,545905.1,90132.2,157283.7,143930.1,183716.9,92602.23,155014.1,131435.5,123041.5,161785.4,99735.61,162408.7,105628.4,142370.8,1423288,25662.35,16402.54,125394.5,253968.3,150.7906,1259323,3922985,35661.41,841461.7,701412.5,54753.73,55193.68
Scenario 2,500,2,True Positive News,200,TRADING,151127,233682.1,164891.7,267493.6,748518,626096.3,229362.9,477321.5,708778.4,943407.6,441888.9,302332.1,2274343,29498.88,445696.4,45900.75,354075.4,456793.4,1400356,45574.18,115361.1,351683.8,465551.5,546611,90047.9,157090.1,143934.1,183676.3,92347.8,155012.1,131463.4,122877.5,162089.7,99615.13,162384.2,105778.7,142272.2,1420281,25662.35,16410.22,125596.3,254016.6,151.1199,1259353,3918856,35704.69,840488.5,702989.9,54636.48,55167.61
Scenario 2,501,2,True Positive News,201,TRADING,151118.4,233228.9,164663.4,266801.1,750357.4,626053.9,229373.2,476005.6,708714.7,943324.3,441363.2,302563.3,2279531,29563.36,445566.3,45889.11,354884.9,456663.5,1400262,45576.44,115240.3,352529.3,464453.5,547355.1,90155.24,156757.9,143935.9,183663.7,92159.58,155070.7,131450.6,122678.5,162393.5,99416.19,162096.4,105913.3,142065,1416432,25640.08,16413.93,125708.7,253972.3,151.3794,1259617,3911097,35765.06,839740.6,704365.5,54516.2,55176.15
Scenario 2,502,2,True Positive News,202,TRADING,151073.6,232891.1,164363.4,266402,752254.5,626037.7,229248.9,474843.6,708730.4,943574.5,440369.6,303292.6,2285039,29603.67,445358.4,45891.26,355789.5,456647.4,1399638,45576.17,115067.9,353279.5,463748,547484.2,90356.14,156542.9,143988.9,183664.7,91894.33,154967.6,131427,122496.8,162694.7,99200.6,162002.3,106141.1,141937.2,1413861,25594.21,16446.92,125978.5,253978.4,151.4592,1259815,3909732,35819.27,838985.3,705979.3,54394.77,55146.22
Scenario 2,503,2,True Positive News,203,TRADING,150999.4,232540.3,164328.3,265801.6,754459.2,626503.3,229266.2,474638.8,708494.2,943231,439885.4,303901.6,2289184,29656.46,445064,45901.77,356633.1,456627.9,1399724,45574.52,114806.4,354070.6,462667.2,548481.2,90342.55,156298.2,143979.6,183669.5,91687.69,154925.2,131444.4,122225.1,162932.5,98945.76,161999,106247.3,141528.1,1411360,25533.78,16473.88,126073.9,253984.6,151.7486,1260089,3901983,35851.59,837885.3,707347.7,54281.6,55152.78
Scenario 2,504,2,True Positive News,204,TRADING,151027.6,232215.1,164178.3,265251,756808.6,626660.8,229255.8,474724.7,709085.5,943302.3,439494.9,304428.6,2292968,29699.94,444782.8,45906.98,357540.7,456470.3,1399774,45567.12,114546.8,354837.1,461892.9,549447.5,90323.58,155967,144029.8,183644.3,91438.88,154997.9,131428.8,122032.1,163162.6,98830.71,161750,106380.1,141317,1410046,25476.35,16500.74,126432.7,254059.6,151.9381,1260328,3899845,35894.91,837027.1,708846.4,54198.16,55141.49
Scenario 2,505,2,True Positive News,205,TRADING,151051.3,232033.7,164139.2,264532.1,758450,626343.8,229329.5,474058.4,708667.4,942800.9,438695.1,305225.9,2298322,29769.57,444091.1,45912.3,358174.1,456350.9,1400015,45542.71,114285.1,355485.9,461323.2,550162.1,90436.02,155750.2,144094.9,183657,91162.77,154922.5,131422.3,121870.3,163350.9,98728.89,161974.1,106544.8,140981.4,1409445,25409.62,16502.68,126643.2,253965.1,152.0579,1260219,3893232,35953.45,836390,708355.8,54139.44,55138.91
Scenario 2,506,2,True Positive News,206,TRADING,151065.9,231583.8,164008.2,263793.5,760740.4,626568.9,229297.3,473519,708539.6,943150.4,437825.1,305873.8,2302344,29832.39,443487.5,45922.47,358655.8,456306.4,1399896,45509.68,114041.8,356343.1,460529.3,550724.3,90504.88,155341.5,144094.5,183709.7,90970.42,154974.9,131415,121745.8,163602.9,98506.41,161916.3,106685.2,140930.4,1406669,25350.2,16506.35,126828.5,253960.5,152.3073,1260353,3887953,36012.66,835472.6,707789.9,54032.87,55096.57
Scenario 2,507,2,True Positive News,207,TRADING,151049.7,231641.9,163777.3,262992.7,762787.9,626734.3,229299.3,473518.4,708815.2,943194.4,437839.1,306985.7,2307930,29913.79,443205.3,45925.69,358719.9,456180.5,1399840,45488.08,114179.9,357080.6,459927.2,551441.7,90699.14,154986.5,144158.5,183689.6,91101.31,155080.4,131437.9,121810.8,163256.1,98624.82,161824.1,106883.1,140731.6,1405348,25289.98,16521.24,126920.3,253858.1,152.4969,1260264,3892346,35972.13,835192.4,707415.3,53931.99,55091.85
Scenario 2,508,2,True Positive News,208,TRADING,151016.4,231856.4,163663.6,262646.7,765386.9,626742.2,229259.2,473662.8,708862.4,943221.4,437927.5,307195.6,2311614,29960.75,442108.5,45927.33,358364.8,456233.9,1400831,45474.46,114276.6,357923.7,459302.6,552163.4,90724.6,154599.4,144227.3,183624.1,91237.91,155044.6,131357,121813.2,162950.2,98637.04,161606.4,107040.5,140425.2,1401913,25259.72,16519.31,127121.8,253787.5,152.6665,1260126,3898582,35947.09,833894.6,707202.9,53841.79,55095.11
Scenario 2,509,2,True Positive News,209,TRADING,151002.8,232236.5,163592.8,262176.8,767517.6,626512.3,229274.7,474098.6,708912.1,943011.3,438375.2,308048,2316246,30028.34,441615.8,45943.57,357929.6,456243.4,1401097,45464.7,114502.2,358702.2,458442.4,552657.9,90739.71,154284.2,144281,183562.9,91322.47,155001.2,131397.1,121933,162677.8,98522.23,161462.6,107179,140194.6,1398883,25188.75,16536.16,127378.1,253766.4,152.8262,1260263,3904388,35926.86,832606.8,706661.3,53757.5,55084.92
Scenario 2,510,2,True Positive News,210,TRADING,150977.1,232765.3,163723,261722.4,769236.3,627162,229202.8,474861.1,709239.1,942532.8,438332,308467.1,2322800,30098.55,441012.4,45939.37,357413.8,456075.7,1400738,45464.85,114667.8,359448.9,457551.5,552889.1,90806.49,154019.6,144307.4,183587,91430.24,154959.4,131389.3,121892,162446.4,98494.95,161463.7,107333.4,139992.1,1395390,25125.81,16535.27,127604.2,253794.9,152.936,1260301,3909700,35944.33,831614,706183.4,53677.78,55075.48
Scenario 2,511,2,True Positive News,211,TRADING,151004.5,233358.7,163751.7,261290.6,770579.5,627325.2,229142.5,475702.8,709427.2,942603.6,438563.1,308868.3,2329999,30141.2,441152.9,45952.96,357301.9,456054.2,1400917,45455.51,114787.7,360284,456687.5,553417.9,90873.01,153830.6,144317.6,183614.5,91555.21,154775,131349.7,121917.6,162307.4,98475.42,161281.6,107515.5,139693.5,1393749,25073.63,16541.75,127817.4,253801.1,153.0357,1260393,3912930,35901.53,830466,705874.3,53576.01,55058.07
Scenario 2,512,2,True Positive News,212,TRADING,151041.4,233861.5,163538.6,260419.3,770030.6,627586.4,229156.8,476014.5,709289.9,942510.5,438699.7,309635,2336100,30224.68,440382.9,45959.09,356660,455992,1400640,45457.64,114909,360978.7,456009.5,554289.3,90997.09,153522.2,144289.1,183487.7,91747.28,154696.9,131355.7,121894,162151.2,98405.24,161124.3,107671.9,139500.2,1389577,25029.93,16575.9,127987.9,253758.6,153.1555,1260408,3918506,35872.19,829371.9,705132.8,53461.04,55035.41
Scenario 2,513,2,True Positive News,213,TRADING,151050.1,234114.7,163519.8,259603.7,769523.8,627473.8,229193.1,476007,709264.5,942145,439223.2,310218.3,2341027,30290.55,439984.9,45951.11,356385.9,455965.4,1400989,45427.13,115062.9,361551.5,455388.4,554330.2,91148.4,153076.6,144371.7,183465.7,91893.59,154865.3,131341.1,122029.4,162068.9,98449.79,161299.7,107846.7,139205.4,1387383,24971.74,16583.23,128165.9,253754.2,153.2353,1259994,3927147,35907.58,828795.1,704730.1,53381.05,55000.21
Scenario 2,514,2,True Positive News,214,TRADING,150988.8,234349.6,163352.6,259269,767763.4,628030.3,229176.7,476486.6,709527.8,942196.7,439493.7,310518.4,2344143,30345.54,439593.9,45947.81,356410.3,456036.8,1400868,45408.86,115175.3,362350,454753.5,554330.2,91159.69,152893.1,144357,183474.6,92054.65,154880,131207.9,121962.8,161782.5,98495.55,161235.1,107964.5,138945.6,1385353,24917.28,16596.1,128403.6,253829.7,153.395,1259743,3933081,35844.39,828796.1,704318,53293.26,54984.38
Scenario 2,515,2,True Positive News,215,TRADING,150965.8,234436.1,163377.4,258725.8,767071.3,627917.6,229123.3,477042.6,709622,942244.5,439609.8,311387.7,2349575,30412.67,439199.3,45952.71,356165.4,455870.9,1400645,45408.2,115200.8,362950.8,453792.8,554330.2,91283.75,152632.8,144354.8,183458,92225.55,154692.5,131229.6,121971.5,161620.2,98332.07,161180.9,108139.8,138773.4,1384048,24870,16619.89,128725.8,253815.7,153.4648,1259971,3939357,35774.41,828421.3,703613.8,53186.76,54963.83
Scenario 2,516,2,True Positive News,216,TRADING,150925.4,234436.5,163289.3,257924.6,765601.4,628241.7,229080.1,477389,709359.8,942444.8,439681.8,312283,2352952,30464.96,439115.1,45948.16,356127.3,455872.9,1400602,45413.41,115337.4,363547.5,453091.6,554330.2,91481.69,152406.1,144410.8,183499.2,92268.7,154677.5,131225.6,122063.9,161337.7,98367.54,161084.3,108349,138488.8,1382258,24811.63,16622.17,129096.9,253803.7,153.7741,1259951,3944190,35752.25,827466.6,703406.3,53105.16,54928.75
Scenario 2,517,2,True Positive News,217,TRADING,150886.8,234401.6,163122.6,257283,764690.9,628844.3,229054.6,478208,709073.6,942461.6,439863,312829.3,2359233,30512.74,439020.8,45941.7,355836.8,455790,1401251,45410.05,115440.6,364271.4,452581.2,552789.4,91474.91,152179,144390.3,183492.9,92372.78,154653.3,131208.6,122015.9,161188.5,98456.39,160943.9,108504.9,138243.4,1381005,24767.69,16634.7,129332,253763.2,154.0336,1259851,3948866,35728.48,826428.8,702708.2,52991.76,54923.39
Scenario 2,518,2,True Positive News,218,TRADING,150861.8,234616.9,163020.6,256354,763821,629243.7,229043.2,477906.3,709265.8,942687.3,439960.8,313160.4,2365301,30575.25,438448.6,45948.11,355833.6,455659.1,1402051,45377.01,115659.8,364972.3,451702.9,551133.3,91542.71,151691.7,144372.5,183471.2,92451.33,154630,131199.5,122098.2,160989.9,98490.25,160805.3,108616.3,137967.1,1379830,24706.35,16634.58,129527.1,253736.3,154.1333,1259606,3955521,35667.49,825185,702339.8,52911.15,54920.86
Scenario 2,519,2,True Positive News,219,TRADING,150870.5,235177.3,162905.1,256028.7,763003.3,628939.5,229028.1,478619.6,709228.6,942404.3,440223.6,313604.5,2369837,30652.92,438213.2,45958.06,355388.2,455453.9,1402517,45361.47,115735.1,365719.1,450741.6,549346,91535.13,151435.8,144380.8,183425,92598.09,154667.2,131188.4,122220.2,160902.9,98538.3,160550.4,108753.8,137746.8,1377759,24640.09,16626.78,129789.5,253764,154.1733,1260133,3960833,35651.99,823760.1,701836.2,52805.78,54921.59
Scenario 2,520,2,True Positive News,220,TRADING,150924.1,235600.4,162699.8,255075.5,762225.6,628477,228941.9,479062.9,709277.9,942316.1,440443.2,314022.6,2375942,30707.79,437880.2,45966.95,355348.5,455295,1402094,45366.25,115914.8,366323.9,450339.4,547842.7,91554.56,151083.9,144375.2,183309,92813.34,154727.2,131167.7,122193.8,160621.7,98574.11,160633.3,108923,137540,1377037,24582.46,16637.63,129944.3,253679.1,154.3828,1260415,3967332,35628.56,822787.9,701476.2,52723.31,54920.67
Scenario 2,521,2,True Positive News,221,TRADING,150891.6,235866.5,162598.1,254401,761469.4,628903.4,228891.2,479694.8,709642.2,941839.8,440673.5,314692.7,2382702,30777.72,437634.2,45961,355096.2,455287.1,1401976,45374.76,116018.4,367210.3,449565.8,546330.6,91713.63,150701.3,144372.9,183370.6,92937.26,154619.9,131107,122225.6,160532.2,98506.17,160492.1,109090.7,137259.2,1374728,24527.92,16650.74,130138,253693.3,154.6622,1260372,3973857,35610.13,821781.4,700871.3,52640.59,54913.1
Scenario 2,522,2,True Positive News,222,TRADING,150903,236214.7,162373.4,253948.3,759899.8,629048.2,228970.4,480069.2,709603.1,941843.8,441232.9,315355.7,2386741,30836.85,437415.7,45958.12,354448.9,455275.8,1401978,45357.04,116237.8,367920.3,448852,545032.8,91762.88,150402.4,144449.7,183364.4,93009.88,154825.7,131131.3,122279,160358.1,98478.53,160451.4,109191,136988.8,1373599,24484.62,16652.92,130432,253793.8,154.8019,1260721,3977626,35560.64,820953,700686.6,52535.88,54893.43
Scenario 2,523,2,True Positive News,223,TRADING,150903.7,236465.2,162161.1,253493.9,758922.6,629628.6,228926.3,480761.9,709857.2,941667.8,441466.4,315735.4,2393251,30899.14,436869.9,45953.46,354195.4,455188.9,1402408,45333.66,116361.4,368796.8,448270.6,543566,91842.52,150115.4,144530.9,183342.6,93167.09,154724.1,131090.4,122286.5,159958,98594.34,160286,109298.3,136810.4,1370333,24417.28,16676.18,130631.9,253843.1,154.8817,1261005,3983012,35503.83,819670.4,700307.3,52444.93,54882.86
Scenario 2,524,2,True Positive News,224,TRADING,150913.3,236942.7,161973.5,252954.3,757807.1,629547,228965.1,481289,709900,942038.6,441795.6,315897.7,2396576,30932.31,436663.3,45933.87,354081.1,455040,1402705,45339.32,116528.2,369542.6,447486.6,541886,91923.87,149747.3,144527.8,183404.2,93349.2,154784.3,131040.3,122353.6,159583.8,98613.7,160203,109417.8,136484.8,1368883,24359.99,16688.97,130714.3,253877.8,155.1811,1261066,3989752,35458.39,818868,699715.7,52334.5,54853.23
Scenario 2,525,2,True Positive News,225,TRADING,150856.8,237579.2,161906.7,252420.2,756467.1,630020,228986.2,481326.4,709563,941754.9,442360.9,316681.2,2401145,30976.73,436474.3,45940.2,353951.6,454938.1,1402326,45354.28,116608.6,370099.4,446818.7,540276.7,91979.46,149293.1,144564.1,183409.4,93481.97,154794.4,131044.4,122365.8,159461,98579.61,159967.5,109543.5,136206.6,1366241,24306.54,16690.73,130933.6,253871.4,155.2609,1260777,3997826,35433.68,818007.8,699373.7,52225.68,54825.07
Scenario 2,526,2,True Positive News,226,TRADING,150851.2,237917.7,161679.9,251921.3,756708,629862.2,228957.3,480939.3,709020.9,941407.7,442616.8,316954.2,2406320,31019.42,436511.6,45920.47,353751.7,455014.6,1402646,45299.65,116768.6,370849.6,445980.4,538281.7,92007.19,149031.5,144647.4,183357.2,93597.75,154955.2,130960.6,122530.6,159309.3,98673.72,159925.3,109756.4,135873.7,1364903,24256.8,16688.23,131061.7,253727.2,155.5303,1260840,4008393,35466.29,817201,698683.8,52114.05,54832.45
Scenario 2,527,2,True Positive News,227,TRADING,150816.6,238310.6,161555.6,252067.8,755293.3,629446.2,228938.1,481207.3,708807.2,941834.3,443162,316500.3,2411056,31105.73,436115.9,45908.1,353012,454948.9,1403131,45292.55,116991.1,371442.4,445481,536614.7,92036.67,148589.8,144683.1,183354.3,93749.96,154759.4,130921.4,122604,158848.8,98651.28,159712.2,109913.2,135564.4,1366320,24196.59,16705.63,130956.4,253623,155.3607,1261360,4013123,35428.09,815888.8,697831.5,51986.48,54828.65
Scenario 2,528,2,True Positive News,228,TRADING,150813.2,238577.4,161481.5,252186.5,754941.7,628721.3,228968.2,481261.4,708906,941451.4,443435.9,316313.4,2413585,31182.37,435965.2,45908.76,353185.4,454819.4,1402913,45268.88,117156.2,372251.6,444668.8,535049.5,92089.5,148340.3,144576.3,183296.8,93983.83,154682.6,130845.8,122635.9,158641.6,98733.37,159539.7,110023.4,135290.3,1366902,24135.57,16728.8,130964.5,253695,155.2409,1261459,4020947,35419.13,814945.9,697327.4,51877.93,54854.42
Scenario 2,529,2,True Positive News,229,TRADING,150806.1,239184.5,161394.6,252485.2,754470.6,627695,228921,481763.8,708894.2,941536.7,443607.7,315911.3,2418908,31242.72,436118.4,45886.67,352486.5,454627.5,1403232,45258.38,117268.2,372852.1,443647.9,533339.6,92136.22,148013.2,144605.1,183232.2,94203.41,154927.8,130823.4,122667.1,158459.9,98650.83,159462.4,110177.8,134988.5,1368085,24063.08,16750.96,130886.1,253697.5,155.1112,1261783,4030814,35427.89,813545.5,696744.8,51791.81,54836.09
Scenario 2,530,2,True Positive News,230,TRADING,150732.6,239503.3,161333.5,252595.7,753830.7,627422.9,228937.9,481319.6,708899.9,941847.1,443971,315714.6,2417714,31298.24,435772.6,45890.76,352418.1,454563,1403508,45240.03,117457.4,373555,442837.1,531739.8,92304.42,147724.6,144590.4,183142.7,94338.54,154999.4,130756.3,122564.7,158300.3,98739.01,159329.9,110324.3,134781.1,1367946,24001.13,16765.88,130867.2,253642.8,155.1112,1261826,4042362,35395.22,812084.1,696218.7,51685.72,54847.37
Scenario 2,531,2,True Positive News,231,TRADING,150710.6,239914.6,161516.1,253055.4,752773.5,626464.8,228957.2,482386.7,708765.5,941739,443855.8,315308.1,2417476,31266.91,435561.8,45877.15,352289.1,454550,1403479,45234.52,117597.2,374200.1,442015.5,529912.4,92458.7,147318.1,144609.7,183177.6,94461.45,154966.3,130699.9,122678.8,157937.6,98864.43,159246.6,110483.3,134531,1370945,23954.49,16789.79,130913.1,253638.1,155.0813,1261955,4045484,35366.14,810795.2,695513.2,51576.4,54839.59
Scenario 2,532,2,True Positive News,232,TRADING,150698.2,240151.8,161460.5,253426.8,752218.6,626035.5,228832.3,483311.9,708634.5,941600,444228.4,315058.1,2417621,31232.94,435214.8,45881.39,351391.7,454426,1403814,45196.8,117766.8,374862.6,441407.3,528456.4,92530.03,147052,144668.3,183103.8,94586.8,155033.3,130739.5,122788.8,157595,98779.48,159313.3,110678.4,134337.8,1371792,23892.5,16828.98,130710.8,253515.3,154.8518,1262285,4049388,35356.22,809983.5,695087.5,51492.13,54860.6
Scenario 2,533,2,True Positive News,233,TRADING,150738.1,240627.4,161296.7,253738.4,750727.3,625646.3,228849.2,484090,708537.4,941249.6,444268.6,315182.7,2415167,31200.55,434962.7,45885.44,351325.9,454359.4,1403910,45154.88,118002.2,375665.3,440718.2,526835.8,92684.14,146745.1,144672.4,183072.3,94634.92,155104.7,130730.5,122813.9,157282.6,98678.02,159235.1,110834.4,134158,1372973,23838.56,16841.58,130662.7,253556.8,154.7919,1262573,4054690,35286.09,808931.6,695081.5,51409.79,54860.22
Scenario 2,534,2,True Positive News,234,TRADING,150693.8,240851.7,161289.9,253669.1,750388.6,624908.3,228759.3,484412.4,708446.1,941056.4,444253.2,314944.1,2411705,31167.42,434972.4,45886.7,350951.8,454419.4,1404461,45151.03,118210.6,376232.3,439977.4,525428.1,92860.16,146486.1,144673.4,183011.1,94783.66,155257.4,130707.5,122916.6,157138.6,98683.22,159091.4,111022.2,133782.6,1375181,23782.88,16850.46,130637.7,253549.5,154.772,1262510,4060395,35222.08,807945,694153.4,51299.89,54832.43
Scenario 2,535,2,True Positive News,235,TRADING,150649.2,241274.9,161186.2,253456.2,750122.9,624809.3,228796.2,484510.1,708653.6,940647.8,444526.4,314784.9,2409122,31120.78,434360,45887.1,350943.5,454291.9,1404421,45141.6,118290.8,376807.5,439002.8,523636.8,92961.72,146167,144746.7,182977.2,94839.78,155177.4,130639.2,122933.6,156851.7,98817.03,158978.7,111169.5,133742.2,1375736,23724.03,16875.7,130683.3,253596.5,154.4427,1261903,4066881,35211.18,807434.3,693673,51217.91,54845.18
Scenario 2,536,2,True Positive News,236,TRADING,150632.4,241460.9,161135.2,253907.3,749556.1,624929,228805.6,484821,708685,940429.5,444449.9,314863.9,2405548,31086.79,434204.5,45883.51,350810.8,454288.9,1404700,45150.55,118386.4,377355.3,438382.8,522131.9,93131.59,145997.3,144748.1,182951.5,94950.92,155260.6,130628.9,123011.4,156669.6,98918.11,158947.6,111300.9,133428.7,1377342,23663.41,16883.5,130580.2,253567.5,154.303,1261959,4072708,35154.95,806575.7,692776.9,51098.71,54857.04
Scenario 2,537,2,True Positive News,237,TRADING,150631.6,241761.3,161072.9,254304.5,749435,624801.6,228694.5,485002.2,708506.1,940558.7,444746.6,314777.2,2404890,31047.72,433856.3,45878.77,350209.2,454272.4,1405075,45128.89,118500.5,377954,437646.5,520912.9,93237.54,145758.7,144823.2,182922.6,95176.62,155118.3,130603.3,123125.6,156415.5,99099.97,158970.2,111457.2,133095.7,1378147,23611.93,16904.85,130583.3,253494.2,154.1832,1262137,4077205,35142.32,805492.6,692422.6,50995.57,54882.99
Scenario 2,538,2,True Positive News,238,TRADING,150570.3,241957.9,161135.5,254550.6,748842.9,624232.9,228682.4,485446.9,708236.9,940777.1,444344.4,314545.8,2403113,31042.98,433619.3,45885.35,349765.3,454212.4,1405084,45137.66,118790.3,378698.6,436786.7,519114.5,93251.14,145627.4,144853.8,182919.7,95290.54,155130.5,130601.4,123212.3,156064.6,99065.22,158953.8,111665,132783.2,1379046,23553.26,16925.46,130524.1,253524.7,154.1932,1262119,4080404,35075.04,804587.9,692385.3,50899.89,54830.23
Scenario 2,539,2,True Positive News,239,TRADING,150538.4,242004.2,161057.5,254914.6,748016.5,623686.9,228603.7,485313.5,708153.9,941000.2,444490.1,314414.2,2399753,30988.98,433483.6,45874.85,349885.9,454170.1,1404813,45127.61,119042.2,379378.5,436088.4,517382.4,93312.96,145431.1,144839.3,182901.5,95423.89,155388,130563,123341.3,155754.5,98976.93,158797,111842,132456.5,1381325,23511.53,16937.39,130368.8,253346.8,154.1234,1262402,4088865,35044.68,803606.1,692069.5,50810.15,54853.74
Scenario 2,540,2,True Positive News,240,TRADING,150520.3,242358.4,161146.7,255257.1,747307.5,623178,228661.3,485932.1,707833.2,940796.2,444403.6,314091.5,2399732,30950.08,433283.2,45869.57,348778,454165.3,1404640,45108.71,119103.8,379868.6,435368.5,515774.5,93315.67,145201.1,144878.7,182965.5,95631.54,155414.1,130517.2,123346,155455.4,98918.57,158730.8,111940.4,132081.7,1382192,23454.92,16959.93,130263.8,253343.1,154.2032,1262014,4090674,34995.08,803214.8,691746.5,50691.97,54844.15
Scenario 2,541,2,True Positive News,241,TRADING,150528.1,242793.4,161047,255332.2,746495.5,622751.1,228650.9,486055.4,707770.7,940897.4,444957.2,313584.7,2401897,30927.27,433056,45865.65,348074.3,453988.1,1404597,45132.52,119366.4,380616.8,434412.4,514240,93463.37,144906.6,144889.1,183019.2,95759.47,155506.2,130489.6,123297.2,155360.5,99067.99,158723.4,112151.4,131783.2,1385013,23397.44,16968.67,130081.3,253260.8,154.1333,1262019,4099202,34985.5,802453,691137.8,50594.44,54851.21
Scenario 2,542,2,True Positive News,242,TRADING,150526,243211.9,160958.6,255469.4,745226.6,621976.2,228713.9,486874.6,707724.6,940744.6,445310,313129.1,2399230,30890.18,432958.9,45874.77,348124.1,454050.5,1404721,45156.6,119485.3,381250.1,433593.1,512699.4,93561.83,144705.1,144939.8,182896.8,95906.85,155545.6,130469.6,123286.3,155220.8,99099.05,158726.7,112268.4,131545.7,1385085,23341.2,16996.24,130072,253196.2,154.1234,1262185,4108471,34951.61,801533,690473,50509.44,54805.63
Scenario 2,543,2,True Positive News,243,TRADING,150511.7,243610.2,160909.9,255466.7,743804.2,621043.3,228708.9,487702.3,707621,941096.3,445869,313154.9,2396973,30872.41,432933.3,45868.61,347785.3,453868,1404784,45149.66,119595.6,381963.2,432791.7,510857.5,93654.52,144516.6,144939.9,182885.9,95944.83,155602.9,130435.9,123401.6,155147.7,99204.72,158712.4,112387,131256.7,1385548,23286.68,17016.04,130218.1,253198.4,154.0236,1261994,4112446,34910,800442.2,690313.9,50392.44,54818.57
Scenario 2,544,2,True Positive News,244,TRADING,150535.3,243761.7,160748.4,255963.7,742908.7,621121.1,228692.9,488298.5,707424.6,941223.9,446208.5,312744.3,2394556,30863.29,432424.7,45847.65,347449.6,453846.3,1404176,45171.81,119784.6,382789.3,432208.2,509042.4,93803.2,144172.9,144926.5,182934,96020.73,155723.4,130400.5,123390,155069.6,99251.88,158739.8,112520.8,131011.1,1386992,23249.93,17035.47,130138,253134.9,154.1433,1262316,4117571,34868.96,799127.3,689776.4,50301.23,54808.62
Scenario 2,545,2,True Positive News,245,TRADING,150499.7,244278.4,160816.2,256162.1,742364.5,620911.1,228619.4,487945.9,707481.6,941022.9,446532.4,312700.4,2390204,30839.36,431933.8,45857.25,347361.9,453762.7,1404687,45166.52,119935.5,383562.5,431459.8,507602.5,93862.99,143920.4,144872,182903.1,96106.95,155797.6,130462,123396.9,154790.1,99335.26,158628.1,112660.8,130741.6,1387875,23195.87,17071.94,130139.8,253176.2,154.1034,1262935,4116953,34830.58,797935.2,689570.7,50193.57,54824.26
Scenario 2,546,2,True Positive News,246,TRADING,150530.4,244071,160760.6,256185.6,741837.1,620018.1,228561.6,488351.8,707306.4,940909.5,446753.9,312818.6,2387705,30804.28,431596.6,45873.85,347020.9,453664.7,1404695,45210.85,120044.2,384253.7,430537.8,506090.5,93971.31,143602.8,144891.9,182943.4,96225.35,155723.7,130476.8,123297.5,154675.2,99420.5,158490,112860.4,130558,1389553,23132.67,17072.13,129953.4,253173.3,154.1134,1263089,4125186,34790.68,797504.3,689421.6,50093.9,54837.97
Scenario 2,547,2,True Positive News,247,TRADING,150513.7,244203,160671.1,256477.7,740802.4,619479.3,228472.2,488331.2,707048,940808.5,446582.1,312437.3,2386466,30800.01,431548.7,45859.18,346823.6,453584.3,1404659,45189.23,120219.7,384903.3,429473.2,504357.9,94116.89,143300.3,144922.8,182889.1,96395.19,155618.7,130460.8,123240.1,154468.7,99530,158328.5,113023.1,130299.9,1390881,23087.91,17101.24,129871.7,253163.9,154.0236,1263547,4122240,34728.25,796878.7,688790.4,49975.76,54851.2
Scenario 2,548,2,True Positive News,248,TRADING,150525.7,244055.9,160529.6,256574.2,739813.1,619093.4,228546.1,488765.7,706880.4,939816,446833.4,312053.9,2383604,30763.87,431092.7,45860.44,346493.3,453361.4,1405103,45171.58,120296,385472.5,428649.1,502619.6,94181.55,142873.6,144934.6,182934.8,96600.93,155550.5,130362.9,123299,154173.8,99594.44,158176.2,113111.3,130013.6,1392487,23034.8,17114.59,129737.2,253189.5,154.1633,1264105,4128192,34712.6,796620.5,688409.2,49902.75,54864.74
Scenario 2,549,2,True Positive News,249,TRADING,150548.3,244402.3,160486.8,256745.7,738766.1,618798.9,228612,489049.6,707036.9,939343.2,446588.6,311407.3,2381885,30743.38,431033.6,45861.31,346567.7,453321.1,1405470,45146.18,120416.7,386122.5,427609.4,500791.6,94295.94,142558.2,144942.4,182941.8,96712.93,155499.5,130402.7,123431.6,153995.8,99538.05,158027.7,113264.4,129642.2,1392018,22983.16,17123.47,129522.5,253075.8,154.2032,1264033,4131575,34699.26,795462.5,687810.4,49787.45,54852.89
Scenario 2,550,2,True Positive News,250,TRADING,150521.3,245066.1,160431.8,256865.9,737966.5,618643,228525.1,488678.7,707252.6,939182.2,447289.1,311380,2378594,30700.14,430839.5,45854.68,345863.3,453136.8,1405519,45137.1,120682.9,387001.8,426686.4,499057.3,94420.78,142228.8,144986.9,182898.3,96864.84,155627,130433.6,123476,153546.2,99621.73,158045.6,113464.8,129425,1392882,22945.41,17155.29,129507.5,253085.9,154.0336,1264385,4135840,34709.24,794781.5,687283.3,49715.02,54873.37
Scenario 2,551,2,True Positive News,251,TRADING,150532.8,245402.6,160225.9,256999,736566.3,618549.7,228474.9,489255.2,707377.5,939521,447702.1,311099,2376030,30650.12,430452.7,45851.53,345496.8,453140.4,1404916,45137.45,120891.1,387865.3,425490.1,497272.1,94380.78,142019.6,145053,182806.4,96950.24,155623.3,130423.9,123537.2,153373,99751.31,157977.2,113606.2,129153.7,1394191,22895.93,17174.54,129342.3,253179,153.6843,1264525,4136736,34709.12,794175.1,686588.9,49631.11,54859.22
Scenario 2,552,2,True Positive News,252,TRADING,150495.2,245658,160053.6,257029.3,736233.3,618378.6,228487,490093.4,707549.8,938898.4,448137,310612.2,2373750,30624.83,430314.9,45838.08,345228.2,453161.9,1404916,45149.6,121024.4,388468.9,424763.9,495525.6,94497.35,141803.1,145077.1,182775.9,97100.49,155558.1,130394,123571,153186,99922.63,157917.9,113722.1,128978.4,1395092,22846.39,17184.27,129256,253047.2,153.5446,1264520,4145705,34681.15,793030.5,685807.3,49535.62,54885.91
Scenario 2,553,2,True Positive News,253,TRADING,150503.6,245792.4,159775.3,257254.1,735086.7,618094.8,228461.3,490312.7,707680.9,938135.9,447894.3,310576.6,2370439,30604.08,430279.5,45831.64,344867.5,453112.7,1405261,45149.64,121159.3,389120.1,423794.2,493983.8,94594.46,141759.5,145093.5,182751,97223.33,155456.9,130410.4,123623.9,152780.7,99806.13,157909.4,113899.9,128694.2,1396265,22799.22,17202.39,129224.2,253117.6,153.2952,1264612,4150000,34644.39,792571.5,685250,49439.2,54892.16
Scenario 2,554,2,True Positive News,254,TRADING,150478.8,246090.6,159734.9,257691.5,734374.5,617649.5,228451.8,490007,708036.5,938581.8,447807.8,310306.1,2367152,30558.9,430430.8,45815.99,344760.5,453087.5,1404994,45107.55,121345.4,389758.1,422962.3,492298.7,94607.06,141509.9,145071.2,182814,97406.66,155486,130369.2,123542.8,152594.4,99875.18,157778.9,114101.4,128390.2,1397487,22751.04,17208.44,129303.2,252977.4,153.355,1264827,4151560,34601.58,791618.1,685163.4,49320.52,54901.64
Scenario 2,555,2,True Positive News,255,TRADING,150505.4,246064.6,159561.7,257922.1,733425.7,616924.8,228435.5,490220.1,707987.4,938696,448368.5,310158.5,2365306,30522.74,429974.8,45816.13,344142.2,452996.2,1405307,45082.4,121467.8,390423.9,422224.6,491025.1,94643.1,141280.5,145064.2,182741.7,97477.77,155356.1,130382.1,123606.7,152485.2,99900.58,157782.7,114248.2,127910.5,1397323,22712.53,17243.75,129106.4,252960,153.2652,1265004,4157471,34564.77,790685.1,684937.3,49231,54901.97
Scenario 2,556,2,True Positive News,256,TRADING,150533.5,246517.9,159388.2,257981.7,732298,616672.6,228439.2,490520.5,708025.7,938781.2,448506.2,309997.2,2362658,30515.97,429706.5,45808.89,343507.7,452956.2,1405497,45076.08,121684.4,390962.4,421476.2,489495.5,94892.37,141026.2,145112.7,182792.1,97557.75,155293,130354,123767.7,152297.2,99996.27,157653.3,114353.5,127651.3,1398492,22655.3,17259.94,128923.9,252878.4,153.1355,1265352,4167559,34531.42,789822.1,684402.9,49128.73,54945.67
Scenario 2,557,2,True Positive News,257,TRADING,150559.9,247218.9,159276.7,258100.6,731591.5,615868.4,228359.4,491589.7,707891.3,938285.2,448822.4,309903.4,2359340,30478.58,429766.7,45805.59,343247.8,452877.7,1405728,45066.39,121818.4,391669.6,420673,488241.6,95008.42,140652.5,145097.1,182703.7,97739.52,155314.5,130370.9,123907.9,151890.8,100020.9,157609.2,114491.2,127237.7,1399376,22599.06,17267.34,128722.6,252737.6,153.1056,1265640,4176162,34463.87,788917.8,684169,49019.77,54961
Scenario 2,558,2,True Positive News,258,TRADING,150539.4,247410.1,159157.3,258409,731344.6,615167.6,228346,491909.3,707944.4,938060.2,449269,309766.8,2356630,30444.73,429078.3,45786.64,342677.2,452835.9,1405431,45060.46,121936.6,392236.2,419910.4,486838.2,95071.51,140304.7,145113,182721.3,97908.73,155550.7,130365.1,124070.9,151824.2,100139.9,157496.7,114614.9,126898.7,1400656,22555.48,17291.62,128630.9,252754.4,152.906,1265972,4183685,34420.09,788482,683605.1,48889.05,54989.36
Scenario 2,559,2,True Positive News,259,TRADING,150500,247787,158919.2,258226.9,731121.8,614709.8,228323.2,491802.4,707710.7,938015.3,449469.4,309401.8,2356984,30425.88,429113.2,45796.36,342125.9,452716.4,1405305,45027.93,122110.9,392888.9,419544.1,485361.8,95141.12,139953,145116.2,182687.8,98067.59,155508.8,130418.8,124162.7,151628.6,100281.2,157256.7,114745.6,126699.5,1400823,22501.32,17309.45,128593.4,252644.4,152.7863,1265688,4190243,34365.63,788220.7,683227.7,48770.11,54935.3
Scenario 2,560,2,True Positive News,260,TRADING,150489,247924.6,158999.5,258619.9,730239.4,614446,228281.6,491978.8,707896.4,937916,449662.8,309075.6,2353871,30385.45,428949.9,45792.32,342153.7,452679.7,1405364,45036.67,122299.6,393790.9,418686.1,483848.4,95147.67,139726.5,145160.8,182585.1,98208.02,155469.7,130394.4,124014.8,151702.3,100226.6,157170.4,114899.9,126424.1,1401426,22443.87,17330.74,128643.9,252592.7,152.7065,1265749,4195179,34343.9,787280.3,682824.1,48671.21,54983
Scenario 2,561,2,True Positive News,261,TRADING,150464.3,248417,158941.2,258931.7,729370,614021.9,228328.8,491855.3,708005.9,937757.6,449872.2,308997.5,2352118,30332.91,429291.6,45765.85,342103.4,452655.2,1405723,45017.39,122526.6,394428.1,417838.1,481976.1,95136.02,139442.3,145241,182500.7,98336.39,155543,130397.5,124145.2,151367,100196.7,156971.3,115067.3,126175.2,1402980,22388.52,17348.25,128468.4,252628.3,152.6167,1265454,4201473,34295.29,786221,682256,48579.77,54974.16
Scenario 2,562,2,True Positive News,262,TRADING,150435.6,248642.8,158984.4,259217.9,728869,612701.1,228388.6,491626.6,708264.1,937949.9,450122.3,308944.2,2350266,30284.23,429400.8,45764.43,341846.8,452583.7,1406159,45029.4,122675.4,394986.3,417115.1,480380.2,95088.94,139183.6,145214.2,182422.1,98537.04,155463.7,130342.6,124069,151317.4,100209.9,156965.9,115189,125980.8,1403904,22343.35,17371.24,128291.8,252572.2,152.5967,1265189,4206902,34273.41,785837.2,681712.1,48473.74,55003.8
Scenario 2,563,2,True Positive News,263,TRADING,150435.7,248597,158901.5,259575.8,727985.9,612013.2,228346.7,492397.7,708204.1,938336.1,450518.7,308884.6,2348665,30248.01,429661.2,45749.62,341148.7,452519.3,1406223,45026.04,122862.4,395462.1,416420.2,478627.6,94938.59,138786,145197.9,182451.3,98726.49,155299.1,130378.5,124150.4,151114.1,100198.9,156851.8,115304.1,125618.6,1404883,22301.78,17387.67,128209.5,252527.9,152.6266,1265176,4211602,34224.57,785215.8,680983.1,48403.14,55053.43
Scenario 2,564,2,True Positive News,264,TRADING,150397.8,248475.2,158924.3,259755.1,726834.6,611504.1,228394,492703.4,708318.6,938261,450035.8,308866.4,2346504,30201.03,429002.3,45746.6,340589.2,452296.7,1406417,45028.2,122935.1,396205.9,415630.2,476795.5,95039.1,138442.5,145229.4,182494.8,98816.81,155232.5,130295.7,124224,151033.1,100197.4,156880.6,115454,125311.9,1406773,22259.77,17397.87,128093.1,252437.7,152.5767,1265095,4215519,34225.08,784130.7,680925.1,48304.11,55080.21
Scenario 2,565,2,True Positive News,265,TRADING,150339.7,248963.3,158694.6,259877.1,726065.2,611054.8,228506.9,492773.2,708230.3,938757.1,450083.5,308677.9,2344192,30164.99,429211.3,45747.4,340398.4,452238.3,1406922,45022.7,123033.6,396830.5,414904.4,475242.7,95135.23,138187.2,145149.8,182432.5,99007.49,155192.8,130288.2,124176.3,150817.7,100188.8,156886.8,115591.4,125078.6,1408574,22211.29,17421.73,128060.9,252409.4,152.6067,1265318,4225493,34192.9,783907.2,680284.4,48212.72,55074.21
Scenario 2,566,2,True Positive News,266,TRADING,150352.9,249074.7,158554.3,259903,724974.2,610284.2,228426.4,493200,708556.3,938563,450604.4,308762.1,2342359,30140.11,429170.4,45743.06,339727.4,452024.8,1407019,45053.7,123170,397540.2,414237.1,473701.9,95254.84,137893,145163.8,182423.1,99200.99,155109.8,130290.4,124257.4,150610.3,100239.2,156957,115762.7,124824.1,1409103,22175.11,17432.24,127905.6,252446.1,152.6067,1265683,4234402,34212.12,783269,679749.1,48099.69,55061.46
Scenario 2,567,2,True Positive News,267,TRADING,150380.9,249417.5,158441.7,259987.7,724235.4,609579.5,228278.4,494456,708444.8,938685.3,450504.8,308473.1,2338005,30099.59,428976.4,45755.59,339461.1,451919.5,1407176,45029.11,123361.9,398269.3,413457.6,472037.9,95242.04,137622.6,145223,182397.9,99301.4,155193.8,130266.9,124287.6,150359.1,100242.2,156835.8,115887.2,124573.6,1411308,22124.78,17438.79,127711.7,252496.9,152.4869,1265740,4239874,34167.13,782274.5,679402.8,48002.02,55062.17
Scenario 2,568,2,True Positive News,268,TRADING,150430.8,249681.2,158474.4,260319.5,723677.2,608790.5,228205,495038.1,708387.2,938663,451008.8,308426.4,2332557,30073.54,428853.3,45753.46,339251.6,451843.4,1407287,44999.05,123478.3,399091.6,412594.3,470246.2,95368.91,137176.4,145141.9,182461.2,99303.89,155274.3,130278.2,124436.6,150122.2,100310.3,156701.9,116039.7,124214.3,1411743,22079.83,17462.17,127708,252536.3,152.5169,1265467,4245465,34104.33,782167.5,679056.3,47900.45,55075.58
Scenario 2,569,2,True Positive News,269,TRADING,150422.2,250217.8,158524.3,260668.3,722549.2,608595.7,228158.1,495830.8,708622.2,938646.7,450892.7,307992.9,2330126,30035.52,428651.5,45762.59,338732,451780.9,1406937,45026.36,123710,399929.4,411701,468892.7,95380.87,136840.6,145145.8,182456.4,99499.61,155118.2,130376.7,124441.6,149864.6,100150.5,156582.9,116219.4,123917,1411831,22044.76,17478.66,127637.4,252542.5,152.4969,1265606,4249157,34061.82,781085.9,678650.7,47791.16,55096.24
Scenario 2,570,2,True Positive News,270,TRADING,150413.4,250456,158283.4,260828.3,722034.2,608026,228211.2,496491.8,708541.2,938828.7,451301.7,307579.8,2326713,29979.65,428706.5,45767.85,338404.2,451697.6,1406892,45029.6,123834.7,400761.4,410989,467377.9,95566.62,136609.7,145173.1,182411.5,99637.5,155057.9,130426.7,124470.7,149596.1,100219.6,156572.8,116377.9,123665.3,1411528,21991.14,17484.34,127542.3,252564.1,152.4969,1265528,4257590,34010.44,780204.9,677984.3,47686.47,55082.94
Scenario 2,571,2,True Positive News,271,TRADING,150421.9,250963.2,158111.5,260888.7,720892.9,607660.2,228192,496556.2,708337.8,938870.2,451615,307426.3,2325324,29934.13,428711.3,45773.49,338561.9,451575.4,1407256,45033.91,123927.1,401686.9,410443.4,465577.1,95593.27,136344.8,145157.3,182494,99844.97,155119.1,130438.5,124497.6,149338.1,100179.2,156559.8,116516.8,123503,1412516,21941.89,17499.43,127534,252496.1,152.2674,1265280,4262111,33992.97,779392.4,677353.2,47600.82,55092.91
Scenario 2,572,2,True Positive News,272,TRADING,150325,251365.7,158133,261087.7,719887.8,607461.6,228187.2,496985.5,708286,938801.4,451975.5,306996.3,2322955,29903.81,428333.9,45767.79,338210.1,451605.3,1407203,45026.42,124017.1,402543.8,409564.2,463769.1,95679.29,136095.1,145225.7,182594.8,100071.6,154910.1,130488.4,124532,149113.4,100256.4,156623.6,116690,123208.1,1414197,21873.15,17522.52,127433.2,252657,152.1676,1265132,4270182,33948.85,778604.9,676766.3,47515.79,55091.93
Scenario 2,573,2,True Positive News,273,TRADING,150314.2,251317.4,158274.1,261022.2,719082,606829.9,228246.6,497755.2,708561.1,938629.2,451878.3,306808.5,2320988,29901.47,427845,45756.85,337525.4,451611.9,1407213,45029.75,124068.6,403119.6,408749.2,462022.5,95672.41,135793.8,145265,182570.8,100192.5,154902.3,130517.8,124478.8,149100.3,100335.6,156594.6,116834,122955.8,1415630,21812.97,17529.24,127323.6,252536.1,151.9681,1265408,4279113,33900.66,777490.4,675746.7,47406.77,55099.33
Scenario 2,574,2,True Positive News,274,TRADING,150329.9,251752.8,158246.8,261302.3,717780.7,606080.6,228290.9,497823.9,708767.9,938116,452156.6,306344.7,2318521,29871.97,428027,45758.51,336837.3,451536.1,1407648,45067.95,124142.7,403807.4,407663.2,460595.7,95804.73,135599.9,145270.9,182526.7,100308.6,155085.3,130468.7,124617.6,148894.2,100354.1,156540.5,116964.6,122678,1417537,21770.79,17544.46,127139.1,252516.5,151.7486,1265690,4282059,33820.04,776467.3,675620.8,47295.53,55114.22
Scenario 2,575,2,True Positive News,275,TRADING,150341.6,251920.5,158195.8,261425.6,717886.3,605987.1,228214.2,498558.2,708600.1,938598.4,452754.5,306241.8,2316280,29835.69,427595.6,45748.05,336298.1,451438.9,1408204,45070.12,124369.5,404400.4,406968.8,458986.2,95773.37,135276.9,145286.3,182483.1,100374.3,155002.1,130413.8,124656.5,148896.6,100423.1,156334,117127.9,122406.3,1421162,21722.19,17555.97,127041.4,252463,151.3494,1265881,4285715,33771.28,775598.1,674791.4,47183.97,55135.79
Scenario 2,576,2,True Positive News,276,TRADING,150318.4,252164.8,158030.3,261683.2,717314.5,605544.5,228253.4,498856.3,708468.9,938672.2,452837.6,305982.7,2313102,29808.25,427195.1,45754.15,335880.7,451446.8,1408857,45086.63,124493.8,405093.6,406119.3,457598.2,95776.38,134892,145275.6,182413.1,100577,154922.5,130385.7,124684.6,148732.3,100506.9,156305.2,117269,122136.4,1423276,21666.26,17582.17,127079.9,252457.6,151.2995,1266076,4287391,33794.14,774318.2,674424.7,47094.14,55157.91
Scenario 2,577,2,True Positive News,277,TRADING,150274.3,252535.4,157981.2,261778.3,715443.3,604964.9,228259.8,499172.7,708614.5,938466.6,453099.9,305554.7,2310676,29759.81,427162.3,45741.5,335803.7,451362.5,1408612,45091.57,124651.8,405768.7,405233,455814.9,95798.72,134654.6,145290.9,182397.9,100684.3,154919,130360,124756.1,148610.1,100761.6,156313.5,117410.3,121861.7,1423831,21623.72,17594.73,126942.2,252317.7,151.2097,1266348,4291839,33749.43,773269.6,674139,47005.36,55167.28
Scenario 2,578,2,True Positive News,278,TRADING,150254.3,253056.1,157930.1,261855.6,714766.9,604026,228201.5,499477.2,708929.6,938480.1,453315.6,304919.5,2308870,29701.32,427204.2,45741.31,335539.8,451209.3,1408384,45091.1,124742.8,406508.9,404348.2,454148.1,95926.06,134283.6,145270.4,182458.9,100765.2,155054.3,130372.7,124828.9,148692.8,100823.8,156244.3,117553.6,121561.9,1423318,21570.06,17609.1,126924.8,252334.3,151.2696,1266154,4299514,33742.76,772752.5,673388.8,46924.06,55156.6
Scenario 2,579,2,True Positive News,279,TRADING,150284.5,253301.5,157778.9,261882.5,714017,603539.8,228210.8,499543.8,708966.7,938393,453056.9,304581.6,2306593,29712.08,426830.7,45746.73,335101.6,451189.9,1408060,45090.76,124962.6,407275.7,403640,452464.9,96077.76,134019.6,145239.2,182519.3,100928.5,155221,130202.7,125066.7,148535.2,100843.2,156163.6,117748.7,121278.7,1422508,21526.94,17619.45,126871.6,252356.6,151.08,1266086,4308626,33688.33,771600.6,672872.3,46821.9,55132.84
Scenario 2,580,2,True Positive News,280,TRADING,150263.8,253448.3,157685.2,262086.5,713766.9,602631.8,228147.8,499910.7,709236.1,938561.9,453429.2,304806.8,2303900,29680.7,426656.7,45738.41,335092.4,451244.9,1408526,45078.07,125226.3,407938.9,402971.3,450865.9,96121.23,133765.5,145206.8,182543.5,101116,155191.1,130160.5,125023.9,148411.5,100989.1,155929.1,117927.8,121074,1423243,21485.78,17638.13,126719.5,252386.1,151.0301,1266550,4311225,33655.37,770394.4,672537.4,46716.2,55101.15
Scenario 2,581,2,True Positive News,281,TRADING,150267.6,253711.2,157817.7,261962.8,713251.1,601673.8,228138,499570.4,709258.9,937985.2,454091.4,304651,2302213,29630.49,426311.5,45754.13,334890.3,451202.7,1408293,45049.7,125331.1,408662.5,402109.4,449276.9,96147.46,133458.4,145230.9,182494.9,101195.7,155171.4,130194.9,125078.4,147994.2,100983.7,155753.3,118078.4,120706.9,1423731,21426.34,17649.19,126697.7,252358.5,150.8206,1266009,4313772,33591.97,769984.2,671862.9,46614.85,55127.72
Scenario 2,582,2,True Positive News,282,TRADING,150280.6,253754,157761.1,261969.9,712744.5,601393.9,228174,500089.2,709514.3,937922.5,454559.3,304805.2,2299734,29597.7,426112.5,45750.23,334735.8,451161.4,1408927,45064.2,125528,409327.2,401226.4,447618.5,96207.41,133205.1,145247.2,182563.5,101345.7,155144.7,130251.8,125194.7,147772.5,101025,155576.2,118222.9,120373,1424501,21369.99,17680.14,126580.7,252409.2,150.7507,1266241,4318177,33559.54,769149.8,671738.6,46515.95,55122.86
Scenario 2,583,2,True Positive News,283,TRADING,150297.8,254143.6,157605.1,262431,711256.2,600735.4,228118.8,500774.9,709598.8,937904.9,455289.2,304988.8,2297492,29534.68,425847.2,45750.86,334480.8,451073.9,1408361,45050.07,125668.7,409978.9,400431,446049.8,96173.99,132842.2,145247.4,182497.8,101494.5,155100.7,130218.9,125282.3,147530.5,101199.2,155425.3,118396.7,120114.5,1423277,21317.73,17696.22,126513.1,252382.3,150.7707,1266408,4325219,33532.42,768137.9,671291.7,46432.96,55135.7
Scenario 2,584,2,True Positive News,284,TRADING,150261.6,254583.2,157540.6,262580.8,710108.6,599947.5,228130,501474.9,709560.7,937704.2,456040.5,304975.3,2294812,29512.31,425762.9,45745.69,333874.6,450882.7,1408524,45063.6,125753.6,410663.5,399564.8,444718.4,96184.52,132409.2,145324.6,182470,101668.9,155159.9,130164.9,125193.4,147295.8,101223.3,155285.7,118544.4,119923.1,1424469,21260.86,17708.79,126378.6,252337.1,150.7607,1266407,4329714,33525.14,766764.9,671025.4,46327.84,55139.78
Scenario 2,585,2,True Positive News,285,TRADING,150245.8,254927.3,157463.3,262940,708931.7,599117.1,228082.4,502395.4,709824.6,937832.1,456429,304758.9,2292810,29482,425367.9,45735.37,333233.5,450947.7,1408873,45067.97,125911.8,411594,399045.7,443062.3,96248.95,132144,145303.7,182476.9,101787.9,155095.7,130133.3,125197.6,147055.2,101366.4,155093.9,118695.3,119630.1,1423713,21206.23,17712.97,126202.3,252259.5,150.5911,1266649,4336505,33507.73,766487.5,670452.5,46231.5,55157.2
Scenario 2,586,2,True Positive News,286,TRADING,150223,255405.1,157462.1,263176.7,707798,598640.7,228062.6,501860.8,709688.1,937765.2,456403.5,303889.9,2292400,29460.56,424796.2,45731.74,332846.6,450917.9,1409138,45061.65,126054.3,412331.4,398412.1,441496.9,96270.45,131924.8,145361.6,182351.7,101895.8,154973.7,130128.6,125316.8,146806.6,101584.7,154999.2,118883.3,119348,1423847,21144.22,17712.38,126043.1,252260,150.3915,1266664,4345922,33451.55,765924.3,670080.8,46115.33,55139.08
Scenario 2,587,2,True Positive News,287,TRADING,150216.2,255928.7,157515.8,263374.3,706922.6,598027.5,228056,502648.6,709568.2,937821.4,456559.9,303762.5,2290749,29433.26,424640,45719.37,332848.2,450865.9,1409239,45030.5,126152.8,413163.8,397741.8,440012.6,96259.59,131619,145313.1,182368.1,101975.3,155037,130082.1,125437.7,146547.3,101521.4,154885.5,119018.2,119171.9,1423845,21084.52,17721.95,125907,252179.2,150.4514,1266976,4355761,33348.11,764809.9,669578.1,46004.37,55101.17
Scenario 2,588,2,True Positive News,288,TRADING,150235.3,256101.2,157409.4,263670.2,706562.3,597427.3,228071,502926,709761.4,937893.3,457007.2,303536.5,2288435,29402.77,424732.8,45713.7,332332.7,450845.7,1409021,45009.75,126299.1,413842.9,397041.2,438752.5,96192.79,131474.1,145283.2,182405.1,102169.3,155076.7,130067.2,125471.3,146268,101575,154757.5,119174.9,118898.9,1425350,21030.95,17738.18,125717.2,252137.4,150.5611,1267305,4363751,33313.5,763809.3,669196.5,45911.51,55117.14
Scenario 2,589,2,True Positive News,289,TRADING,150214.7,256253.5,157459.1,264011.4,706161.7,596872.6,227960.5,503436.1,709558.5,938214.7,456980.3,303515.1,2287078,29356.06,424808.9,45712.17,332144.9,450759,1409073,45018.76,126419.8,414402.2,396236,437336.4,96210.42,131195.2,145389.3,182377,102302.3,155007.5,130048.9,125414.4,146050.7,101529.2,154838.1,119356.2,118704.8,1426825,20971.42,17766.35,125657,252172.3,150.5412,1267098,4371603,33257.78,763275.4,668924.7,45811.53,55145.03
Scenario 2,590,2,True Positive News,290,TRADING,150176.7,256475.1,157308,264215.8,705662.7,596328.4,227974.4,503857.6,709509.3,937528.3,456649.4,303578.2,2285493,29326.42,424830.2,45724.21,331532.3,450631.3,1409433,45019.85,126624.3,415239.3,395602.8,435647.5,96317.08,130898.6,145345.7,182301.3,102499.3,154993.8,130036.3,125465.8,145929,101571.8,154839.5,119538.8,118424.6,1427982,20914.88,17776.21,125524.5,252193.7,150.4015,1267460,4373065,33210.56,761952.3,668543.9,45734.03,55168.37
Scenario 2,591,2,True Positive News,291,TRADING,150131,256412.9,157142.8,264093.6,704891.2,595819.8,227976.2,504338,709564.5,937002.7,456677.7,303499.9,2282977,29300.58,424501.1,45704.63,331270,450625.6,1409693,44993.87,126679.5,415869.8,394826.4,433947.9,96378.54,130635.9,145322.5,182318.3,102658.2,155041.9,129922.6,125493.3,145728.7,101541.5,154708,119680.2,118162.2,1430381,20855.34,17801.9,125507.3,252185,150.3017,1267603,4379345,33178.78,760718.7,668353.4,45647.34,55178.26
Scenario 2,592,2,True Positive News,292,TRADING,150153.7,256926,157213.8,264060.1,704454.2,595056.1,227827.3,505741.6,709380,936544.9,456552.5,303209,2281284,29272.39,424147.2,45710.41,330998.9,450553.1,1410200,45019.54,126840.8,416648.7,394139,432397.1,96401.4,130420.3,145365.2,182343.1,102837.6,155043.7,129865.2,125549.9,145667.7,101621.1,154725.3,119825.4,117941.9,1431210,20798.95,17812.28,125356.5,252222,150.2418,1267405,4386961,33156.71,759842.2,667954.1,45578.77,55197.48
Scenario 2,593,2,True Positive News,293,TRADING,150120.3,257162.3,157234.3,264307,703632.6,594101,227750.6,506039.7,708936.6,935913,456218.6,303280.4,2278886,29250.24,423630.8,45721.58,330742.3,450438,1410260,45008.02,127198.5,417536.3,393425.5,430648.5,96436.81,130222.8,145345.8,182339.9,103007.7,154938.4,129780.2,125492.1,145558.2,101662.1,154434.3,119941.5,117746.4,1431915,20767.76,17827.8,125468.5,252260.3,149.8727,1267584,4395399,33104.43,758766.1,667637.8,45502.27,55184.69
Scenario 2,594,2,True Positive News,294,TRADING,150148.4,257562.9,157230.4,264575.4,703141.8,593977,227666.9,506246.6,709167.8,936121.3,456037,303190.1,2277341,29227.33,423311.6,45717.49,330671.9,450256.2,1410986,44990,127321.5,418208.3,392759.9,429151.5,96445.82,129822.5,145396.1,182346.5,103132.2,155000.1,129762.2,125599.6,145358.8,101761.3,154254.7,120082.6,117483.7,1431175,20708.36,17845.85,125409.6,252226.1,149.8327,1267426,4404891,33063.52,757621.1,667008.5,45412.77,55154.92
Scenario 2,595,2,True Positive News,295,TRADING,150149.7,258337,157223.7,264739.8,702285.7,593759.3,227698.5,506843.4,709683.3,936578.6,456370.1,302987.5,2276040,29187.63,423164.5,45726.73,330326.6,450070.9,1410948,44974.88,127595.2,419041.9,392083,427301.1,96464,129521.6,145398.3,182408.5,103326,155001,129758.4,125607,145262,101777.8,154090.1,120240.6,117254.9,1434291,20644.85,17876.53,125428.4,252245.6,149.8427,1267218,4409250,33002.66,757019.1,666448.5,45308.82,55154.39
Scenario 2,596,2,True Positive News,296,TRADING,150087.5,258465.3,157092.9,265057.3,701420.6,593557.2,227635,507149.4,709586.7,936261.3,456411.2,302999.3,2274399,29132.72,423140.6,45727.87,330221.9,449948.6,1411152,44960.99,127797.2,419734.6,391495.2,425291.4,96570.16,129095.4,145436.2,182297.8,103366.8,155131.6,129636.3,125472.9,145079.2,101860,153951.1,120409.3,116954.5,1436485,20593.51,17871.4,125458.7,252207.1,149.7729,1267286,4413347,32964.91,755738.2,665827.8,45203.81,55157.52
Scenario 2,597,2,True Positive News,297,TRADING,150089.4,258779,157084.3,265013.7,700453.1,593409.2,227664.9,507339.3,709247.8,936098.9,456843.7,302997.4,2272352,29103.94,422606.4,45728.1,330248,450013.3,1411564,44956.66,127950.5,420427.1,390539,423662.2,96646.64,128729.7,145432.7,182246.9,103447.9,155042.5,129528.1,125477.1,144754.7,101812.3,153851.1,120557.6,116669.9,1436863,20532.5,17882.98,125389.5,252280.1,149.8727,1267583,4420118,32913.98,755249.2,665343.2,45132.62,55175.86
Scenario 2,598,2,True Positive News,298,TRADING,150128.1,259105.2,157026.1,265330.6,699261.3,593321.6,227714,507525.3,709185.4,935850.5,457253.4,302652.4,2270538,29080.35,422601.5,45730.1,330091.7,450078.1,1411141,44941.52,128033.2,421058.4,389659.3,421957.5,96870.44,128322.2,145420.7,182256.9,103554,155148.4,129557.3,125538.6,144561.8,101824.6,153810.5,120661.9,116408.4,1438357,20490.47,17885.37,125319.3,252211.7,149.6132,1268223,4428288,32881.22,754773.1,665086.4,45012.1,55160.51
Scenario 2,599,2,True Positive News,299,TRADING,150101,259396,156957.1,265396.8,698150,592398.4,227740,508363.3,709572.6,935913.5,458120.9,302624.4,2268575,29045.32,422634.2,45727.41,330112.1,449904.8,1411797,44948.49,128110.4,421723.9,388969.6,420296.3,97093.64,127996.2,145442.9,182217.7,103675.3,155380,129594.8,125689.4,144194.3,102022.9,153684.8,120822.2,116212.8,1438343,20445.24,17885.79,125303.7,252234.8,149.4935,1268532,4434204,32831.91,753647.7,665066,44935.93,55150.77
Scenario 2,600,2,True Positive News,300,TRADING,150088.3,259519.8,156918.1,265499.2,697174.6,592100.3,227722.2,508574.6,709167.9,935859.7,458508.4,302117.2,2265161,29011.67,422575.6,45735.71,329895.5,449766.1,1412038,44922.6,128160.6,422717,388329.2,418664.5,97081.32,127702.4,145413.9,182254.3,103880.4,155539,129646.7,125788.9,144113.6,101910.2,153758.2,120985.3,115941.8,1438624,20381.4,17889.58,125145.4,252171.7,149.4236,1268392,4440225,32777.35,752459.9,664168.9,44844.61,55136.11
Scenario 2,601,3,Bull Market,1,TRADING,158461.7,262178,153038.5,285692,750078.2,593522.2,229287.1,531180.2,730036.8,950834.8,462663.9,289785.5,2365519,30842.53,417969.7,44124.82,327303.9,444798.5,1408607,45782.09,122332.3,455691.5,372205,418114.6,95434.5,132240.8,152329.4,193213.6,100415.1,167828.1,134215.6,126737.3,156879.8,107913.5,151977.3,133045,116071.6,1417180,19648.37,17317.3,127791.5,241301.9,145.64,1245864,4281571,35498.23,727162.1,696851.7,43405.42,52769.21
Scenario 2,602,3,Bull Market,2,TRADING,158468.7,261695.5,153063.1,285608,750489.1,592148.5,229744.7,531993.1,729918.8,951108.2,462659.8,289601.3,2366232,30824.99,417200.7,44263.23,327821.9,444926.1,1407603,45809.64,122181.2,454975.7,371398.9,417982.8,95414.96,132283.4,152233.9,193540.6,100248.7,167812.8,134448.2,127155.7,157002.8,108305.7,152014.2,133067.1,116145.4,1417071,19644.26,17329.5,127519.6,240907,146.08,1245976,4289767,35540.67,727712.1,696289.4,43409.87,52844.42
Scenario 2,603,3,Bull Market,3,TRADING,158492.6,261074.7,153016.6,285588.2,751932.9,591103.4,230015.8,532403.9,730427,951845.5,462916.1,289602.6,2365985,30820.3,416396.3,44381.76,327779.7,444924.2,1407346,45807.54,121963.2,455533.1,371216.8,418286.7,95602.27,132346,151932.2,193865.1,100092.8,167825.3,134684.1,127495.1,157328,108656.8,152399.6,133073.8,116340.9,1416794,19625.32,17318.43,127303.6,240508.4,146.54,1246637,4298438,35577.27,728672.2,696033.2,43404.58,52921.92
Scenario 2,604,3,Bull Market,4,TRADING,158487.3,260591.1,153028,285542.3,752335.1,589843.7,230041.1,533024.9,731662.9,952429.8,462857.8,289491.1,2366267,30787.02,415695,44495,328043.2,445073.3,1407299,45789.83,121899.4,455448.4,371094.6,419441.5,95684.07,132322.3,151784.1,194194.3,100029.3,167870.2,134927.3,127875.3,157509.2,109048.2,152458,133060.5,116639.2,1416919,19616.99,17325.33,127128.3,240276,146.93,1246496,4307524,35626.67,729113.8,695904.1,43407.7,53006.76
Scenario 2,605,3,Bull Market,5,TRADING,158466,260100.4,153023,285607.4,753523.1,588743.1,230076.6,533975,731974,952301.4,462993.3,289551.9,2364584,30735.14,414824,44626.14,328304.1,445049.1,1407628,45771.31,121741.9,455134.5,371179,419702.7,95716.41,132372.1,151707.6,194525.7,99937.11,167861.2,135189.6,128236,157501.5,109309,152578.5,133048.2,116655.5,1416375,19599.35,17304.06,126843.3,239921.7,147.45,1245789,4310987,35704.48,729920.2,695842.9,43406.71,53058.23
Scenario 2,606,3,Bull Market,6,TRADING,158435.1,259618.9,153027.2,285707.4,753114.8,587327.4,230300.1,534388.3,732216.6,952221.9,463284.3,289529.5,2364781,30690.2,414014.3,44754.48,328502.3,445043.3,1408290,45773.42,121511.6,455431.4,370962.3,420543.7,95802.77,132382.7,151513.5,194820.9,99938.77,167836.4,135429.8,128556,157575.9,109698.6,152918.8,133043.3,116803,1415953,19567.77,17306.97,126482.8,239548.1,147.98,1246230,4317427,35775.28,730342.3,694902.4,43411.66,53134.77
Scenario 2,607,3,Bull Market,7,TRADING,158406.6,258979.3,153031.2,285730.4,754897.2,585553,230729.3,535387.9,732682.9,952692.6,463426.6,289670.4,2365604,30624.74,413389.8,44886.47,329356.6,444941.4,1408782,45764.87,121411.7,454975.2,370829.4,421158.9,95896.03,132397.8,151285.3,195077.4,99910.41,167808.6,135695.8,128847.2,157688,110051.1,153024.1,133052.5,116847.8,1416122,19565.54,17297.22,126174.7,239150.3,148.44,1246157,4327629,35835.48,731359.7,693571.4,43408.58,53206.97
Scenario 2,608,3,Bull Market,8,TRADING,158435.6,258568.8,153011.6,285643.7,755509.3,584781.2,230855.6,535706.6,732712.8,954315.9,463453.3,289618,2364458,30551.59,412826.9,45015.04,330108,444911.4,1408881,45827.47,121300.9,454687.2,370403.3,421851.1,95957.81,132427.2,151129.4,195441.8,99664.57,167764.9,135987.3,129259,157732.6,110415.9,153174.5,133060.1,117016.2,1415774,19550.56,17290.96,125886.6,238680.5,148.79,1246336,4331319,35905.56,731506.5,693343.4,43400.55,53262.31
Scenario 2,609,3,Bull Market,9,TRADING,158450.8,257990.6,153032.4,285724,757193.3,583617.1,231272.9,536568.9,733487.2,954043.6,463510.3,289520.7,2364572,30526.1,411840.2,45129.07,330585,444813.5,1409327,45719.06,121248.1,454918.3,370291.7,422442.6,96055.56,132396.6,150804.1,195808.8,99710.55,167777.7,136195.9,129560.3,157792.8,110753.6,153414,133084.3,117090.7,1415794,19516.05,17276.95,125654.4,238291,149.21,1246889,4336119,35934.24,731895.1,693137.7,43392.5,53318.85
Scenario 2,610,3,Bull Market,10,TRADING,158416.6,257512.4,152928.6,285828.6,757736.9,581966,231595.2,537115.4,734158.7,954524.2,463500.2,289637.8,2365178,30533.16,411176.1,45251.32,331246,444748.3,1410056,45721.61,121064.8,454568,369592.1,422934.9,96151.29,132424.4,150697.8,196072.5,99534.48,167792.7,136486.9,129877.7,157736.5,111120.7,153576.8,133100.9,117206.2,1416093,19497.92,17271.94,125477,238020.6,149.65,1247109,4341653,35970.53,732652.1,692677.8,43393.47,53403.85
Scenario 2,611,3,Bull Market,11,TRADING,158446.9,257174.5,152966.9,285756.8,759408.9,580732.8,231898.4,537540.4,734059.4,955021.6,463442.7,289665.1,2365561,30491.62,410536.1,45370.34,331987.8,444693,1410875,45713.15,121001.7,454137.1,369539.2,423290.1,96221.99,132468.1,150402.3,196370.3,99393.59,167795.6,136753.9,130280.3,157776.1,111454,153691.5,133116.3,117547.7,1415919,19475.41,17281.2,125241.3,237592,150.09,1246731,4346058,36013.85,733039.5,691865,43401.97,53466.28
Scenario 2,612,3,Bull Market,12,TRADING,158458.6,256632.9,152933,285683.8,760738.4,578927.8,232063.6,538029.5,734797.5,955282.9,463402.7,289638,2365476,30440.44,409756.8,45485.02,332602.9,444727.8,1411662,45676.35,120939.9,452933.3,369400.2,423183.3,96328.68,132441.8,150091.7,196710.5,99306.49,167811,137019.1,130592.9,157609.8,111797.3,153794,133103.8,117940.8,1415691,19460.09,17284.99,125048.3,237270.2,150.52,1246690,4347358,36110.37,733026.2,691603.2,43399.38,53553.33
Scenario 2,613,3,Bull Market,13,TRADING,158498.7,256198.3,152919.8,285664.9,762675.7,577729.3,232276.2,537966.4,734966,955200.8,463444.2,289690.6,2364775,30355.02,409132,45616,333037.7,444736,1411898,45643.77,120806.4,452612.7,369271.2,423713.2,96486.83,132438,149879.4,196995.6,99210.15,167787.8,137320.9,130934.4,157687.2,112087.5,154111.2,133102.4,118103.8,1415990,19442.96,17275.95,124769.2,236925.9,150.86,1247107,4352970,36137.52,732899.7,691503.4,43400.65,53603.81
Scenario 2,614,3,Bull Market,14,TRADING,158480.5,255510.4,152943.6,285680,763788.5,576869.1,232304.8,538661.1,735025.7,955448.7,463611.2,289581,2364974,30360.44,408562.5,45747.57,333080.5,444609,1411815,45620.22,120772,451870.2,369299.4,424214.7,96502.9,132406.1,149683.6,197321.4,99081.04,167779,137629.8,131222.4,157653.7,112425.6,154296.6,133121,118298,1415832,19419.11,17279.88,124429.8,236708.3,151.19,1247169,4355245,36166.1,734016.3,691433.2,43406.84,53716.48
Scenario 2,615,3,Bull Market,15,TRADING,158478,254946.9,152995.8,285642,764659,575664.8,232580.6,538741.2,735255.6,955576.5,463849.6,289659.7,2365033,30263.55,407653.7,45858.3,333707.4,444690.9,1412201,45621.08,120671,451264.5,369524.5,424958.1,96637.32,132346.5,149171.5,197586.5,98961.85,167759.1,137895,131530.5,157720.3,112700.4,154425.2,133129.1,118360,1416303,19412.96,17291.93,124260.6,236590.1,151.69,1247787,4362618,36215.28,734747.6,690829.2,43406.08,53777.04
Scenario 2,616,3,Bull Market,16,TRADING,158483.9,254598.7,153094.6,285837.6,765799.8,574156.6,232790.4,539396.9,736239.3,955760.1,464113.1,289525.8,2366341,30232.05,406925.5,45975.76,334210.6,444671.9,1411108,45560.62,120503.2,450965.2,369020.1,425147.6,96713.22,132375.5,148985.5,197935.4,98735.15,167765,138194.7,131938.5,157790,113056.2,154721.1,133120.7,118670.4,1416259,19369.81,17276.33,123943.6,236267.7,152.15,1247207,4364417,36228.83,736328.2,690361.7,43399.7,53879.22
Scenario 2,617,3,Bull Market,17,TRADING,158485.9,254043,153103.9,285823.8,766987.3,572962.1,233027.5,539619.5,736710.7,955938.6,464175.6,289585,2366865,30167.17,406331.6,46088.55,334651.9,444564,1411118,45519.86,120386,451037.7,368784.2,425938.8,96866.71,132436.1,148897.3,198184.8,98606.26,167736.2,138474.4,132231,157764.1,113458.7,154783.3,133101.4,118781.2,1416972,19361.25,17273.32,123645.3,235829,152.48,1246479,4366625,36293.96,737791.5,690553.8,43402.73,53951.62
Scenario 2,618,3,Bull Market,18,TRADING,158485.7,253396.4,153041.8,285820.1,768064.8,571611.4,233559.1,540455.2,737280.6,956036.8,464127.1,289600.1,2366895,30120.44,405681.8,46202.63,334855.9,444493.1,1411193,45473.59,120212,450376.8,368606.6,426629,96969.71,132376,148860.3,198512.7,98356.58,167789.7,138769.5,132612.7,157666.6,113819.6,154999.4,133096.3,118888.1,1416967,19365.77,17280.32,123404.9,235565.4,152.8,1246154,4376655,36330.91,738632.1,690209.3,43400.16,54063.06
Scenario 2,619,3,Bull Market,19,TRADING,158487.7,252915.2,153057.2,285892.4,768446.9,570241.9,233668,541117.3,737832.7,955836.4,464051.6,289765.3,2366629,30131.82,405043.3,46324.22,335143.8,444394.8,1410610,45422.38,120028.5,450212.1,367973,427077.7,97057.48,132379.6,148519.9,198843.5,98216.56,167807.6,139060.5,132942.5,157691,114184.3,155248.5,133090.8,119004.2,1416762,19355.42,17270.66,123142,235449.5,153.41,1245928,4382006,36365.49,740855.2,689479.5,43404.8,54149.37
Scenario 2,620,3,Bull Market,20,TRADING,158519.1,252430.4,153051.3,285809.2,769612.8,568689,233965,541427,737975.5,956870,463865.1,289650.5,2366210,30077.6,404025.2,46467.84,335505.7,444292.9,1410770,45367.9,119867.6,449581.9,367822.1,428017.4,97156.44,132362.2,148245.7,199173.1,98172.15,167767.3,139292.8,133375.5,157723.9,114507,155519.9,133075.4,119057.7,1416643,19328.95,17272.83,122880.9,235268.1,153.77,1245762,4384948,36376.37,740755.3,689498.5,43404.53,54260.72
Scenario 2,621,3,Bull Market,21,TRADING,158553.8,252058.9,153079.8,285858.5,771887.4,567315.5,234017.9,542671.4,738655.2,957819.5,464134.6,289617.1,2367055,30078.64,403162.7,46593.55,335794.2,444246.1,1410532,45371.86,119729.4,449410.6,367368.2,428725,97213.52,132359.7,148120.2,199409.6,98030.6,167795.7,139599,133722.6,157756.5,114854,155763.9,133109.4,119210.2,1416677,19342.36,17271.92,122609.4,235049.8,154.24,1246034,4383390,36383.32,741189.6,689057.6,43396.4,54355.73
Scenario 2,622,3,Bull Market,22,TRADING,158565.7,251804.8,153065,285776.5,771576.2,565841.9,234166.5,543247.3,739310.7,957771.5,464075.3,289732,2367349,29991.27,402534.4,46711.57,336402,444269.8,1411052,45377.83,119580.4,448479.1,367601.3,429300.9,97230.2,132371.2,147900.3,199693.2,97857.75,167761.2,139899.1,134023.6,157850.2,115242.6,155737.8,133138.9,119467.5,1416648,19330.51,17279.53,122374.8,234707.7,154.7,1246777,4390125,36473.79,742752,688499.4,43393.81,54458.91
Scenario 2,623,3,Bull Market,23,TRADING,158535.1,251442.8,152978.9,285868.2,772968,564868.5,234484.4,544080.5,739463.5,958590.9,464182.1,289697.3,2366005,29963.55,401702.9,46823.34,336754,444259.7,1410750,45351.94,119494.5,448347,367684.2,429772.8,97436.69,132394.9,147427.5,200019.1,97884.05,167731.7,140147.4,134313.6,158047.3,115536.4,155591.4,133138.2,119618.1,1416556,19311.01,17267.39,122102,234382,155.17,1246580,4392007,36469.55,742516.4,687547,43394.04,54529.4
Scenario 2,624,3,Bull Market,24,TRADING,158511.6,251038.9,152970.2,285771.2,773322.3,563627.8,234601.4,544002.9,739927.6,957222.3,464238.2,289651,2367108,29955.67,400813.4,46940.7,337611,444263.9,1410296,45349.53,119429.9,448165.8,367496.6,429893.4,97507.19,132377.1,147258.4,200280.8,97782.72,167791.7,140423.4,134665.6,158147.6,115886.2,155723.9,133152.3,119845,1416521,19278.93,17255.65,121779.7,233985.1,155.71,1246380,4396726,36540.94,743386.7,686908,43392.18,54608.77
Scenario 2,625,3,Bull Market,25,TRADING,158496.6,250515.4,152951.1,285666.7,773084.6,562230.1,235116.1,544484.6,740684.8,958143.3,464327.6,289562.5,2366249,29921.33,400093.2,47055.57,338104.5,444243.3,1409774,45294.88,119273,447868.9,367075,430651,97560.05,132378.7,147174.8,200536.3,97688.53,167791.9,140640,135033.1,158021.1,116260.1,155880.3,133137.7,119985.5,1416724,19246.56,17248.34,121502.4,233746.8,156.14,1245576,4398336,36566.05,743023.5,686543.9,43393.24,54690.22
Scenario 2,626,3,Bull Market,26,TRADING,158452.2,250005.1,152905.4,285540.6,773820.7,561213.4,235371.3,545046.8,742126.7,958196.8,464143.2,289485.6,2366221,29938.52,399260.2,47169.09,338636.3,444109.8,1409559,45281.06,119162,447579.5,367350.4,431067.6,97628.93,132381.3,146930.7,200850.5,97822.19,167812.7,140891.7,135333.7,158089.3,116651.6,155919.3,133131.6,120203.6,1416742,19245.51,17241.92,121240.1,233518.9,156.49,1245416,4404036,36627.77,744245.5,686300.2,43391.01,54766.93
Scenario 2,627,3,Bull Market,27,TRADING,158459.9,249476.4,152946.7,285566.6,773530.4,560014.1,235344.9,545685.7,742529.2,959307.5,464257.6,289502.5,2366292,29877.53,398316.4,47261.89,339081.6,444118.4,1409543,45265.25,119021.1,447580.5,367541.6,431968.6,97680.53,132386.8,146815.9,201161.8,97689.47,167793.3,141181.9,135679.3,158277.1,116943.3,156244.4,133144.3,120430.7,1416347,19246,17238.57,121062.2,233192.3,156.95,1245462,4410156,36664.93,744128.1,686351.9,43383.96,54835.85
Scenario 2,628,3,Bull Market,28,TRADING,158472.9,249154.7,152987.6,285413,774526,558826.6,235771.7,545978.1,743942.2,959754.5,464321.3,289424.9,2366006,29831.86,397559.6,47369.76,339586.1,444053.4,1409760,45328.43,118970.2,446942.3,367468.2,432369.1,97843.27,132438.4,146575.2,201524.1,97508,167827.4,141422.8,136089.9,158425.4,117335.8,156473.9,133122.6,120673.5,1416076,19254.07,17232.19,120828.5,233015.9,157.53,1245863,4417712,36691.28,743405.8,685663.3,43398.1,54888.95
Scenario 2,629,3,Bull Market,29,TRADING,158447,248667.7,153060,285391.1,774815.8,557374.9,236028,546676.5,744807.2,960013,464505,289408.2,2367441,29791.66,396795.1,47472.43,340364,443975.3,1408858,45314.78,118887.4,446732.9,367196,433282.6,98013.87,132470,146263.2,201829.2,97412.42,167857.4,141683.2,136317.3,158558.2,117661.8,156449.4,133088.7,120527.8,1415467,19230.65,17218.91,120682.6,232680.6,158.1,1245717,4424089,36693.33,745324.9,685563.7,43378.75,54956.74
Scenario 2,630,3,Bull Market,30,TRADING,158479.3,248344.9,153134.3,285339.7,775786.3,556478.2,236270.7,547435.8,746249,959680.3,464407.9,289426.4,2366990,29712.76,396064.9,47596.53,340812.5,444013.2,1408868,45280.33,118771.2,446763.5,366966.1,433645.6,98137.19,132490.5,146177.1,202169.5,97283.73,167881,141972.3,136650.9,158552.6,118032.4,156615.6,133081.7,120666.5,1415350,19246.23,17194.65,120459.6,232261.2,158.35,1244496,4422763,36720,745802.5,685097.6,43389.77,55013.47
Scenario 2,631,3,Bull Market,31,TRADING,158489.1,247775.1,153093.7,285167.6,777483.1,555299.9,236536.4,547556,746599.2,959633.8,464348.6,289257.4,2366374,29711,395258.2,47733.75,341398.4,444089.9,1409389,45311.02,118700.5,446606.1,366631.9,434127.1,98174.56,132522,145896.7,202412.9,97080.13,167902.9,142221,136984.7,158610.3,118338.3,156863.9,133074.9,120836.8,1415657,19233.33,17182.47,120102.6,231794.2,158.79,1244265,4422413,36738.53,746216.9,685025.6,43390.23,55103.85
Scenario 2,632,3,Bull Market,32,TRADING,158486.1,247014.7,153016.5,285218.1,777357.1,553614.9,236721,547656.8,747322.7,960249.4,464536.2,289223,2365423,29642.16,394322.3,47854.38,341734.2,444147.2,1409718,45337.35,118606.5,445999.7,366319.6,434683.8,98312.1,132535.2,145614.9,202644.7,96957.37,167882.8,142471.5,137204.1,158756.5,118626.2,156884.9,133081,120992.1,1415839,19216.62,17193.69,119801.4,231353.9,159.12,1244105,4425801,36742.47,747806,684775.3,43385.1,55199.98
Scenario 2,633,3,Bull Market,33,TRADING,158458.5,246532.9,152880.5,285275.8,778760,552240.9,237276.1,548307.3,748336.5,960211,464688.3,289185.5,2365082,29550.72,393578.2,47980.21,342386.5,443989,1409411,45384.88,118498.1,445040.5,366439.5,435688,98396.54,132504.2,145383.1,202928.8,96764.65,167889,142746.5,137538,158884.5,118944.7,157250.6,133076.4,121113.2,1415801,19190.34,17178.24,119629.5,231022.3,159.53,1244689,4433282,36727.14,748097.1,684083.5,43387.73,55294.4
Scenario 2,634,3,Bull Market,34,TRADING,158458.8,246214.9,152878.2,285208.5,780459.5,550653.3,237594,548799.1,749238.7,961384.2,464829.4,289072.9,2365961,29510.99,392926.1,48086.45,342812.1,444060.3,1409785,45334.11,118343.1,444682.1,366444.8,435970.6,98502.73,132463.6,145262.8,203228,96606.89,167867.8,143050,137891.6,158945.9,119355,157491.4,133119,121389,1416028,19166.28,17165.23,119358.9,230805,160.03,1243987,4439670,36784.6,748139.7,683443.8,43383.81,55390.53
Scenario 2,635,3,Bull Market,35,TRADING,158426.7,245629.9,152914.3,285068.8,780682,549569.4,237838.3,549357.4,750093.7,961060.7,464968.6,289109.2,2366366,29461.78,392056.2,48206.75,343164.5,444143,1410213,45350.45,118219.2,443823.9,365867.9,436679.9,98609.17,132471.9,145100.7,203555.2,96421.87,167840.4,143331.3,138350.9,158965.9,119697.8,157563.1,133104.8,121568.3,1415702,19154.55,17149.81,119116.8,230474.1,160.42,1243862,4445553,36803.84,748433.1,683189.8,43387.55,55484.51
Scenario 2,636,3,Bull Market,36,TRADING,158448.7,245286,152896.6,284980.9,781516.3,548278.1,237833.1,549986.9,750374.5,961335.5,465008.7,289161.9,2367262,29367.81,391507.4,48316.54,343730.5,444150.3,1411387,45313,118076.2,443995.6,365644.8,437488.5,98673.99,132443,144882,203781.1,96326.71,167850.9,143601.9,138749,158879.5,120089.3,157547.5,133122.6,121838.3,1415810,19132.5,17145.43,118873.5,230197.7,160.81,1243523,4448321,36864.14,748592.8,682475.8,43382.96,55580.42
Scenario 2,637,3,Bull Market,37,TRADING,158453.8,244761.8,152954.9,285047.3,782120,547524,238155.9,551044.7,749924.2,961362.1,465168.9,289109.3,2368093,29316.24,390748.7,48446,344256.2,444159.7,1411797,45335.02,117953.2,442724,365522.8,438190.5,98758.7,132433.3,144657.7,204129.3,96365.85,167886.7,143894.9,139096.1,158877.4,120420.7,157516.4,133137.8,122004.7,1415811,19104.82,17146.13,118555.5,229817.9,161.16,1243683,4453389,36901.69,748229.3,682325.5,43386.72,55688.9
Scenario 2,638,3,Bull Market,38,TRADING,158483.2,244214,152907,285090.8,783334,546082,238582.9,551416.4,750605.8,962217.8,465290.5,289084,2366442,29275.23,390015.4,48564.67,344708.6,444124.4,1411421,45290.45,117835.1,442047,365366.8,439109.2,98811.65,132394.2,144178,204554.8,96252.59,167854.4,144128.3,139424.8,158948.5,120644.7,157616.6,133142.1,122052.4,1415652,19115.58,17130.35,118259.8,229532.5,161.69,1243835,4457048,36873.52,749345.4,681854.8,43372.18,55762.01
Scenario 2,639,3,Bull Market,39,TRADING,158486.6,243670.7,152920,284980.8,784353.5,544497.3,238949.1,551803.6,751540.8,962546.3,465303.2,289129.3,2366461,29236.68,389007.9,48691.55,345464.6,444068.5,1411100,45215.73,117671.4,441738.9,365634.7,439587.6,98949.47,132409.4,143963,204884.8,96173.53,167889.4,144342.4,139794.2,158959.5,120946.9,157747,133111.1,122238.5,1415774,19122.82,17109.86,117997.1,229247,162.21,1244280,4459462,36897.15,750324.9,680958.5,43381.8,55842.67
Scenario 2,640,3,Bull Market,40,TRADING,158514.7,243242.3,152977,285128,783916.6,543174.7,238993.8,552721.4,751864.9,962690.7,465397,289016,2367258,29223.08,388124.7,48842.76,346313.2,443993.4,1411393,45219.7,117547,441693.4,365907.7,440335.9,99020.74,132458.7,143774.2,205226.7,96174.45,167917.5,144623.7,140116.1,159025.2,121258.7,157908.5,133094.3,122350.3,1415659,19125.43,17106.37,117766.6,228855.6,162.57,1244038,4469372,36933.39,751083.1,680643.7,43367.54,55946.62
Scenario 2,641,3,Bull Market,41,TRADING,158485.2,242854,152918.1,285212.5,784904,541942,239066.4,553231,752137.3,962972.4,465325.5,289039.8,2368068,29158.15,387203.1,48948.68,347110.1,443981,1411451,45215.82,117622.7,441612.8,365600.2,440837,99105.59,132472.7,143402.5,205561.8,96094.45,167914.3,144902.4,140441.9,159090,121542.5,157963.7,133092.5,122411.3,1415400,19110,17103.79,117499.4,228518.9,163.13,1244138,4477922,36909.32,750850.4,680450.3,43373.67,56019.73
Scenario 2,642,3,Bull Market,42,TRADING,158532.2,242224.4,152940.2,285327.1,786292.2,541081.2,239025.3,553970.6,752746.5,963247.5,465319.9,289113.1,2369387,29152.32,386417.5,49070.56,347672.5,443957.1,1411044,45137.58,117493.8,441304,365688.7,441684,99196.05,132419.8,143419.7,205932.8,95984.68,167900.1,145093.9,140740.6,159258.6,121868.1,158123.4,133084.6,122440.7,1415137,19095.48,17119.17,117190.1,228214.7,163.64,1244280,4487430,36956.29,751172.7,680294.3,43366.7,56104.09
Scenario 2,643,3,Bull Market,43,TRADING,158524,241701.1,152987.1,285327.3,787771.7,539855.9,239633,554438,753605.5,963870.7,465372.6,289148.2,2369092,29099.89,385492.2,49202.9,347923,443856.8,1411028,45144.55,117401.9,440304.9,365581.6,442046.7,99222.22,132492.3,143036.9,206204,95835.49,167868.5,145378.9,141063.3,159449.4,122157.7,158237.1,133089.2,122611.4,1414980,19102.19,17120.12,116992.2,227960,164.02,1243934,4491517,36960.7,751442.1,679067.5,43365.56,56162.31
Scenario 2,644,3,Bull Market,44,TRADING,158490.1,241233.9,153001.5,285291.1,788534,538036.7,239946.3,555266.9,753924,963930,465485.7,289092,2369409,29077.94,384585.3,49331.58,348545.4,443836.5,1411069,45118.55,117163.7,440293.2,365477.3,442437.3,99318.96,132483.2,142746.2,206501.7,95823.22,167892.6,145668.6,141370.2,159441,122468.2,158298.1,133108.8,122648.4,1414745,19087.72,17116.35,116792.4,227755.3,164.38,1243125,4493543,36978.53,752523.9,678693.1,43352.78,56231.17
Scenario 2,645,3,Bull Market,45,TRADING,158501,240977,152976.9,285240.6,790457.9,537037,240184,556511.8,754061.7,965132.2,465645.4,289010.1,2370974,29049.68,383868.8,49426.69,349317.6,443809.6,1411536,45057.84,117078.8,440100.4,365560,443044.7,99452.03,132504.6,142343,206773.9,95661.4,167951,145945.1,141693.8,159386.9,122789,158633,133092,122712.2,1414761,19090.29,17120.72,116544.7,227411.3,164.72,1242803,4502345,37030.84,751491.1,678215.3,43352.41,56316.48
Scenario 2,646,3,Bull Market,46,TRADING,158442.4,240544.9,152945.4,285149.1,791709.2,535502.6,240292,557162.6,754207.1,966053,465789.2,289069.5,2371815,29009.07,382935.2,49529.35,349807.2,443884.4,1411792,45057.26,116985.9,439333.3,365104.1,443817.1,99479.82,132528.1,142223.8,207034.9,95676.99,167894.5,146218.2,142024,159433.2,123082.1,158908.6,133131.5,122923.7,1414765,19082.16,17097.79,116280.5,227173.6,165.24,1243102,4512817,37058.07,751475.3,677027.1,43351.93,56377.05
Scenario 2,647,3,Bull Market,47,TRADING,158423.3,239969.2,152988.2,285081.9,793017,533932.7,240793.7,557838.4,754139.2,966503.1,465839.6,288976.9,2373376,28983.76,382191.3,49650.74,350221.2,443947.7,1412063,45025.03,116779.1,438726.9,365052.8,444573.8,99604.77,132543.3,141954.6,207327.2,95546,167892.3,146500.2,142394.8,159396.9,123433.4,159018.4,133126.9,122944.1,1414624,19082.03,17083.57,115996.7,226784.9,165.53,1243446,4526033,37075.63,752945.7,676324.4,43344.63,56470.17
Scenario 2,648,3,Bull Market,48,TRADING,158400.8,239544.9,153018.2,285070.2,793626.6,532588.4,240968,558515.5,754346.4,967055,466003.3,288937.7,2373266,28942.66,381553.4,49773.88,350914.5,443889.6,1412157,44941.62,116691.3,437757.3,364329.5,445045.7,99670.45,132527.4,141563.3,207575.9,95432.56,167922.8,146780.8,142705.1,159446.6,123792.8,159185.8,133149.7,122955.6,1414582,19083.44,17072.58,115725.9,226468.6,165.91,1243754,4529450,37082.66,752957.3,676001.7,43333.83,56558.32
Scenario 2,649,3,Bull Market,49,TRADING,158378.2,239127.6,153059.6,285240.9,794955.3,531422.9,241225.3,559543.8,754646.4,967390.9,466039.3,288826.6,2372901,28911.37,380727.1,49906.06,351454.5,443788.6,1412020,44958.09,116526.9,436913.4,364420.9,445236.2,99731.94,132528.2,141145.2,207902.6,95305.72,167962.7,147037.7,143074.3,159379.8,124154.6,159387.7,133156.3,123068.2,1413913,19074.07,17073.08,115474.6,226049.6,166.28,1243050,4531576,37123.28,753249.7,676166.1,43326.97,56648.73
Scenario 2,650,3,Bull Market,50,TRADING,158381.2,238655.9,153069,285153.6,795962.1,529935.7,241671.4,559589.9,755548.7,968559.4,466097.3,288674.1,2373071,28867.47,379907.1,50023.18,351792.2,443769.2,1411381,44885.85,116319.9,436653.1,364626.6,445326.2,99806.87,132574.4,140892.4,208148.1,95199.13,167997,147360.8,143400,159368.8,124472.2,159537.2,133154.8,123300.2,1414173,19060.99,17088.12,115178.6,225792,166.69,1243001,4537629,37164.74,754672,675674.7,43333.96,56724.19
Scenario 2,651,3,Bull Market,51,TRADING,158369.4,238188.2,153010.3,285199.8,796488.8,528763.6,242473.5,560031.6,756643.7,968895.4,466260,288744.6,2373676,28806.27,378987.8,50136.94,352390.5,443633.2,1412147,44884.68,116090.4,436143.5,364651.4,445958,99870.7,132606.9,140701.2,208512.6,95046.97,168002,147690.4,143696.2,159407.1,124813.2,159785.1,133153.2,123477.1,1414186,19023.58,17061.03,114969.6,225443.1,167.15,1243214,4544032,37246.38,755874.9,675622.6,43337.42,56775.14
Scenario 2,652,3,Bull Market,52,TRADING,158386.4,237680.6,153036.6,285189.2,797821,527761.4,242632.7,560778.6,757289.1,969286.4,466244.4,288740.9,2372987,28761.66,378244.4,50258.98,352470.8,443572.6,1412573,44845.11,116011.4,435831.3,364275,445931,100054,132604.4,140341.7,208806.7,94902.59,168028.8,147923.9,143987.1,159543.9,125154,159874.9,133159.9,123652.6,1413708,19004.02,17049.65,114713.3,225140.7,167.68,1243922,4554629,37310.42,756556.3,674589.4,43330.06,56835.3
Scenario 2,653,3,Bull Market,53,TRADING,158388.4,237075.1,153066.7,285092,799811.8,526479.1,242501.6,561456.4,757844.2,969163.6,466251.7,288669.5,2374281,28745.93,377472.5,50384.98,352797.5,443433.1,1413316,44791.35,115956,435811.2,364539.6,445935.5,100091.2,132643.9,140220.5,209148.1,94797.04,167964.3,148211.7,144349.3,159715,125477.2,160251.4,133184.6,123655.9,1413074,18946.02,17047.66,114413.3,224732.7,167.98,1243043,4555895,37355.43,757007.8,673929.7,43328.1,56901.85
Scenario 2,654,3,Bull Market,54,TRADING,158381.2,236471.2,153090.1,285060.6,800653.9,525528,242654.9,561489.5,758079.9,969112.2,466197.4,288744.6,2374902,28654.41,376657.7,50492.86,353261.5,443303.7,1413902,44728.87,115809.5,435587.9,364867.3,446167.9,100111,132667.6,140094.5,209376,94745.19,167938.2,148407,144689.4,159754.5,125808.6,160565.2,133196.7,123635.9,1412912,18910,17061.52,114170.2,224324.3,168.56,1242880,4562044,37358.94,757853.8,673495.1,43322.85,56979.99
Scenario 2,655,3,Bull Market,55,TRADING,158428.1,236040.9,153051.1,285203.9,801501.9,524446.4,243077.3,562050.6,758763.8,969807.2,466171.4,288636.2,2374716,28648.14,376087.8,50616.17,353484.4,443388.3,1413393,44684.04,115769.7,434705.7,364811.3,446490.6,100205.1,132738.8,139918.6,209522.6,94660.01,167919.4,148625.3,145057.5,159804,126159.7,160616.7,133176.5,123760.2,1412860,18899.99,17066.87,113881.2,223979.9,169.12,1242390,4566787,37374.42,758187.4,673790.6,43316.2,57053.66
Scenario 2,656,3,Bull Market,56,TRADING,158433.9,235508.7,153057.5,285086.3,802831.2,523198.2,243488.4,562800.6,759048.3,969887.1,466308.3,288800.7,2373184,28640.13,375275,50721.92,353835,443408.6,1413670,44657.21,115592.3,433924.6,364783.7,447013.5,100296.4,132762,139704.3,209852.6,94624.28,167904.9,148893.3,145331.8,159959.7,126515.5,160770.3,133175,123755,1412946,18900.44,17045.62,113620.8,223661.9,169.51,1242858,4570271,37385.49,759554.3,673754.5,43314.85,57118.75
Scenario 2,657,3,Bull Market,57,TRADING,158427.6,234974.8,153044,285071.8,802994.8,521671.3,243508.4,563225.7,758971.1,970124.6,466311.1,288810.2,2373733,28597.44,374546.2,50854.11,354384.1,443223.5,1413538,44628.83,115500.6,433902.6,365157.7,447795.3,100354,132729.5,139472.4,210130.1,94576.02,167907.1,149130,145686.3,160032.8,126921.1,160838.4,133159.2,123883.5,1413116,18946.54,17030.86,113382.3,223366.4,169.81,1242895,4576264,37426.74,760425.8,673279.1,43311.5,57202.27
Scenario 2,658,3,Bull Market,58,TRADING,158424.8,234688.2,153105.6,284975.1,804838.3,520385,244034.5,563703.4,759795.5,970044.6,466176.6,288792.8,2374481,28581.45,373788.4,50973.78,354780,443159.3,1413798,44666.31,115370.2,433306.7,365143.2,448617.6,100527.8,132760.1,139211.1,210333.7,94604.43,167921.3,149469.2,145972.3,159996.3,127297.1,161179.4,133146.6,123944.7,1413341,18945.16,17040.51,113029.5,222911.5,170.33,1243320,4583360,37483.02,760712.5,672401.7,43311.98,57281.92
Scenario 2,659,3,Bull Market,59,TRADING,158420.2,234195.3,153096.4,285033,805539.5,519150.7,244251.9,564790.3,760337.1,969918.7,466412.8,288816.8,2374151,28504.21,372871.1,51084.27,355161.5,443137.6,1413125,44701.49,115339.5,432689.6,365156.4,449088.1,100684.1,132745.7,139020.5,210661.5,94496.15,167947.5,149740.3,146272,160166.4,127650.7,161407.5,133148.3,124075.2,1413018,18917.69,17034.87,112754.2,222630.1,170.72,1243297,4587320,37522.92,761953.3,671839.3,43315.54,57366.12
Scenario 2,660,3,Bull Market,60,TRADING,158419.9,233646.7,153065.8,284890.9,806651.5,518100.7,244333.6,565570.4,760767.8,970529.1,466422.1,288805.1,2374575,28489.65,372074.3,51224.97,355790.4,443101.8,1413461,44681.29,115211.4,431823.2,365719,449676.2,100813,132743.7,139035.5,211005,94411.86,167948.2,149920.7,146528.6,160226.1,128037.1,161563.3,133169.5,124308.1,1412924,18922.12,17026.36,112437.9,222287.9,171.28,1243188,4592454,37536.71,764138.7,671460,43306.7,57453.63
Scenario 2,661,3,Bull Market,61,TRADING,158425.8,233198.6,153036.9,284807.7,807455.3,516721.2,244737.5,566248.7,761218.8,971064.5,466507.4,288689.3,2375871,28483.16,371371.8,51346.95,356436.4,443094.5,1412988,44655.5,115057.7,431211.5,365734.7,450491.4,100859.2,132729.3,138865.4,211287.6,94270.26,167957.1,150151.5,146838.8,160303.7,128332.6,161598.6,133171.3,124424.3,1412181,18890.01,17012.3,112246,222091.3,171.66,1243458,4597540,37597.18,764237.5,670774.1,43298.58,57541.57
Scenario 2,662,3,Bull Market,62,TRADING,158412.9,232835,153035.2,284999.5,807676.3,515299.1,244973.4,566425.2,762044.2,971430.3,466610.2,288847.2,2374697,28470.51,370639.6,51461.27,356922.4,443186.5,1412965,44622.9,115003,431013.5,365740.6,450999.6,100946.2,132700.4,138616.9,211576.4,94162.09,167980.3,150381.7,147213.9,160375.9,128616.5,161642.1,133162.6,124528.4,1411775,18853.87,17009.37,111929.4,221872.7,172.08,1243529,4603956,37617.22,764585.3,671100.4,43293.16,57581.76
Scenario 2,663,3,Bull Market,63,TRADING,158408.1,232454.5,153026.4,285085,808343.5,514157,245141.8,566814.7,762444.1,972089.9,466607.4,288874.6,2374741,28396.31,369879.3,51563.6,357137,443326.2,1412568,44558.71,114930,430904.8,365651.2,451556,101010.1,132753.4,138454.6,211983.3,94065.76,167983.3,150648.8,147477.2,160407.3,129006.1,162004,133132.4,124615.1,1411722,18827.23,17006.8,111602.3,221616,172.61,1243398,4604329,37671.45,766191.9,671039.9,43290.99,57637.56
Scenario 2,664,3,Bull Market,64,TRADING,158388.2,232070.6,153030.6,284946.9,809803.5,512905.1,245381.1,567304.8,763358.9,972309.3,466530.3,288756.4,2373041,28324.23,368973.9,51685.74,357275.6,443349.8,1412453,44599.6,114737.6,430506,365564,452520.9,101234.7,132747.5,138364.5,212357.2,93970.88,167942.2,150877,147738.7,160482.5,129371.8,162212.5,133167.3,124587.3,1411732,18831.53,16986.13,111322.2,221313.9,172.94,1243209,4610978,37716.58,766857.8,670832,43293.79,57688.68
Scenario 2,665,3,Bull Market,65,TRADING,158410.5,231670.5,153072.2,284880.6,810828.1,514556.7,245442.9,568122.2,763786.4,973305.9,466506.2,288632.1,2372636,28268.62,368160.2,51817.03,357817.9,443297.9,1413481,44592.85,114735.3,430187.9,365399.6,452599.2,101319.2,132777.4,138220.9,212650.1,93801.29,167979.4,151087.3,148040.5,160433.5,129738.3,162463.8,133202.8,124437.9,1411542,18785.56,16985.9,111065,220981.7,173.52,1243318,4616131,37745.82,768638.3,670728.9,43285.66,57777.11
Scenario 2,666,3,Bull Market,66,TRADING,158382.4,231133.6,152976.1,285027.5,812864.5,516263.1,245470.8,568319.9,764736.4,973463.7,466576.8,288596.9,2373975,28241.23,367426.8,51937.33,358324.1,443371.3,1413662,44561.39,114649.4,429557.7,365273.3,452864.5,101391.3,132783.9,137871.3,212969.6,93609.58,167994.6,151374.3,148392.1,160372.9,130067.6,162695.2,133189.6,124749.1,1411801,18763.55,16985.06,110762.1,220440.8,173.92,1242615,4619937,37772.79,769707.1,670336.1,43289.7,57848.69
Scenario 2,667,3,Bull Market,67,TRADING,158399.3,230466.6,152979.8,285095.4,813904.8,517532.5,245636.6,568892.3,765483.3,973914.3,466579,288565,2371669,28202.68,366527.3,52071.05,358829.4,443327.3,1413413,44509.7,114498,429473.8,364988.4,453148.5,101515.8,132806.4,137729.2,213253,93528.01,167999.6,151594.1,148728.4,160535.2,130377.7,162545.6,133176.8,124775.1,1411606,18728.82,16977.56,110516.6,220071.7,174.44,1242206,4623442,37814.55,771119.7,670064.7,43281.22,57910.43
Scenario 2,668,3,Bull Market,68,TRADING,158419.3,230068.7,152861.6,285026.6,814101.7,518916.2,245823,570018.5,765816.6,974615.7,466649.2,288443.4,2370851,28142.76,365661.8,52225.81,359466.5,443308.8,1413192,44448.11,114240.1,428917.4,364988.4,453490.8,101561.7,132777,137437.7,213549.3,93500.37,167978.9,151872.3,149120.7,160544.5,130739.4,162830.7,133164.2,125060.6,1411111,18681.46,16985.49,110259.4,219853.6,174.87,1242667,4630096,37889.12,771370.3,669588.8,43287.57,58016.87
Scenario 2,669,3,Bull Market,69,TRADING,158461.2,229492.8,152876.3,284957.3,814282,520710.7,246086.6,570471.7,766345.7,974446.6,466653.8,288420.4,2373508,28116.78,364870.1,52313.25,359691.6,443395.1,1412402,44483.12,114156.9,428057.1,364864.2,453825.4,101722.5,132770.1,137385.2,213769.9,93310.85,167959.4,152110.6,149471.9,160533.9,131180.9,163132.3,133158.3,125065.3,1411210,18653.76,16986.45,110009.7,219735,175.23,1243012,4635814,37927.65,771043.2,669171,43279.78,58132.11
Scenario 2,670,3,Bull Market,70,TRADING,158453.6,229156.2,152854.7,284873.6,814359.7,522176.2,246256.9,571318.9,766607.9,974674.8,466650.7,288484.1,2373558,28102.71,364140.1,52428.14,360008.1,443423.6,1412174,44528.46,114157.3,428014.2,364732.3,454150.3,101773.7,132725.4,137100.3,214088,93267.76,167930.1,152384.6,149752.5,160586.9,131469.1,163335.9,133162.3,125135.5,1411264,18628.14,16977.3,109691,219481.5,175.7,1242732,4643346,37948.64,770948,668885.3,43277.38,58188.41
Scenario 2,671,3,Bull Market,71,TRADING,158431.7,228791.1,152878.7,284816.9,814341.3,524098.9,246677,572038.6,766857,974674.7,466730.2,288417.6,2374239,28037.49,363203.7,52558.53,360582.3,443301.3,1412428,44506.39,113986.9,427580,364721.4,454835.5,101883.8,132744.8,136819.8,214374.6,93236.17,167914.7,152695.7,150121.2,160471.2,131844.5,163510.4,133169,125401.9,1410965,18606.41,16981.52,109380.2,219274.4,176.25,1243039,4647553,37986.24,771608.2,668512.2,43275.16,58278.83
Scenario 2,672,3,Bull Market,72,TRADING,158413.8,228222.7,152938.5,284891.9,815602.7,525823.1,246778.2,571910.4,764935.8,974921.8,466637.1,288310.7,2374657,27990.37,362307.1,52701.02,361425.7,443286.2,1412450,44560.65,113737.7,426838.9,364810.8,455440.2,101920.7,132766.5,136658.1,214714.8,93196.43,167922.9,152876.5,150491.4,160397,132228.9,163592.7,133169.9,125630.5,1410820,18554.25,17003.73,109079.9,218874.9,176.69,1242975,4653135,38039.94,772255.7,669137.8,43275.4,58361.2
Scenario 2,673,3,Bull Market,73,TRADING,158408.9,228593.6,152933,284875.2,817024.5,527491.1,246887.6,571472.9,763560.2,974302.8,466699.8,288255.5,2373639,27978.28,361383.2,52833.34,362072.4,443310.9,1412653,44677.39,113528.9,426843.6,364569.7,456056.8,101945.9,132805.1,136344.9,215017.8,93145.72,167964.4,153170,150820.7,160253.3,132548.7,163764.1,133180.2,125855.4,1411232,18509.61,16998.68,108848.4,218539.8,177.02,1243544,4654759,38058.93,773102.8,669466.1,43284.73,58463.38
Scenario 2,674,3,Bull Market,74,TRADING,158423,229280.2,152802.3,284883.1,818442.7,529450.3,246693.3,570880.8,761772.8,974105.8,466458.6,288225.2,2374593,27926.82,360360.1,52930.11,362471.2,443267.1,1413344,44750.03,113499.2,426054.7,364476.7,456855,102060.7,132881.5,136298.2,215372.9,92982.97,167997.4,153456.8,151106,160140.1,132944.1,163821.4,133186.3,125942.8,1411495,18504.39,16991.84,108549.3,218310.5,177.56,1244053,4661272,38157.33,774633.2,669783.6,43294.36,58546.43
Scenario 2,675,3,Bull Market,75,TRADING,158428.2,229893.2,152787.1,284783.4,819143,530941.3,246537.9,569769.3,761103.8,974009,466505.7,288284,2374835,27883.7,359699.4,53044.15,362896.3,443334.2,1412896,44860.47,113467.7,425329.8,364222.4,457535.2,102129.8,132944.8,135941.9,215628.9,92998.5,168001.7,153745.9,151468.3,159919.8,133308.9,164029.1,133214.2,126147.5,1411533,18475.26,17007.31,108252,218026.4,178.05,1244248,4670505,38214.66,776312.3,669847.9,43296.83,58644.75
Scenario 2,676,3,Bull Market,76,TRADING,158429,230430.5,152736.4,284786.2,820168.6,532917.9,246519.9,569154.8,759574.5,974740.5,466468.9,288373.5,2374391,27836.11,358817,53168.05,363514.2,443424,1413326,44929.71,113340.2,424663.8,364462.2,458380.4,102245.5,132993.4,135890.6,215969.9,92857.33,167995.9,154004.7,151881.4,159820.3,133655.1,164106.3,133207,126311.2,1411499,18453.04,17002.21,108024,217720.9,178.58,1244659,4676106,38290.29,775223,670633.7,43302.56,58701.29
Scenario 2,677,3,Bull Market,77,TRADING,158444.3,231133.1,152701.3,284635.7,820705.3,534597,246680.5,568589.7,758297.4,974542.2,466459.8,288218,2373899,27838.25,358052.4,53277,363631.2,443398.4,1413038,45001.11,113242,424220.6,364395.8,459422.3,102310.7,132954.1,135944.3,216214.6,92762.43,168035,154220.7,152238.7,159578.5,134028.4,164063,133205.8,126253,1410937,18437.37,17021.75,107782.8,217393.4,178.9,1244726,4682599,38345.02,774633.7,671235.9,43310.32,58807.61
Scenario 2,678,3,Bull Market,78,TRADING,158454,231704.2,152723.4,284690.3,821393.8,536222.5,246974.5,567927.7,756924.3,974803.8,466773.3,288280.8,2374134,27797.82,357290.4,53411.74,364195.6,443293.8,1412648,45016.15,113133.2,424225.1,364549.5,459725.2,102429,132951.3,135915.1,216515.2,92579.93,168048.9,154414,152585.3,159225.3,134420,164245,133176.7,126424.5,1410641,18405.64,17028.05,107503.1,216974.5,179.34,1245013,4690649,38318.12,774691.4,671686.8,43316.07,58879.34
Scenario 2,679,3,Bull Market,79,TRADING,158453.8,232340,152723.9,284821.4,822360.2,537899.1,246866.4,567164.2,755234.6,974114.1,466744.4,288251.5,2372851,27792.4,356289.7,53529.96,364616.7,443334.1,1412554,45079.78,113057,423435.1,364694.2,460693,102546.2,133025.6,135607.9,216850.2,92375.58,168031,154724.4,152906.6,159113.7,134721,164440.1,133165.7,126626.3,1410415,18387.39,17037.5,107254.7,216507.2,179.78,1244808,4696673,38391.52,775520.8,671700.2,43328.9,58945.34
Scenario 2,680,3,Bull Market,80,TRADING,158458,232967.2,152694.6,284755.3,822492,539377.5,247010.2,566584.2,753711.4,974216.3,466657.1,288237.8,2372924,27759.48,355544.2,53654.13,365155.2,443295,1412085,45132.18,112909.3,423205.3,365227.4,460660,102573.5,132990,135344.9,217138.3,92287.89,167995.6,154943.5,153249.9,159101.2,135008.9,164628,133121.5,126654,1410479,18387.73,17036.57,106957.6,216067.3,180.07,1245116,4703980,38396.32,775284.3,672335.9,43322.05,59059.58
Scenario 2,681,3,Bull Market,81,TRADING,158442.2,233562.7,152670.8,284836.9,823282.3,541044.9,247253.7,566147.3,752106.5,974320.2,466911,288193.1,2374335,27731.86,354807.3,53774.98,365570.7,443328.9,1411936,45189.23,112686.5,423399.4,364980.4,461478,102605.7,132964.1,134956.4,217437.8,92072.95,168034.4,155149.3,153497.8,159052.1,135362.8,164744.6,133108.9,126754.5,1410807,18371.01,17028.46,106687.2,215755.7,180.51,1245154,4705866,38459.99,777674.8,672509.7,43314.8,59100.19
Scenario 2,682,3,Bull Market,82,TRADING,158451.4,234239.6,152676.5,284775.4,823066.9,542831.4,247431.1,565377,750235.8,974746.4,467147.7,288198.6,2375401,27703.74,354070,53874.53,366052.5,443260.2,1412260,45276.67,112557.4,422657.8,364758.3,462009.3,102656,132897,134715.8,217768,91791.12,168066.4,155379,153976.2,158990.3,135730.8,164914.7,133086.4,126871.7,1410506,18342.79,17021.65,106460.9,215499.6,180.94,1245446,4711694,38502.5,778494.3,673655.2,43322.2,59219.49
Scenario 2,683,3,Bull Market,83,TRADING,158490.9,234875.4,152661.5,284768.8,823637.1,544014.8,247602.6,564565.2,748513.4,974689.1,466947.4,288252.2,2375811,27672.64,353172.4,53988.71,366740.8,443346.5,1412882,45353.69,112416.2,422090.8,364701.7,462855,102766.4,132972.3,134595,217999.3,91599.85,168035.6,155632.5,154252.8,158915.1,136065.3,165208.8,133064.3,126896.6,1410564,18335.27,17020.47,106144.4,215204.1,181.37,1245565,4720548,38523.79,778661.2,673790.6,43323.85,59316.3
Scenario 2,684,3,Bull Market,84,TRADING,158488.3,235408.3,152653.6,284704.2,825689.6,546014.6,247542.5,564075,747234.3,974540.7,467114.4,288252,2376750,27624.88,352502.2,54096.16,366965,443163.7,1412477,45383.94,112342.1,421826.2,364570,463431.2,102844.8,132958.2,134434,218304.4,91502.65,168060.3,155886.5,154512.7,158837.7,136416.9,165497.9,133109.1,127254.9,1410639,18317.55,17044.57,105848.3,214981.4,181.96,1246178,4722998,38601.85,779774.2,674747.9,43319.39,59413.15
Scenario 2,685,3,Bull Market,85,TRADING,158486,235811.5,152583.3,284651.2,827078.7,547911.4,247774.2,562965.5,745450.7,973691.6,467178.2,288477.7,2376051,27623.83,351858.1,54201.9,367206.4,443196.2,1413340,45443.08,112263.8,421340.2,364926.4,463632.5,102973,133030.4,134158.7,218636.5,91364.86,168042,156144.4,154881.9,158650,136739.9,165701.3,133121.8,127682.3,1410682,18272.39,17049.7,105610.4,214788.5,182.29,1246033,4722710,38655.1,780548.2,675645.5,43331.24,59477.63
Scenario 2,686,3,Bull Market,86,TRADING,158474.5,236337.2,152546.7,284644.1,828422.4,549813.3,247801,562409.5,743825,973915,467018.8,288339.2,2374822,27578.32,350956.1,54325.86,367059.8,443133.9,1413556,45598.93,112111.1,420830.7,364522.4,463751.1,103022.9,133011.1,134011.5,218913.2,91263.72,168010.1,156400.9,155224.6,158594.2,137050.9,165842.3,133125.6,127815.9,1410403,18250.72,17050.81,105407.2,214432,182.83,1245930,4727712,38740.76,781287.6,676669.2,43327.4,59556.54
Scenario 2,687,3,Bull Market,87,TRADING,158442.4,236863.5,152568.1,284553.2,830323.5,551922.5,247945.2,561702.1,742645,973861.2,466930.1,288417,2375372,27532.14,350233.3,54437.06,367454.6,443187.5,1413803,45681.56,112000.4,420038.1,364589.5,464246.1,103103.6,133036.3,133635.5,219233.2,91164.3,168014.8,156691.6,155501,158515,137443.2,165906.6,133141.8,128092.6,1410533,18248.72,17045.19,105152.2,214074.5,183.33,1245690,4735844,38767.87,782077.7,677334,43316.11,59613.05
Scenario 2,688,3,Bull Market,88,TRADING,158460.2,237384.9,152560.4,284555.3,830693.3,553688.1,247963.2,561041.6,741052.6,974005.4,466863.8,288347.5,2375299,27521.19,349530.6,54557.82,367563.8,443202.7,1413660,45753.6,111871,419896.4,364375.9,464562.5,103152.5,133069.4,133626.9,219507,91057.41,167997.4,156922.4,155786.7,158433.2,137703.3,166102.4,133134.2,128319.5,1410646,18227.37,17044.39,104833.4,213738.6,183.66,1245701,4739948,38804.3,782888.7,678076.8,43325.99,59682.88
Scenario 2,689,3,Bull Market,89,TRADING,158464.8,238087.3,152538.2,284665.1,831888.8,555344,248089.6,560326,739608,974503.8,466877.9,288340,2375860,27489.06,348853.4,54667.53,367928.4,443246.2,1413299,45772.08,111745.2,419352.7,364296,465521.2,103294.8,133059.1,133231.1,219804.8,90906.49,168037.7,157196.7,156070.9,158391.1,138175,166132.9,133141.8,128430.7,1410018,18185.72,17026.61,104583.5,213491.4,184.03,1245950,4744071,38874.19,782888.4,678757.4,43326.84,59794.3
Scenario 2,690,3,Bull Market,90,TRADING,158479.2,238830.2,152551.4,284663.8,833168.3,557192.4,248162.8,559810.5,738240.4,974639.9,467132,288333.8,2376018,27439.97,347998.8,54799.89,368284.5,443130.3,1413462,45831.4,111699.8,418629.5,364583.7,465844.1,103381.9,133089.1,132832.3,220164.5,90684.6,168061.1,157431.7,156435.2,158240.5,138552.2,166179.5,133105.5,128539.5,1409382,18151.66,17032.1,104376.7,213184.9,184.34,1246020,4751015,38906.96,783835.8,679036.2,43318.79,59847.12
Scenario 2,691,3,Bull Market,91,TRADING,158479.3,239512.3,152617.3,284540.6,834417.8,558793.3,248055.4,559478.2,737051.2,975205.9,467144.1,288265.6,2375487,27440.85,347257.3,54939.93,369255.8,443085.1,1412657,45922.28,111510.8,418669,364004.7,465952.3,103459.3,133092.8,132650.1,220521.1,90499.5,168065.7,157688.6,156773,158351.3,138854.4,166190.3,133079.5,128589.7,1409309,18167.95,17049.78,104136.7,212902.4,184.69,1246527,4756555,39001.78,784609.4,679787.1,43313.03,59925.46
Scenario 2,692,3,Bull Market,92,TRADING,158509.8,240172.5,152607.3,284513.6,834305,560518.8,248233.1,559161.2,736224.8,976051.7,467141.3,288191.6,2376140,27552.66,346631.5,55048.03,368761,443018.1,1412803,46031.32,111820,419668.8,364304.7,465389.3,103399.4,133119.3,133128,220881.9,90784.2,168050,157934,157071.5,158121.8,139241.8,165987.7,133063.5,128205.4,1409056,18149.87,17040.64,103805.1,212501.8,185.04,1246619,4749784,38917.62,782286.6,680865,43324.79,59984.92
Scenario 2,693,3,Bull Market,93,TRADING,158461.7,240768.1,152583.9,284406,832442.1,562475.8,248334.5,558610.3,734717.9,976048.1,467083.2,288051.5,2376118,27641.16,345834.3,55158.57,368312,442959,1412930,46113.86,112129.2,420055.3,364861.7,464527.2,103125.7,133176.6,133458.8,221103.9,90944.33,168054.8,158144.1,157375.6,158029.3,139649.1,165663.2,133065.3,127970.8,1408842,18176.69,17049.17,103497.8,212130.9,185.5,1247531,4740351,38861.16,781201,682154.5,43319.58,60060.03
Scenario 2,694,3,Bull Market,94,TRADING,158469.5,241367.3,152579.4,284267.8,831753.5,564211.2,248405.1,557857.1,733056.6,975660.9,467133.2,288070.2,2376910,27678.86,344992.4,55282.43,367489.4,443061.2,1413034,46189.81,112386.1,420831.8,364639.7,464253,103027,133161.5,133904.8,221405.6,91186.34,168125.1,158432.4,157640.9,157992.1,140287.6,165601.7,133086.4,127664.8,1408591,18202.03,17035.3,103243.3,211735.7,185.85,1246978,4729700,38848.24,779831.3,683188.2,43322.91,60108.54
Scenario 2,695,3,Bull Market,95,TRADING,158475,242004.6,152536.9,284172.3,830973.3,565703.7,248301.1,556503,732209.8,976322.5,467104.1,288095.6,2378243,27751.23,344110.5,55407.47,367486.3,443067.5,1413379,46271.24,112627,421913.2,364719.1,463262,102864.4,133151.9,134137.7,221680.9,91344.34,168098.9,158750,158038.1,157852.2,139933.9,165370.5,133045.8,127425.4,1408617,18211.76,17046.37,102912.5,211442.2,186.36,1247408,4722830,38830.1,779340.7,683388.9,43318.99,60171.35
Scenario 2,696,3,Bull Market,96,TRADING,158457.2,242526.3,152488.4,284024.3,830633.1,566834.2,248362.7,555460.3,730906.8,976389.1,466902.5,287921.3,2378064,27762.6,343248.5,55534.27,366812.7,442966.8,1413269,46340.1,112802,422753.7,364344.2,462130.8,102736.1,133143.5,134476.3,222016,91437.68,168087.2,158966.8,158317.8,157691.3,139655,165357.5,133080.8,127063.5,1408939,18254.12,17059.12,102629.8,212295.2,186.76,1247981,4713825,38811.13,777270.8,684258,43313.78,60235.28
Scenario 2,697,3,Bull Market,97,TRADING,158433.8,243282.2,152408.9,283860.1,831048.7,568524.2,248293.5,554530.2,729384.6,976451.9,467065.7,287874.2,2378210,27833.17,342511.4,55650.22,365865.8,442946.2,1412844,46400.31,112978.8,423160.2,364179.7,461272.6,102652.5,133237.7,134878.3,222327.8,91637.72,168060.1,159240.9,158605.5,157598.1,139499.8,165279,133127.3,126920.9,1408807,18254.79,17071.11,102346.7,213145.5,187.08,1247705,4705797,38766.17,777561.3,684552.4,43308.09,60341.11
Scenario 2,698,3,Bull Market,98,TRADING,158420.6,243903.5,152386.3,283725.7,829735.6,570521.9,248399.8,553941.5,728146.7,976206,466948.1,287911.1,2379137,27888.78,341837.3,55760.62,365382.1,442790.6,1412764,46470.44,113219.9,423886.5,364375.3,460673.1,102474.2,133277.9,135053.8,222678.1,91874,168008.8,159528,158956.2,157541.5,139456.5,165025.8,133130.3,126922.1,1408717,18279.74,17055.22,102104.7,213874.2,187.63,1248455,4697368,38721.96,777281.9,685153.7,43309.69,60422.76
Scenario 2,699,3,Bull Market,99,TRADING,158429.2,244631.7,152380.4,283588.8,827291.8,571857.7,248657.3,553003.2,727472.1,976716.9,467150.5,287878.6,2379012,28000.22,341012.2,55875.32,365047,442741.5,1412764,46578.84,113435,425181.4,363956.9,459967.1,102342.8,133318.7,135559.5,222995.2,92161.95,167981.4,159830.2,159280.7,157336.2,139195.5,164926.2,133147.8,126868.8,1408331,18324.79,17057.55,101846.1,214691.9,188.02,1248479,4695251,38633.05,776951.4,684923.7,43307.98,60519.96
Scenario 2,700,3,Bull Market,100,TRADING,158399.4,245401.3,152381.6,283625.5,825103,573426,248854.3,552521.3,726439.9,976957.8,467082.7,287822,2379226,28031.76,340184.4,56009.76,364249.5,442643.5,1413417,46611.68,113686.2,425885.2,364058.3,459237.2,102221.6,133324.8,135793.2,223334.2,92218.83,167997.7,160149.5,159571.8,157182.2,139028.1,164614.1,133179.9,126489.9,1408171,18339.59,17047.81,101603.3,215540.1,188.38,1249125,4687847,38563.41,775467.9,685931.6,43306.89,60614.93
Scenario 2,701,3,Bull Market,101,TRADING,158406.2,245980.8,152403.7,283425.7,823027,575103.2,248960.6,551917.6,725347.8,975897.4,467335.5,287911.1,2379418,28070.73,339468.7,56138.5,363624,442614.9,1413671,46719.41,113805.9,426471.5,364108,458690.1,102173.6,133279.1,135992.8,223739.2,92315.38,167982,160429.5,159833.7,157070.8,138862.3,164244.7,133193.8,126405.4,1408679,18376.22,17061.15,101268.2,216370,189.33,1249859,4682084,38499.56,774919.1,686738.8,43305.68,60705.23
Scenario 2,702,3,Bull Market,102,TRADING,158433.5,246396.2,152394.3,283494.4,821493.4,576951.6,249378.3,551503.9,723488.9,976351.1,467390.1,287855.6,2379330,28111.3,338806.7,56285.62,363194.2,442607.4,1414447,46831.22,113998.2,426775,363961.8,458061.2,102093.1,133298.4,136410,224000.5,92607.42,168055.8,160674.9,160163.9,156982.7,138818.3,163919.7,133163.6,126075,1408716,18443.3,17059.79,100948.8,217288,188.74,1250284,4665619,38457.98,773655.9,687241.5,43302.94,60774.6
Scenario 2,703,3,Bull Market,103,TRADING,158413.3,247039.5,152369.7,283398.7,819122.2,578826.8,249228.2,550714.6,722412.3,977088.1,467450.8,287784.3,2379976,28142.05,337966.7,56398.82,362618.6,442507,1414584,46923.82,114251.4,427654.6,363894.6,457040.8,101868.9,133306,136663.3,224317.2,92717.56,168119.5,161000.9,160465.4,156796.5,138702.9,163606.8,133155.4,125803.9,1408922,18475.7,17057.8,100628.1,218169.7,188.58,1249470,4658928,38478.35,772650.2,688152.6,43300.36,60854.05
Scenario 2,704,3,Bull Market,104,TRADING,158406.2,247574.2,152363.7,283404.3,817987.1,580148.9,249388.1,550090.2,721048.4,976829.6,467561,287691.3,2380059,28215.72,337364.9,56483.88,361941.1,442519.4,1414979,47022.56,114470.9,428523.2,364269.2,455909.8,101675.3,133322.2,137124.1,224666.7,92890.05,168096.4,161237.1,160819.1,156731.9,138431.3,163427.7,133139.2,125459,1408891,18496.91,17062.17,100354.2,218814.8,188.4,1248428,4648459,38457.08,772090.4,688616.8,43298.04,60924.3
Scenario 2,705,3,Bull Market,105,TRADING,158374.9,248280.2,152409.9,283370.2,816808.8,582069.3,249462.2,549969.5,720047.4,976932,467564,287809.8,2381489,28278.23,336491.5,56614.07,361329.6,442540.8,1415191,47127.1,114654.7,429537.8,364325.2,455159.1,101547.1,133321.6,137573.6,224961,93094.82,168069.6,161540.3,161141.9,156645.5,138130.5,163390.2,133113.3,125289.2,1408920,18502.55,17050.23,100098.2,219815,188.02,1248397,4640337,38450.35,771035,689861.4,43295.68,60997.03
Scenario 2,706,3,Bull Market,106,TRADING,158382.3,248883.5,152395.5,283295.2,814803.7,583670.5,249658.3,549476.2,718659.8,976688.4,467483.3,287817.8,2382131,28356.59,335676.2,56735.16,360349.2,442695.3,1414897,47212.62,114992,430878.2,364029.5,453807.8,101531.6,133342.8,137830.6,225330.4,93245.79,168079.2,161776.7,161542.6,156546.7,137955.1,163070.8,133096.7,124770.7,1408781,18519.88,17042.49,99798.21,220667.9,187.87,1247769,4632736,38367.75,769491.2,690499.3,43291.82,61087.58
Scenario 2,707,3,Bull Market,107,TRADING,158362,249366.4,152386.8,283292.5,814066.2,585723.8,249772.8,548804.5,717305.5,976618.9,467505.3,287691.4,2382105,28419.86,334935.1,56854.69,360023.9,442702.9,1415006,47321.47,115232.7,431127,363742.8,453680.5,101465.3,133330.2,138145.2,225610.8,93460.3,168064.5,161987.9,161914.8,156579.2,137854,162781.1,133099.2,124698.7,1408791,18561.15,17024.39,99510.99,221407.9,187.5,1248016,4625058,38361.82,768510.6,691162.8,43294.28,61162.66
Scenario 2,708,3,Bull Market,108,TRADING,158376.2,249880.7,152390.4,283134.1,812489.7,587092.2,249844.9,548272.8,715966,977706,467439.1,287643.6,2382930,28493.33,334205.7,56973.04,359130.2,442678.5,1415320,47388.33,115502.1,431933.8,363999.6,452569.9,101341.5,133277.6,138537.2,225937,93695.9,168070.9,162223.5,162356.7,156429.6,137655.2,162470.7,133087.2,124713.2,1408216,18576.63,17003.76,99212.23,222319.4,187.32,1248485,4615511,38261.63,767417.3,691555.1,43295.73,61234.59
Scenario 2,709,3,Bull Market,109,TRADING,158405.2,250523.7,152369.8,283030.9,810980.6,589206.8,249731.7,547911.4,715162.6,978019.6,467596.1,287653.4,2383144,28524.57,333445.9,57098.48,358599.7,442739.8,1414945,47523.05,115633.5,432990.5,364741.8,452005,101256.6,133253.8,138880.6,226316,93906.95,168109.2,162435.4,162706.4,156209.1,137496.9,162374.6,133091,124580,1408135,18593.69,16992.97,98972,223054.5,187.23,1248612,4604660,38214.17,765858.1,692407.1,43292.53,61301.99
Scenario 2,710,3,Bull Market,110,TRADING,158381.2,251232.3,152393.8,282959,809888.3,590738,249818.8,547648.1,713518.9,977939.1,467696.1,287561.1,2382301,28589.27,332857.9,57240.09,358160.7,442821.5,1415138,47607.43,116016.8,433123.7,365016,451440,101153.5,133256.5,139172.2,226626.9,94055.68,168149.1,162670.4,163084.2,156236.7,137331.6,162168.9,133117.7,124253.4,1407947,18600.4,17012.4,98712.56,223837.7,187.18,1247933,4592149,38142.85,765467.3,693268.8,43287.89,61372.72
Scenario 2,711,3,Bull Market,111,TRADING,158375.1,251827,152478.2,282928.5,806518,592767.2,249612.5,547232,712046.3,978137.7,467570.8,287631,2381604,28686.92,332111,57362.26,357671.3,443008.9,1415323,47654.68,116159.1,434025,364810.1,450985.5,100944.7,133267.8,139668.7,226950.7,94313.33,168198.6,162940.3,163402.3,156199,137156.2,161746.1,133088.1,124162.5,1407846,18621.91,17001.4,98423.71,224627.9,187.1,1248288,4589550,38130.96,763408.3,693604.8,43291.2,61450.41
Scenario 2,712,3,Bull Market,112,TRADING,158405.9,252547.9,152448.4,282877.6,805039.2,594404.4,249332.5,546238.6,711107.8,977889,467580.2,287643.2,2380874,28783.96,331399.1,57362.26,357045.8,443054.6,1416004,47671.38,116325,435202.7,364662.7,450215.1,100807.2,133282.3,140256.4,227290.6,94395.96,168158.7,163214.3,163760.3,156054.4,136972.3,161775.8,133132.2,123565.3,1407681,18662.2,16992.32,98191.52,225393.1,187.07,1248328,4582775,38069.06,761412.2,694081.1,43292.16,61517.17
Scenario 2,713,3,Bull Market,113,TRADING,158414.3,253167.7,152450.7,282779.9,803865.2,596694.1,249687,545845,709621.3,977171.8,467703.4,287591.7,2382829,28879.48,330672.3,57362.26,356663.6,443058.9,1415971,47708.46,116373.9,436432,364911.6,449802.7,100681.7,133277.4,140701.1,227576.7,94712.97,168196.7,163527.1,164125.9,155928.6,136819.7,161577.5,133158.5,123216.3,1407363,18656.58,16983.96,97860.88,226239.9,186.95,1249154,4572522,38010.17,761274.4,694763,43295.42,61603.08
Scenario 2,714,3,Bull Market,114,TRADING,158436.2,253825.4,152405,282882.2,801559.4,598649.5,249751.6,545075.2,708575.8,977103,467895,287604,2382093,28930.65,329961.8,57362.26,356176.5,443120.9,1415840,47774.98,116646.6,437429.2,364872.3,449237.9,100540.5,133287,141110.8,227870,95005.22,168185.6,163771.5,164493.5,155798.2,136686.1,161452.2,133164.8,122813,1406706,18679.7,17001,97556.65,226902.7,186.95,1249306,4567829,37932.56,760008.7,695492.9,43294.89,61702.27
Scenario 2,715,3,Bull Market,115,TRADING,158449.4,254389.4,152404.4,283058.4,799298.3,600234,249729.8,544723.9,706986.4,976676,467846,287645.7,2382195,28988.44,329203.7,57362.26,354797.6,443021.2,1415375,47829.34,116881.9,438326,365165.5,448556.7,100291.6,133257.8,141578.2,228248,95143.78,168221.7,163969.5,164758.4,155815.2,136508.3,161173,133170.9,122614.3,1406188,18696.18,16996.76,97272.62,227857.2,186.79,1248628,4558484,37920.46,758234.6,696286.5,43282.16,61786.99
Scenario 2,716,3,Bull Market,116,TRADING,158430.2,255105.2,152454.9,283094.4,797621,601454.7,249993.7,544197.7,705558.9,976404.7,467707.1,287713.6,2382368,29062.56,328302.9,57362.26,354256.5,443049.4,1415473,47922.05,117124.9,438601.3,365137.1,447766.2,100108.7,133224.6,141972.1,228525,95399.78,168234.5,164291.5,164476.5,155705.2,136319.9,160877,133186.1,122157.6,1406151,18723.34,17014.97,96994.52,228820.4,186.7,1248405,4548742,37852.56,756539.1,697141.5,43291.58,61919.39
Scenario 2,717,3,Bull Market,117,TRADING,158435.2,255945.6,152404,283033.8,795337.4,602921.9,250150.5,543693,704356.7,975952.2,467567.1,287760.5,2381545,29069.26,327345.7,57347.55,353416.2,443044.1,1414841,47955.67,117295.4,439345.8,364825,447345.6,100041.5,133235.1,142147.9,228866.7,95705.04,168260.9,164541.5,164205.2,155677.7,136134.7,160753.3,133196,121812,1406164,18733.39,17040.56,96688.4,229736.2,186.49,1249003,4541940,37808.34,754145.9,697880,43295.97,61969.02
Scenario 2,718,3,Bull Market,118,TRADING,158451,256443.9,152305.4,282966.4,794214.9,604596.6,250130.3,543037.5,703155.6,975681.5,467619.3,287829.9,2381943,29149.44,326492.6,57290.03,352715.9,443060.3,1415224,48066.85,117527.3,440013.1,364520.8,446556.5,99844.77,133313.5,142628.6,229163.3,96021.18,168281,164798.3,163934.7,155634.7,136044.9,160670.3,133189.9,121565.8,1406421,18782.81,17038.41,96416.11,230562.4,186.32,1249616,4541252,37761.48,754198.5,698985.6,43292.96,62060.74
Scenario 2,719,3,Bull Market,119,TRADING,158479.7,257104,152357.9,282819.1,792593.5,605806.3,250429.1,542157.9,701280.4,975177.9,467821.3,287752.8,2383567,29227.36,325975.3,57222.47,352138.5,442919,1415051,48161.01,117761.2,441111.1,364822.3,445873.9,99730.54,133304.9,142826.5,229408.9,96292.04,168229.4,165069.5,163710,155592.7,135823.9,160386.6,133179.2,121241.8,1406096,18841.89,17044.58,96131.51,231558.7,186.23,1249502,4535138,37695.73,752828.3,699103.8,43295.98,62150.55
Scenario 2,720,3,Bull Market,120,TRADING,158479.2,257714.5,152405.7,282999.7,790370.5,607448.4,250333.6,541615.5,699671.8,975194.4,467714.4,287672.8,2382127,29289.99,325171.8,57167.35,351911,442761.1,1415440,48219.09,117906.9,441422.4,365121.5,445230.7,99616.08,133299.2,143014.3,229773.3,96507.17,168250.6,165351.6,163415.8,155530.9,135583.1,159961.8,133207.2,121056.4,1406328,18871.7,17051.26,95867.4,232390.1,186.06,1249433,4527640,37618.41,753059.7,700059.1,43284.37,62257.85
Scenario 2,721,3,Bull Market,121,TRADING,158469.6,258286.5,152393.2,283104.9,788443.6,609240.6,250521.2,540779.4,698034.4,974890.8,467812.9,287697.3,2380568,29324.67,324496.7,57104.61,351358,442505.8,1414719,48310.31,118071.5,442500.9,365448.1,444252.1,99431.39,133385,143177.9,230191,96630.08,168295,165538.4,163093.8,155563.3,135539.6,159777.1,133218.4,120605.6,1406268,18880.03,17059.92,95626.05,233093.8,185.92,1249406,4517389,37588.66,751580,701102.2,43282.54,62314.76
Scenario 2,722,3,Bull Market,122,TRADING,158474.4,258775.6,152397.6,283043.6,787099.5,611083.2,250590.7,540219.5,697055.8,975423.7,467939.3,287711.3,2379835,29361.25,323857.2,57022.53,350577.7,442566.7,1414200,48403.17,118246.5,443030.4,365040.2,443822.1,99316.07,133424.4,143738.9,230546,96855.64,168327.1,165864.4,162862.8,155486,135354.5,159608.9,133212.8,120175.8,1405794,18928.7,17073.95,95375.93,234004.5,185.63,1249859,4511074,37528.89,750706,701610.1,43285.67,62408.53
Scenario 2,723,3,Bull Market,123,TRADING,158496.7,259359.4,152389.5,283263.9,785882.5,612378.5,250698.9,539162.1,696072.7,975718.6,467810.1,287632.3,2379836,29441.88,323001.1,56951.66,349784,442471.7,1414381,48461.29,118270.2,443517.5,364903.7,442980.2,99175.88,133414.7,144149,230876.3,97032.51,168318.3,166160.9,162570.3,155267.7,135237.9,159347.9,133201.1,120041.9,1405540,18939.71,17079.75,95069.38,234743,185.33,1249700,4499070,37479.58,749919.7,702174.4,43281.33,62511.68
Scenario 2,724,3,Bull Market,124,TRADING,158461.6,259957.8,152419,283194.3,784660.8,614223.4,250708.7,538148.5,694976.4,974687.3,467653.8,287668.6,2378473,29533.16,322211,56866.95,349418.6,442439,1414667,48605.47,118341.8,444637.1,364330.9,442608.5,99049.21,133385.9,144191.5,231190.8,97215.35,168371,166411.1,162332,155343.5,135112.9,159250.9,133173.5,119758.4,1405081,18963.02,17056.72,94821.49,235563.5,185.26,1250322,4491630,37426.8,747714.5,703348.9,43285.24,62635.39
Scenario 2,725,3,Bull Market,125,TRADING,158469.5,260400.4,152407.5,283237.7,783606.4,616177.5,250875,537330.7,693207,974039.7,467664.7,287524.5,2378269,29566.29,321406.3,56789.1,348285.1,442430.2,1415243,48681.93,118572.8,445204.9,364179.8,441620.5,98904.52,133422.6,144395.9,231581.2,97488.85,168410.9,166657.7,162227,155352.3,134838.1,159084.1,133191.7,119389.2,1405336,19012.52,17043.45,94571.36,236446.5,185.09,1250145,4482586,37329.91,746865.3,704312.7,43283.56,62715.66
Scenario 2,726,3,Bull Market,126,TRADING,158488.5,261174.8,152400,283254.1,783055.4,617700.7,250980.8,536394.3,692013.9,974247.1,467645.7,287594.3,2377001,29640.46,320718.7,56711.16,347546.1,442341.9,1415315,48733.35,118799.2,445785.4,363779.8,441091.9,98852.71,133391.1,144848.1,231874.6,97769.35,168356.2,166914.7,161983.7,155218.1,134695.2,159018,133212.8,119307.6,1405323,19053.05,17052.11,94240.43,237221.6,184.91,1250156,4478275,37242.89,745430,704914.5,43294.98,62791.9
Scenario 2,727,3,Bull Market,127,TRADING,158461.9,261847.1,152359.4,283260.3,782264.7,619607.4,250843.4,535514.4,691174.7,975057.5,467547.9,287531.6,2377143,29691.9,320023.2,56676.49,346967.6,442278.9,1415803,48786.61,118825.8,447157.3,363405.9,440107.1,98741.09,133397.8,145370.4,232183,97745.5,168340.5,167157.6,161753.8,155061.7,134503.4,158838.8,133233.9,119037.6,1405543,19075.4,17043.16,93942.76,238120.5,184.72,1249399,4471802,37219.14,743908.3,705751.3,43292.49,62856.29
Scenario 2,728,3,Bull Market,128,TRADING,158476.2,262385.4,152398.7,283234.9,780454.3,621347.9,250700.8,535049.2,689965.1,974288.2,467563.2,287541.9,2377871,29769.39,319175.9,56605.4,346096.4,442335.1,1415663,48843.09,119056.7,448607.8,363317.3,438989.4,98602.81,133422.1,145568.3,232492.4,97939.19,168342.6,167422.7,161519,154833.4,134277.9,158625.5,133240.9,118689.8,1405848,19125.3,17058.87,93699.54,238785.7,184.54,1249691,4464333,37215.37,743350.8,706214.8,43309.28,62943.93
Scenario 2,729,3,Bull Market,129,TRADING,158471.6,263010,152328.7,282975.2,779115,623749.2,250712.8,534231.2,688587.7,974374.9,467677.4,287497.1,2379158,29825.13,318331.1,56546.33,345363.7,442287.9,1416098,48905.61,119177.3,449464.4,363402.7,438319.6,98439.55,133399.8,145962.8,232736.3,98167.78,168312.5,167662.2,161246.7,154910.4,134178.3,158316.1,133223.2,118511.9,1405533,19136.55,17060.55,93456.67,239558.2,184.63,1248864,4453109,37161.74,742078.7,707240.4,43303.14,63022.35
Scenario 2,730,3,Bull Market,130,TRADING,158431.3,263712.4,152323.9,282899.4,777534.4,625403.6,250824.5,533665.6,687362.2,974222.5,467719.7,287507.2,2379554,29869.82,317519.7,56491.94,344630.3,442176.8,1415926,48952.25,119446.9,450738.9,363932.5,437806.4,98277.64,133423.8,146306.4,233072.4,98236.13,168303.5,167884.7,160990.3,154859.5,134041.5,158230.6,133247.3,118135.6,1405392,19179.2,17051.92,93189.73,240402.6,184.24,1248560,4445135,37088.08,739946.1,707844,43302.91,63090.98
Scenario 2,731,3,Bull Market,131,TRADING,158396.1,264379.9,152326.9,282948.4,775525.9,627274.2,250882.6,533081.3,686370,974045.1,467764.3,287464.4,2380136,29930.56,316863.8,56418.49,344162.6,442190.7,1415687,48970.87,119538.6,452056,363912.5,436935.1,98159,133401,146423,233329.5,98387.48,168293,168137.1,160679,154770.5,133871,158108.1,133232,117926.4,1405680,19204.12,17036.99,92966.68,241309.2,184.09,1248860,4433454,37045.05,739400.2,708421.1,43318.15,63193.68
Scenario 2,732,3,Bull Market,132,TRADING,158418.6,264925.6,152374.8,283055.6,774026.4,628989.3,251048.1,532548.2,685377.1,973850.7,467871,287451.2,2379659,30054.11,315978.7,56333.58,343749.8,442116.5,1415769,49093.81,119797.2,452167.8,364173,436264.7,98005.01,133452.6,146837.4,233601.4,98629.88,168286.7,168368.9,160480.2,154475.8,133714.7,157976.9,133214.1,117700.5,1405728,19233.66,17043.72,92674.96,242161.9,183.95,1249787,4425842,37027.6,738562.1,708594.9,43313.33,63273.29
Scenario 2,733,3,Bull Market,133,TRADING,158428,265582.8,152382.9,283021.6,773212.9,630247.1,251131.6,531944,683757.9,973514,467662.5,287428,2379815,30105.45,315222.9,56249.38,343497,442107.9,1415544,49207.15,120025,452894.2,363916.7,435597.9,97793.29,133510.1,146873,233921.7,98754.08,168285.6,168664.4,160253,154427.6,133480.7,157699,133234.2,117455.5,1405546,19246.62,17046.22,92448.56,242909.4,183.89,1250204,4417812,37006.16,736824.3,709150.9,43323.07,63321.34
Scenario 2,734,3,Bull Market,134,TRADING,158402.9,266128,152327.5,283199.3,772355.1,631745.9,251166.1,531735.3,682766.8,973768.3,467659,287407.2,2380599,30189.36,314512.8,56158.88,342691.7,442029.5,1415426,49296.67,120148,453885.3,363400.1,435172.6,97637.79,133497.6,147156.8,234179.3,98863.62,168270.8,168937.3,160068.5,154441.9,133221.1,157577.1,133226.9,117294.1,1405135,19256.03,17045.69,92193.45,243829.7,183.61,1250476,4409885,36954.59,736342.6,709264.6,43321.34,63403.54
Scenario 2,735,3,Bull Market,135,TRADING,158402.2,266737.2,152382.1,282995.3,769883.9,633521.2,251469.5,531394,681526.9,973777.3,467707.1,287390.7,2379941,30245.08,313750.3,56107.26,342092.9,441950.9,1414978,49370.63,120260.1,454643.1,363786.3,435024.6,97592.93,133511.1,147245.8,234560.9,99086.41,168298.6,169272.8,159876.9,154344.2,133027,157404.4,133226.6,117086,1405008,19251.39,17050.99,91924.89,244649.5,183.4,1249968,4403610,36934.15,734651.3,709165.2,43327.47,63510.57
Scenario 2,736,3,Bull Market,136,TRADING,158382.4,267340.2,152479.2,283008.1,767815.8,635422,251494.2,530775.5,680133.6,974352.1,467822.5,287520.1,2379390,30323.92,312845.9,56022.36,340999.7,441959.1,1414834,49461.91,120385.8,455931.9,363846,433987.3,97412.45,133574.6,147562,234924.2,99301.18,168273.9,169566.5,159654.2,154203,132843.7,157061.3,133210.7,116745.1,1405375,19295.74,17058.28,91599.5,245436.6,183.29,1250379,4395543,36832.23,732629.3,709983.8,43316.68,63594.31
Scenario 2,737,3,Bull Market,137,TRADING,158376.1,268085.8,152388.9,283005.6,765014.9,637023,251593.3,530114.3,678874.8,974299.1,467746.9,287389.5,2379792,30369.86,312190.8,55946.29,340293.6,441901,1414015,49547.46,120409.9,456952.7,363813.2,432751.5,97332.51,133623.6,147974.5,235269.8,99392.65,168274.4,169852.9,159464.5,154216.3,132640.2,156820.3,133191,116602.5,1404817,19304.08,17038.88,91301.65,246309.4,183.08,1250612,4389705,36798.15,731047.4,710858.4,43314.15,63690.54
Scenario 2,738,3,Bull Market,138,TRADING,158393.7,268862.7,152359.8,282905.2,764648,639322,251633.1,529476.8,677992.9,974789,467754.4,287335.1,2380057,30425.23,311356.6,55872.56,339746.3,441944.8,1413955,49639.3,120473.7,458304.5,363168.4,432330.8,97267.88,133587.3,148244.6,235679.2,99723.51,168244.9,170098.1,159157.2,154120.8,132440.2,156502.6,133191,116399.5,1404901,19296.96,17027.24,91040.56,247095.3,182.88,1250563,4378802,36763.29,730696.9,712014.1,43311.12,63722.53
Scenario 2,739,3,Bull Market,139,TRADING,158398.2,269548.6,152324.2,282911.4,763998.8,640993.1,251682.2,529204.1,676931.4,975048.9,467843.2,287282.1,2381239,30497.28,310435,55815.64,338572.1,441959.7,1414153,49687.67,120747.2,459293,363325.2,431336,97047.28,133614,148589.6,235969.8,99948.74,168282.6,170404.2,158899.5,153981.7,132314,156035.9,133237.7,116199.9,1405026,19313.13,17023.41,90760.43,247980.8,182.62,1250681,4368041,36716.71,728603.1,712568.6,43310.81,63794.26
Scenario 2,740,3,Bull Market,140,TRADING,158379.5,270251,152343.5,282694.8,763782.6,642976.3,251527.9,528643.6,675786.5,975001.6,468029.2,287307.2,2381276,30567.67,309563.4,55742.41,338019.6,442122,1414436,49801.34,120954,459728.5,363306.9,430278,96986.91,133576.9,148968.4,236241.1,100259.9,168313.5,170667.5,158699.3,153879.8,132115.2,155730.6,133247.4,115849.9,1404747,19328.96,17016.83,90495.26,248773.8,182.48,1250444,4361938,36694,728409.6,713989.5,43299.17,63832.27
Scenario 2,741,3,Bull Market,141,TRADING,158457.1,270880.1,152307.5,282526.1,761216.6,644456.2,251542,527578.8,674485.6,975000.1,468127.8,287232.2,2381547,30639.71,308925.9,55666.28,337477,442127.4,1414091,49787.81,121209,460671.9,362856.7,429463.2,96844.73,133619.7,149434.3,236443,100421.5,168296.9,170887.2,158480.4,153796.9,131923.5,155584.5,133264.6,115605.7,1404968,19368.77,17029.59,90184.73,249502.9,182.38,1250606,4355760,36653.95,727147.6,714547.2,43296.31,63934.98
Scenario 2,742,3,Bull Market,142,TRADING,158456.9,271722.4,152316.1,282469.4,760933.8,646239.8,251652.6,527053.8,673040,975087.6,467946.2,287216,2381788,30698.69,308098.6,55622.37,336762.8,442021.6,1414496,49835.33,121463.4,460874.6,362266.4,428209.1,96738.88,133631,149893.9,236727.1,100678.5,168296.8,171214.7,158211.4,153702.6,131686.9,155344.7,133256.2,115468,1405138,19380.34,17023.48,89905.44,250397.9,182.27,1251173,4347652,36625.43,724840.8,715213.9,43295.99,64007.72
Scenario 2,743,3,Bull Market,143,TRADING,158440.3,272425.9,152341.8,282493.3,758691.2,648054.5,251886.9,526367.6,671916,975579.3,468133.6,287249.5,2381847,30739.93,307355.9,55550.78,336367.5,442081.1,1414166,49861.02,121647.3,461407.3,362246.6,427496.9,96638.34,133649.1,150009.2,237028.6,100876,168298.7,171428.9,157967.5,153655.2,131499,154975.3,133289.7,115223.2,1405072,19427.32,17017.44,89454.05,251234.2,182.15,1251564,4338527,36557.16,725381.5,716783.2,43286.67,64073.26
Scenario 2,744,3,Bull Market,144,TRADING,158447.1,272952.8,152312.1,282513.5,756769,649600.4,251985.6,525829.8,670518.1,975384.5,468113.7,287182.3,2382604,30828.86,306615.4,55482.46,335679.5,442002.6,1414519,49853.12,121796.1,461942.4,362253.8,427079.3,96523.64,133621.1,150183.7,237360.2,101060.8,168285.3,171676.4,157672.4,153567,131302.9,154724.8,133316.8,114935.6,1404938,19444.85,17022.26,89831.94,251869.4,182.04,1251438,4328076,36566.62,723457.2,717410.8,43276.55,64177.6
Scenario 2,745,3,Bull Market,145,TRADING,158397.8,273346.8,152303.6,282651.4,756019.8,651395.2,252108,524995.2,668698.7,974986.8,468045.9,287096.5,2384036,30950.7,305692.3,55400.03,335319.5,441917.8,1414159,49930.08,121998.7,462529.1,362739.8,426266.3,96415.5,133617.1,150579.4,237576.9,101265.8,168268.2,171887.1,157558.5,153337,131189,154656.6,133336.7,114427.1,1404727,19453.65,17033.8,89993.55,252677,181.96,1252125,4324712,36519.68,721889.4,718687.9,43282.23,64245.89
Scenario 2,746,3,Bull Market,146,TRADING,158416.1,273999.5,152298.3,282738.6,755126.4,652997.1,252183,524617,667303.3,975447.7,467981.8,287072.8,2384266,31040.29,304994.7,55324.59,334771.7,441946.8,1414953,50004.85,122176.4,462955,362689,425655.1,96353.14,133696.3,150954.7,237883.8,101376.6,168237.5,172221,157358.7,153264.8,131005.9,154161.2,133339.5,114213.4,1404591,19464.19,17034.91,90225.49,253463.6,181.77,1252006,4317576,36483.08,720000.7,719476.3,43274.7,64361.22
Scenario 2,747,3,Bull Market,147,TRADING,158463.9,274727.6,152296.8,282707,754106.3,654428.6,251927.7,524912.5,668045.7,975818.1,467969.8,287063.7,2382946,31154.09,304226.9,55258.82,334249.1,441941.7,1415641,49889.79,122283,464343.9,362871.6,425086.5,96236.65,133641.9,151452.1,238168.9,101390.8,168208.1,172413.4,157166.4,153210.7,130855,153923.1,133325,113917.5,1403970,19450.67,17035.83,90385.18,254298.9,181.6,1251939,4311554,36420.37,718428.6,719505.8,43265.3,64457.47
Scenario 2,748,3,Bull Market,148,TRADING,158429.2,275322.7,152341.9,282693.2,752712,656087.2,251989.1,525211.4,669381.5,976250.9,467967.2,286948.3,2384130,31237.49,303458,55196.24,333321.5,441793.9,1415658,49829.04,122370.5,464882.1,363136.7,424366.2,96045.94,133579,151797.8,238535.9,101547.2,168263.2,172629.3,156889.7,153182.3,130671.4,153531.4,133355.9,113680.5,1403602,19461.83,17061.55,90572.32,255202.2,181.4,1251786,4304765,36413.87,716971.1,719239.1,43260.78,64515.87
Scenario 2,749,3,Bull Market,149,TRADING,158383.4,275799.8,152318.8,282741.9,750354,657466.9,251691.7,525309.9,670195.1,976720.6,468049.4,287044.6,2384156,31284.46,302740.8,55099.01,332716.7,441683.9,1415648,49784.03,122634.7,465621.7,363064.6,423652.4,95933.35,133580.6,152102,238904.6,101750.5,168254.4,172861.4,156650.9,153276.2,130550.1,153280.1,133347.1,113461.5,1403587,19462.51,17110.79,90743.37,256156.3,181.22,1251270,4295180,36324.33,716408.2,720172.1,43243.11,64622.43
Scenario 2,750,3,Bull Market,150,TRADING,158411.3,276317.6,152331.1,282793,748649.2,659179.8,251330.9,525925.8,670893.3,978223.9,468069.9,287123.4,2384181,31361.74,301889.9,55024.41,331694.5,441560.6,1415803,49727.06,122802,466770.9,363859.8,422317.6,95912.43,133567.5,152418,239235.2,101897.7,168209.5,173213.6,156446.6,153234.4,130314.3,153094.7,133353.7,113367.5,1403509,19491.58,17113.56,90925.76,257233.1,180.77,1250809,4291797,36271.92,714378,719873.2,43256.25,64712.43
Scenario 2,751,3,Bull Market,151,TRADING,158411.3,276317.6,152331.1,282793,748649.2,659179.8,251330.9,525925.8,670893.3,978223.9,468069.9,287123.4,2384181,31361.74,301889.9,55024.41,331694.5,441560.6,1415803,49727.06,122802,466770.9,363859.8,422317.6,95912.43,133567.5,152418,239235.2,101897.7,168209.5,173213.6,156446.6,153234.4,130314.3,153094.7,133353.7,113367.5,1403509,19491.58,17113.56,90925.76,257233.1,180.77,1250809,4291797,36271.92,714378,719873.2,43256.25,64712.43
Scenario 2,752,3,Bull Market,152,TRADING,158337.5,276845,152340.9,282781.2,746323.7,660980.4,251094.9,526238.5,672048.7,978744.5,468078.5,287123.8,2385781,31475.64,301090.9,54957.09,330982.4,441443.6,1415592,49660.22,123030.5,467671.5,364484.7,421680.3,95811.03,133546.7,152745.3,239589,102111.6,168182.9,174147.7,156166.9,153197.5,130124.8,152827.4,133312.2,112946.8,1403554,19521.1,17138.24,91129.17,257904.9,180.6999,1250703,4277027,36219.58,713108.8,719822.6,43266.91,64796.51
Scenario 2,753,3,Bull Market,153,TRADING,158329.8,277542.9,152320.6,282651.8,744857.3,662804.8,251136.7,526345.5,672993.3,979474.5,467967.7,287216.6,2385494,31569.34,300462.2,54879.57,330598.3,441420.8,1416318,49640.73,123236,468643.6,365162.1,421111.5,95619.61,133531.4,153007.7,239921,102383.3,168185.8,173389.4,155933.9,153263.7,129992.9,152665.3,133302.1,112614,1403689,19556.34,17145.79,91310.23,258599.7,180.3897,1250544,4268107,36178.96,711358.2,719626,43276.4,64881.09
Scenario 2,754,3,Bull Market,154,TRADING,158309.5,278048.9,152301,282778.4,743093.1,664747.8,251095.9,526636.1,674028.4,980238.8,467844.5,287205.4,2385248,31649.36,299669.1,54817.94,329902.7,441505.5,1416087,49532.07,123500.3,469733.3,365748.2,419923.3,95484.45,133536.9,153353.6,240113.9,102555.8,168145.8,173159.9,155794.5,153024.6,129893.3,152615,133315.4,112127.2,1403822,19608.23,17150.85,91496.74,259555.2,180.0594,1250574,4262162,36125.18,710755.3,719420.1,43291.42,64966.96
Scenario 2,755,3,Bull Market,155,TRADING,158305,278765.5,152329.7,282727.2,742701.7,666247.4,250896.1,526715.5,675277.4,980122.5,467669.2,287252.8,2385681,31696.35,298935.4,54766.21,329302.1,441508,1416109,49386.14,123706.3,470242.3,366212.2,418707.2,95346.05,133509.5,153764.6,240346.3,102652.8,168127.5,172944.7,155509.9,152874.7,129771.9,152393.6,133266.8,111961.1,1404289,19628.69,17157.04,91655.27,260167.2,179.9593,1250544,4250460,36079.39,708981.6,718973.7,43307.64,65050.22
Scenario 2,756,3,Bull Market,156,TRADING,158307.7,279220,152322.1,282696,742031.4,667524.2,250842.1,527342.5,675799.4,979078.4,467508.1,287350.4,2385982,31759.98,298096.1,54685.15,328385,441519.4,1416389,49251.42,123894.4,470796.5,366795.2,418180.1,95260.29,133522.3,154255.7,240638.7,102837.7,168129.3,172684,155301.9,153148.4,129529,152152.3,133258.4,111577.1,1404546,19636.09,17178.15,91827.27,260885,179.7391,1250104,4236336,36007.24,708480.6,718857.5,43310.12,65127.48
Scenario 2,757,3,Bull Market,157,TRADING,158330.1,279652.3,152315.3,282698.3,741152.9,669570.4,250822.8,527877.8,677005.9,980632.4,467352.8,287451.1,2386307,31822.75,297246.2,54603.73,327910.7,441446.1,1416756,49164.43,124112.7,472212.4,366971.3,417393,95030.8,133486.6,154675.2,240807.9,103041,168169.1,172481.2,155110.8,153265,129380.9,151777.4,133216.9,111396.2,1404606,19632.67,17191.8,91966.33,261744.3,179.5389,1249533,4228294,35943.82,706831.5,719247.1,43327.35,65221.85
Scenario 2,758,3,Bull Market,158,TRADING,158343.3,280374.9,152275.3,282881.5,740504.1,671145.9,250573.4,528390.3,677922.9,980017.1,467287.3,287382.7,2385170,31935.72,296554.1,54550.55,327328.1,441616.5,1417188,49047.68,124205.3,472700.9,367552.4,416749,94979.79,133433.3,154987.9,240999,103113.4,168194.7,172215.9,154860.6,153304,129239.5,151474.8,133226.7,111113.5,1404730,19664.34,17204.08,92177.54,262501.1,179.4388,1249508,4222004,35877.53,705895.7,719395.6,43342.21,65306.65
Scenario 2,759,3,Bull Market,159,TRADING,158318.4,280932.2,152291.8,282842.5,739507.6,673250.4,250525.9,528568.6,678979.9,979836.6,467158.7,287391.1,2385709,32003.43,295741.6,54449.57,326714,441741.4,1416843,49012.84,124287.3,473248.7,368066.9,416038.2,94867.58,133415.4,155319.6,241356.2,103274.5,168215.7,172059.1,154638.2,153290.8,129073.2,151312.3,133224.6,110969.9,1404574,19703.41,17218.23,92300.33,263328.3,179.2386,1249013,4216207,35839.06,704316.2,719205.4,43343.06,65372.43
Scenario 2,760,3,Bull Market,160,TRADING,158335.6,281789.3,152320.2,282721.6,738958.8,674430.8,250450.8,528697.2,680103.8,980656,466968.7,287512,2385975,32034.32,294864.2,54371.25,325877.1,441735,1416958,48936.74,124496.6,474588.5,367768.8,415348.8,94745.51,133381.2,155615.9,241629.6,103520.5,168222.2,171763,154386.7,153244,128932.3,151030.3,133207,110770.5,1404583,19747.97,17233.05,92519.07,264085.7,178.9684,1249083,4209898,35767.59,701927,718556.6,43346.73,65482.7
Scenario 2,761,3,Bull Market,161,TRADING,158320.6,282552.8,152403.2,282543.3,737748.4,676523.2,250249.3,529084.8,681040.5,980733.4,467110.3,287475.1,2384964,32087.03,294082.8,54294.26,325557.6,441742.3,1416997,48852.36,124537.7,474959.1,367868,414472.9,94689.67,133396.6,155854.1,241887,103707.1,168212.7,171569.9,154072.2,153184.1,128702.5,150706.7,133243,110542.6,1404773,19760.66,17240.69,92667.88,265000.2,178.8183,1248700,4202784,35756.02,701154.1,718256.6,43349.6,65587.75
Scenario 2,762,3,Bull Market,162,TRADING,158385.7,283330.1,152366.9,282380,736100,678267.9,250159.4,529116.6,682232.6,980413.2,467227.2,287514.8,2384548,32107.14,293193.6,54235.03,324827.3,441913.2,1417691,48815.52,124803.1,475358.9,368412,413900.2,94512.2,133384.1,156217.6,242193.2,103909.6,168202.7,171294.3,153878.1,153223.8,128610.2,150681.8,133243.5,110348,1404627,19797.33,17239.54,92897.27,265734.9,178.6982,1248146,4192699,35661.91,699359.9,718349.6,43349.63,65665.11
Scenario 2,763,3,Bull Market,163,TRADING,158380.8,283790.5,152376.1,282323.7,733659.8,680288.1,249987.8,529356.1,683680.6,980245.1,467107.3,287593.9,2384359,32192.23,293946.5,54165.17,324291.8,441952.2,1418180,48720.44,124959.1,476158.6,368819,413335.6,94342.87,133404.4,156447,242447.8,104108,168207.4,171130.2,153624.6,153250.1,128474.3,150534.9,133255.7,110075.8,1404789,19852.33,17249.12,93074.04,266576.6,178.6581,1248863,4183714,35599.95,697936,718536.2,43352.06,65743.07
Scenario 2,764,3,Bull Market,164,TRADING,158343.9,284386.9,152395.8,282231.2,732756.7,682076.4,249765.7,529545.5,684873.2,980029.6,467070.3,287669.7,2384355,32208.82,294791.5,54087.83,323744.1,442008.8,1418113,48638.63,125033.6,476886.2,369446.3,412606.1,94169.77,133458.4,156778.1,242753.5,104401.1,168203.8,170817.5,153431.3,153284.2,128415.4,150241.2,133254.8,109829.5,1404850,19899.66,17236.26,93298.82,267199.2,178.3879,1249151,4172905,35558.14,696931.3,718399.8,43367.47,65810.03
Scenario 2,765,3,Bull Market,165,TRADING,158360.9,284940.1,152375.8,282239,730818.7,683502.1,249456.3,530102.9,685797.9,980417.4,467113.9,287826.6,2383607,32268.3,295618.8,54001.25,323104.9,441977.1,1418387,48542.47,125124.3,477228.7,369636.7,412133.4,94090.77,133471.2,156987.9,243029.1,104453.6,168240.7,170583.8,153204.1,153340.1,128255.8,149974.5,133217.7,109637.3,1405018,19952.25,17238.46,93463.81,267777.9,178.2177,1249748,4166935,35498.1,695391.2,719016.6,43373.65,65875.87
Scenario 2,766,3,Bull Market,166,TRADING,158368,285417.7,152475.2,282140.5,729164.5,685040.5,249189,530518.8,686592.4,980444.7,467132.9,287836.1,2384701,32325.56,296441.5,53914.44,322188.1,441991.2,1418484,48483.19,125279.9,477651.4,370145.2,411547,93935,133490,157203.3,243225.3,104661.8,168200.9,170449.7,153005.3,153370.8,128156.6,149749.9,133217.2,109582.1,1405154,19973.34,17252.32,93677.3,268612.5,177.9775,1249111,4158801,35420.05,693672.5,718567.2,43379.94,65970.32
Scenario 2,767,3,Bull Market,167,TRADING,158369.2,285916,152456.9,282146.1,727278.7,686268.7,248903.3,530468.7,687495.4,980654.6,466968.5,287949.1,2385031,32367.42,297129.8,53830.69,321077.2,442093.9,1418883,48436.66,125461.2,478405.2,370414.1,410947.6,93905.07,133468.9,157654.1,243480.8,104803.7,168178,170143.4,152777.1,153333.9,127928.5,149650.8,133212,109384.3,1405023,20010.48,17241.86,93833.79,269406.3,177.8174,1248999,4150089,35388,692075,718460.4,43387.22,66081.88
Scenario 2,768,3,Bull Market,168,TRADING,158366,286344.8,152459.9,281942.8,725988.5,687867.8,248504.9,530923,688359.8,981299.5,467189.3,288004.2,2385001,32412.77,297919.6,53760.13,319777.5,441928.4,1419536,48381.03,125761.5,479136.6,369980.3,410398.9,93829.46,133389.8,157985,243832.2,105001.6,168195.2,169946,152533.3,153219.7,127746.3,149519.9,133217.9,109236.1,1404777,20020.44,17266.28,93938.91,270102.9,177.8274,1248154,4143077,35363.93,691306.1,718374.3,43382.27,66125.57
Scenario 2,769,3,Bull Market,169,TRADING,158389.2,286911,152496.3,281921.2,723809.4,689840.4,248624.3,531481.5,689438.5,982582.9,466925.6,288000.5,2386468,32517.83,298652.9,53687.18,318762.5,442050.4,1419383,48331.36,125898,480248.8,370211.5,410057.7,93594.39,133353.7,158360.6,244178.8,104961.2,168144.9,169673.6,152210.6,153192.9,127592.4,149207.3,133184.4,108950.4,1404154,20071.94,17285.04,94068.61,270972.8,177.5572,1249024,4135815,35337.33,690302.4,717969.7,43377.68,66208.23
Scenario 2,770,3,Bull Market,170,TRADING,158398.5,287329.3,152528.7,281867.8,723294.9,691723.3,248332.1,531758.9,690803,982007,466863.3,288028,2386827,32587.34,299616,53610.83,317999.9,442107,1419985,48305.49,126104.4,481439,370319.9,409257.2,93458.92,133343.6,158852.5,244389.5,105220.3,168141.2,169433.5,151986.9,153344.9,127396,149023.5,133152,108809.5,1403938,20079.2,17285.49,94312.11,271784.1,177.5071,1249000,4129637,35285.47,689014.7,717534.2,43387.6,66299.11
Scenario 2,771,3,Bull Market,171,TRADING,158435.9,287811.6,152541.4,281797.9,721890.5,693483.9,248108.6,532098.2,691600.2,982110.5,466724.6,288077.1,2387771,32675.22,300500.3,53552.45,317112.4,442067,1419496,48238.8,126309.8,482770.6,370618.2,408613.4,93337.61,133373.4,159384.5,244595.7,105462.3,168134.8,169217.4,151749.7,153407.7,127304.4,148827.7,133113.5,108568,1404266,20121.92,17280.43,94477.93,272608.9,177.4571,1248646,4117098,35236.81,686584.2,717147.5,43372.03,66351.79
Scenario 2,772,3,Bull Market,172,TRADING,158481.3,288394.7,152581.7,281716.1,720783.6,695333.8,247807.6,532314.7,692390.6,982216,466719.6,288025.7,2387025,32726.64,301334,53496.93,316282.5,442159,1419572,48134.29,126424,483554.5,371078.7,408267.1,93252.82,133329.9,159873.2,244839.1,105617.8,168129.3,168943.6,151518.5,153399.9,127107.1,148520.5,133114.6,108257.3,1404501,20165.6,17271.16,94681.64,273375.6,177.2369,1248549,4108397,35167.5,685588.6,716880,43390.21,66446.28
Scenario 2,773,3,Bull Market,173,TRADING,158510.5,289013.2,152576,281718.4,719618.2,696295.5,247434.7,532189.5,693291.9,982577.4,466548,288101.4,2387723,32796.2,302169.1,53416.35,315588.5,442146.4,1419023,48069.52,126553.3,484502.3,371616.6,407920.2,93099.26,133265.7,160113.3,245100.1,105841.3,168123.2,168776.9,151320.3,153391.7,126941.6,148169.8,133077.9,107762.7,1404727,20209.78,17274.31,94862.74,274110.3,177.1168,1248342,4104107,35120.1,683549.3,716354.4,43400.5,66540
Scenario 2,774,3,Bull Market,174,TRADING,158516.8,289551.5,152540.9,281799.7,718360.6,698004.1,247202.1,532303.7,694301.5,982643.1,466237.3,288108.5,2388050,32875.45,303064.9,53325.35,315009.4,442263.9,1419046,48020.48,126692.6,486113.7,371415.4,407015.6,92900.81,133251.5,160397.8,245355.5,105960.2,168119.2,168561.6,151114.1,153428.2,126728.2,147976.1,133063.8,107804.3,1405171,20254.22,17299.64,95043.49,274919.8,176.9766,1248030,4098812,35113.43,681889.5,715887.7,43405.58,66621.49
Scenario 2,775,3,Bull Market,175,TRADING,158554.7,290136.2,152579.5,281784.7,717262.7,699554.6,247099.3,532585,695800.2,982810.4,466168.8,288096,2388998,32939.27,303874.8,53262.86,314338.4,442365.4,1419323,47929.55,126792.4,486922.5,371648.3,406511.7,92861.31,133219.1,160723.4,245643.9,106306.4,168126.8,168287.9,150911,153370.6,126470.1,147946.1,133070.2,107744.7,1405651,20305.43,17283.36,95200.24,275704.2,176.8465,1248383,4087310,35065.1,680559.5,715157.9,43409.53,66697.73
Scenario 2,776,3,Bull Market,176,TRADING,158631.1,290533.5,152627.3,281619.8,716380,700874.8,246892,533137.5,696894.1,983553.7,465957,288260.1,2387957,33010.4,304766,53178.12,313070.4,442433.8,1418989,47895.41,127007.1,488149.8,372246.5,405805.7,92717.86,133195.7,161056.8,245961.9,106523.9,168094.1,168121.4,150709.5,153497.9,126354.1,147657.6,133038.9,107551.5,1406216,20316.3,17284.65,95366.21,276684.6,176.4462,1248295,4080450,35046.54,679468.2,715345.6,43413.81,66768.92
Scenario 2,777,3,Bull Market,177,TRADING,158639.3,291017.7,152678.6,281514.8,713950.6,702503.1,246490.5,533517.9,698034.1,984837,465784.8,288396.7,2388095,33067.22,305797,53105.47,312213.4,442541.7,1419698,47818.35,127160.8,488090.8,372952.1,405172.5,92646.89,133198.4,161201.8,246211,106719.9,168069.6,167943.9,150495.1,153495.3,126184.7,147592.6,132994.5,107414.1,1406266,20327.42,17299.8,95549.02,277673.5,176.276,1248854,4074025,35026.12,677812.4,715442.5,43418.85,66843.31
Scenario 2,778,3,Bull Market,178,TRADING,158639.4,291645.3,152681.9,281396.6,713251,704311,246178.9,533953.2,699298.2,984875.4,465771.3,288419.6,2387592,33138.42,306661.7,53035.05,311395.2,442733.1,1419046,47719.56,127355.7,488921.9,373298.3,404720.1,92499.86,133168.1,161640.2,246470.6,106963.6,168037.7,167671.9,150257.3,153672.9,126028.6,147441.6,132964.1,107133.6,1406010,20361.72,17320.87,95709.32,278393.3,176.236,1249298,4067938,35052.33,676249,715456.4,43418.34,66944.94
Scenario 2,779,3,Bull Market,179,TRADING,158656.9,292294.8,152784.8,281460.8,712366.4,706157.8,246029.3,534024.2,700162.1,985047,465788,288407,2386017,33201.2,307647.2,52956.62,310680.5,442591,1419900,47687.59,127601,489112.9,373092,404052.8,92343.56,133219.8,161926.9,246795.1,107126.9,168042.8,167433.3,150045.9,153723.5,125813.6,147346.5,132967.6,106838.1,1406215,20401.78,17330.37,95891.86,279374.6,176.0158,1249284,4061219,34996.22,674518,715496.9,43435.85,67044.48
Scenario 2,780,3,Bull Market,180,TRADING,158659,292967.9,152798.3,281465.6,710708.6,707779.1,245765.8,534051.7,701206.2,985479.3,465845.4,288444,2386162,33230.37,308410,52904.65,309557.3,442602.2,1419964,47665.75,127781.5,490123.3,373370.1,403169,92274.3,133223.5,162647.4,247037.8,107289,168079.2,167054.2,149833.1,153768.1,125628.5,147103.8,133006.1,106686.7,1405941,20429.94,17342.58,96069.17,280077.6,175.8256,1249473,4054095,34976.89,672488.8,715345.4,43442.72,67099.68
Scenario 2,781,3,Bull Market,181,TRADING,158657.3,293393.1,152806.1,281512.1,710166.2,709445.3,245795.6,534390.2,702468.7,985508.5,465835.1,288513.1,2384388,33332.26,309107.3,52813.39,309400.8,442715.7,1420129,47575.04,127928.3,490558.5,374231.3,402606.8,92234.05,133178.5,163152.4,247402.4,107420.1,168066.3,166772.8,149542.1,153902.3,125473,146863.7,132993.2,106285.7,1405905,20457.51,17332.96,96262.74,280778.9,175.6054,1249245,4044166,34914.22,670686.7,715672.4,43446.39,67178.61
Scenario 2,782,3,Bull Market,182,TRADING,158680.9,294124.4,152797.6,281596.8,708953.5,711122,245735.1,534616.9,703229.3,985888.3,465923.3,288577.3,2383558,33359.33,309997.5,52741.08,308597.3,442836.7,1420368,47520.75,128205.5,490393.2,374575.8,402058.6,92041.91,133205.8,163463.2,247653.8,107611.7,168098,166514.2,149324.3,153842,125330.4,146551.5,132995.9,106048.2,1405727,20483.79,17354.18,96440.53,281628.1,175.4653,1249193,4036569,34849.07,669018.3,714685.6,43458.73,67278.6
Scenario 2,783,3,Bull Market,183,TRADING,158655.1,294875.1,152855.5,281743.5,708694.6,712755.7,245514.6,535281,704174.9,985915.2,465849.8,288523.2,2382446,33429.25,310627.5,52665.27,308121.5,442751.6,1419732,47489.73,128275.2,491324,375295.8,401507.1,91885.93,133198.6,163841.7,247931.8,107872.8,168089.5,166273.6,149047.1,154034.3,125158.6,146238.7,133002,105731.1,1405915,20509.63,17381.32,96592.09,282417.5,175.2651,1249553,4023549,34813.44,667127.2,714795.8,43468.27,67364.42
Scenario 2,784,3,Bull Market,184,TRADING,158670.2,295364.3,152799.7,281717.8,707278.8,715027.1,245562.3,535684.5,705650.8,985791.4,465832.2,288585.3,2384028,33486.15,311418.5,52596.6,307420.5,442833.8,1419845,47451.41,128345.9,492098.5,376339.9,401006.9,91728.51,133177.8,164106.8,248150.2,108090.1,168071.8,165996.8,148865.2,154065.1,125008.2,145927.6,133005.9,105522.4,1405959,20506.35,17385.68,96768.3,283102.6,175.0449,1249268,4012455,34759.3,665978.4,713987.6,43476.45,67398.52
Scenario 2,785,3,Bull Market,185,TRADING,158708.8,295935.3,152796.7,281739.4,706852.3,716944.3,245358.5,535994.1,706530.1,986047.2,465862.5,288588.5,2384322,33564.81,312182.1,52535.95,306882.7,442818.3,1420510,47385.76,128487.8,492712.4,376457.1,400268.7,91605.01,133144.4,164470.7,248537.9,108261.5,168104.6,165749.7,148607.6,154147,124794.2,145865.7,132998.3,105191.4,1405860,20520.58,17400.45,96921.48,283868.6,174.8047,1248301,4005831,34718.15,664084.5,713675.3,43489.28,67501.8
Scenario 2,786,3,Bull Market,186,TRADING,158702.5,296503.1,152793.6,281719.4,705817.3,719086.9,245260.2,536497.6,707403.7,985976.7,466002.8,288615,2384492,33634.34,312979.7,52460.44,306052.2,442839.5,1420400,47244.65,128654.8,493424.3,376625.6,399887.3,91471.12,133205,164902.8,248812.7,108349.9,168071.9,165534.7,148408.6,154068,124614.2,145630.6,132979.5,105152.4,1405202,20589.22,17393.22,97122.94,284745.7,174.6646,1248365,3998013,34705.86,663473.2,713743.8,43484.67,67568.63
Scenario 2,787,3,Bull Market,187,TRADING,158689.9,297239.2,152808.2,281757.3,704987.8,720599.9,245266.4,536784.9,708264.2,986984.8,465784.1,288668.1,2386364,33674.23,313878.1,52387.25,305214.2,442842.7,1420187,47151.78,128805.4,494648.1,377007.5,399157.4,91359.08,133197.7,165131.6,249154.6,108541.7,168089.1,165300.9,148246.5,154108.7,124445.1,145175.5,132982.4,104938.7,1405068,20605.12,17416.26,97250.01,285683.9,174.4544,1248796,3987953,34685.62,662401.3,712948.5,43494.55,67664.27
Scenario 2,788,3,Bull Market,188,TRADING,158669.6,297775.5,152799.5,281787.2,703482.9,722172.5,245087.5,536973.7,709162.3,986392.3,465721.1,288728.2,2384093,33769.51,314912.1,52306.16,304511,442876.4,1420341,47065.86,128973.7,495374.9,377742.2,398800.6,91261.62,133218.9,165528.7,249528.2,108681,168070,164974.2,148026.5,153951.4,124259.6,145066.6,132966.5,104723.9,1405351,20652.94,17432.7,97443.7,286425.5,174.3043,1248578,3983458,34633.47,660773.4,712692,43484.67,67777.81
Scenario 2,789,3,Bull Market,189,TRADING,158706.8,298155.3,152834,281650.3,701452,723455.9,244571.6,537445.1,709855.8,985952.7,465580.2,288808.7,2385070,33836.91,315924.9,52230.68,303684.8,442971,1420818,47059.36,129251.4,496281.4,377513.5,398040.3,91117.58,133225.9,166218.2,249915.4,108925.5,168070.3,164682.6,147740.6,154004.7,124099.2,144905.2,132968.5,104538.2,1405095,20695.39,17430.69,97608.92,287238.6,174.1341,1248210,3972959,34561.78,659920.8,712545.7,43496.16,67866.47
Scenario 2,790,3,Bull Market,190,TRADING,158772.3,298745.6,152879,281725.8,699743,724955.9,244629.4,537823,710667,985612.2,465578.2,288814.8,2383428,33932.67,316761.6,52132.11,303059.3,443117.9,1420579,46912.9,129493.2,497253.2,377630.8,397432.2,90934.6,133255.8,166683.9,250297.6,109055.3,168080.6,164517.3,147584.9,154092.7,124004.6,144782.1,132957.5,104365.4,1405289,20723.74,17421.46,97757.89,288193.1,174.1541,1248492,3962523,34497.79,658289.8,712911.1,43499.52,67908.47
Scenario 2,791,3,Bull Market,191,TRADING,158798.8,299390.5,152965.8,281756.9,697769.8,727380.1,244531.7,538419.7,711667.4,986555.5,465647.4,288829.2,2382300,33997.07,317703.3,52031.29,301904,443127.7,1419900,46862.11,129748.5,497672.9,378393.3,396538.4,90864.08,133216.3,167274.4,250578.5,109152.7,168080.6,164342.4,147386.3,154106.7,123882.1,144537.2,132943.4,104128.8,1405524,20775.24,17423.33,97880.5,289093.5,174.034,1248481,3956268,34452.4,657708.2,713064.1,43508.04,68027.21
Scenario 2,792,3,Bull Market,192,TRADING,158808.9,300114.7,153011.2,281596.8,696783.3,729700.8,244123.5,538607.8,712911,987406.3,465730.6,288797.2,2381759,34042.42,318504.2,51937.74,300930.7,443269.1,1419662,46711.39,129923.2,497933.9,379024.8,395757.4,90772.97,133222.4,167659.2,250803.5,109456.9,168097.8,164126.5,147169.4,154066.7,123706,144180.9,132964.9,104042.6,1405718,20785.08,17433.59,98027.7,289764.4,173.8539,1248080,3950752,34386.79,656381.9,712555.9,43510.92,68127.95
Scenario 2,793,3,Bull Market,193,TRADING,158840.5,300777.2,153031.6,281490.3,694969.6,731329.8,244084.7,539236.7,714095.6,987545.9,465976.7,288825.9,2381986,34083.07,319435.9,51865.03,300068.7,443206.1,1419241,46616.15,130135,498650.4,379122.9,394897.4,90738.86,133227.3,167871.7,250470.3,109631.6,168089.3,163850,147016.5,154052.4,123492.5,144131.8,132976.8,103660,1405114,20797.03,17433.35,98197.32,290468.2,173.7738,1247953,3940938,34306.15,654855.2,712199.2,43533.42,68200.06
Scenario 2,794,3,Bull Market,194,TRADING,158876.8,301568.3,153125.5,281525.5,693513.6,732897.5,243713.4,539821.8,715514.2,987285.9,466067.2,288831.5,2381708,34106.47,320205.1,51794.49,299306.6,443111.7,1419351,46570.88,130431.2,499551,379531.1,394316.9,90628.3,133142.2,168150.7,250099.1,109740.9,168131.1,163608.4,146748.4,154144.6,123359.9,143928.7,133019.2,103478,1405182,20850.65,17429.6,98329.57,291437.9,173.6837,1247255,3935813,34239.43,653854.4,712102.1,43539.28,68269.78
Scenario 2,795,3,Bull Market,195,TRADING,158860.4,302003.7,153171.8,281576,691692.1,734436.9,243415.1,540273.1,716246,988272.9,465812,288924.1,2380879,34176.69,321127.5,51730.03,298557.8,443173.9,1419459,46523.9,130612.4,500006.8,379941.6,393439.1,90496.24,133098.7,168712.3,249603.8,109877.9,168118,163413,146560.4,154229.6,123125.4,143836.9,133008.2,103287.3,1404807,20903.88,17434.28,98509.01,292294.7,173.5036,1246587,3927163,34163.13,652690.1,711272.5,43555.11,68396.01
Scenario 2,796,3,Bull Market,196,TRADING,158827.1,302521.8,153186.5,281448.3,690989.4,736469.8,243154.9,540460.4,717604.5,987730.3,465707.7,289027.8,2380554,34193.23,321972.6,51651.5,297527,443096.3,1419707,46469.35,130805.8,500527.8,379908.5,392769.2,90362.42,133082.6,168852.6,249158.8,110219.1,168094.5,163179.6,146298.8,154200.4,123004.6,143650,133030,103008.8,1404763,20942.06,17456.03,98675.66,293032.8,173.4535,1246978,3917789,34148.11,651610.2,711404.6,43558.48,68471.35
Scenario 2,797,3,Bull Market,197,TRADING,158852.4,303257.4,153228,281409.1,690446.1,738292.4,243173.8,540696.5,719025.3,987623.8,465611,288964.2,2379977,34224.83,322685.4,51577.54,297242.4,443073.3,1420583,46396.59,131015.9,500559,380089,391889.5,90187.68,132987.5,169261.5,248687.6,110459.1,168107.8,162965.6,146059.2,154041.5,122887.8,143257.5,132983.2,102769.2,1404701,20931.1,17481.86,98779.4,293796.5,173.1432,1247108,3910405,34086.88,650114.3,711079.1,43571.25,68519.54
Scenario 2,798,3,Bull Market,198,TRADING,158886.4,303932.8,153132,281384.9,688502,739992.2,242895.3,541203.6,720524.6,987799.8,465513,289008.3,2380827,34300.75,323320.1,51531.58,296815.6,443087.5,1420278,46307.04,131243.9,501396.5,380719.8,390711.3,90026.84,132922.2,169465.6,248250,110829.4,168144.5,162756.8,145826.2,154079.1,122760.9,143053,132993.1,102536.1,1405004,20957.5,17485.29,98928.8,294547.6,173.1132,1247380,3900748,34068.24,648258.1,711069.4,43570.56,68519.54
Scenario 2,799,3,Bull Market,199,TRADING,158887.3,304575.6,153094,281356.8,686907.5,741074.9,242711.4,541890.1,721141.8,988803.8,465576.4,288953.9,2381534,34389.93,324108.9,51458.16,296281.4,443093.7,1420885,46267.81,131490.5,502414,381289.6,390049,89837.32,132902.1,170010.5,247707.4,111042.7,168114.4,162548.3,145546.4,154138.9,122631.5,142815.1,133021.2,102171.5,1405757,21023.65,17491.03,99131.32,295216.6,173.0732,1246953,3892015,34000.9,646311.5,710251,43571.38,68519.54
Scenario 2,800,3,Bull Market,200,TRADING,158921.5,305173.4,153095.7,281492.6,685616.2,742997.4,242519.7,542169.5,722884.7,988838.8,465530.9,289068,2382529,34485.39,324970.4,51349.82,295434.9,443024.9,1420258,46153.71,131600.1,503207.1,381499.7,389076.6,89670.53,132866.5,170312.3,247180.8,111093.8,168093.5,162317.2,145277.5,154164.7,122381.9,142544.9,133037.7,101969.9,1405290,21020.96,17507.58,99332.09,296010.9,172.823,1246739,3884491,33943.77,645460.2,709696.2,43581.46,68519.54
Scenario 2,801,3,Bull Market,201,TRADING,158924.5,305788.8,153112.5,281374.2,684729.3,743920.7,242780.7,542203.2,723838.7,989393.9,465261.9,289096.5,2381427,34556.17,325712.6,51282.12,294769.2,443119.8,1420174,46066.34,131696.1,504611.8,382586,388553.1,89547.09,132863.1,170698.4,246699.9,111244.2,168068.5,162076.1,145043.2,154299.7,122217.5,142426.2,133032.4,101771,1405192,21054.56,17535.45,99529.2,296762.3,172.6428,1246524,3875490,33941.23,643245.6,709375.4,43580.31,68384.42
Scenario 2,802,3,Bull Market,202,TRADING,158907.4,306394.7,153103.7,281447.5,682623.2,745049.6,242410.7,542390.4,725052.7,989738.9,465249,289186.4,2380216,34577.92,326643.8,51219.27,294253.4,443197.8,1420271,45951.81,131758.2,505383.1,383131.5,387955.3,89433.74,132836.7,171193.2,246239.1,111514.1,168058.5,161804,144841,154223.3,122075.1,142265.1,133040.8,101694.1,1405469,21089.16,17539.87,99737.03,297832.2,172.3525,1246211,3864076,33877.2,641248.9,708321.2,43585.86,68242.82
Scenario 2,803,3,Bull Market,203,TRADING,158918.2,307136.6,153119.7,281457,681843.7,747339.3,242481.8,542873.4,725997.9,990331.9,465081.2,289359.2,2378592,34663.37,327345.5,51143.77,293778.9,443155.6,1420554,45896.72,131922.1,505683.3,383369.1,387325.3,89297.24,132793,171900.6,245817.3,111722.7,167984.6,161596.2,144601.7,154168.3,121913.6,142126.7,133055.5,101355.8,1405619,21128.38,17559.12,99841.89,298773.5,172.1524,1245950,3854282,33782.84,640749.6,709205.8,43592.02,68075
Scenario 2,804,3,Bull Market,204,TRADING,158864.8,307794.2,153164.8,281454.5,679652.3,748702.9,242574.6,542843.7,727328.8,990445.2,464817.2,289410.2,2378028,34743.93,328207.8,51064.49,293031.5,443256.3,1420970,45848.3,132063.5,506886.9,383450.4,386582.7,89197.61,132793.8,172309.8,245364.8,112004,167931.4,161328.5,144374.6,154059,121659.3,141887.6,133005.4,101167.8,1405929,21151.01,17558.6,100025.5,299578.9,172.0723,1245807,3848222,33749.32,639188.9,709694,43595.22,67930.88
Scenario 2,805,3,Bull Market,205,TRADING,158863.5,308482.6,153152.4,281403.8,677295.5,750907.8,242444.6,542921.1,728267.9,990780.9,464974.1,289451.7,2376300,34791.7,329056.1,51015.75,292172.4,443332.6,1421095,45826.39,132216.7,506912.4,383883.3,386041.8,89108.52,132790.1,173014.3,244954,112295.4,167945.5,161100.5,144114,154088.4,121513.6,141610.3,132996.6,100963,1405853,21194.52,17587.69,100249.3,300063.1,171.9422,1245357,3839992,33669.58,637856.4,709263.5,43586.92,67760.7
Scenario 2,806,3,Bull Market,206,TRADING,158872.3,309268.4,153193.2,281506.8,674384.3,752651.4,241900.5,543170.3,728873.8,991031,464826,289589,2374072,34811.59,329924.5,50948.91,291838.8,443358.8,1420860,45697,132410.2,507488,384131.2,385544.2,88926.18,132677.4,173299.1,244473.2,112371.9,167958.3,160859.3,143975.1,154216.2,121327,141295.8,133017.1,100774.9,1405601,21217.47,17599.68,100462.9,300997.8,171.742,1244540,3834767,33629.79,636916.8,708918.8,43581.01,67550.89
Scenario 2,807,3,Bull Market,207,TRADING,158884.7,310036.9,153239.3,281554.5,675244.3,751664.1,241769.7,543399,729578.8,991304.1,464718.1,289709,2374511,34836.94,330735.2,50883.48,292294.1,443376.9,1421205,45637.9,132299.2,506319,384579.1,385934.4,89066.49,132685.4,173216.4,244042.6,112332.1,167943.8,160672.5,143899.5,154329.1,121094,141373.3,132978,100978,1405351,21197.17,17608.38,100685.1,301872.7,171.5819,1245527,3838854,33667.92,637116.3,709345.1,43585.75,67392.43
Scenario 2,808,3,Bull Market,208,TRADING,158891.4,310367.6,153198.9,281634,676257.5,751096.2,241596,543236.8,731510.2,991778.3,464590.3,289746.5,2373901,34789.05,331774.8,50813.49,292645.1,443430.9,1421216,45547.46,132237.8,506113.4,384579.3,385736,89234.04,132676.8,172980.6,243643.5,112256.9,167918.5,160403.9,143711.5,154263.2,121053.6,141295.8,132964.8,101180.9,1405114,21154.1,17608.31,100840.6,302821.9,171.4417,1245434,3842146,33651.96,638657.6,709124.6,43599.74,67253.9
Scenario 2,809,3,Bull Market,209,TRADING,158828.5,310698.2,153109.9,281768.7,676831.3,750515.9,241211,543672.4,732888,992372.3,464260.3,289954.2,2373657,34745.98,332465,50737.52,292913.8,443439.4,1421767,45417.98,132196.8,505937.6,385119.3,385852.6,89362.08,132626.6,172828.6,243223.5,112140.3,167920.1,160197.2,143603.5,154400.9,120848.4,141345.8,132957,101236.5,1405040,21149.26,17593.02,101029.6,303760.7,171.2716,1245477,3842992,33638.5,639230.9,708615.5,43619.76,67086.17
Scenario 2,810,3,Bull Market,210,TRADING,158840.3,311383.2,153143.8,281637.8,678166.7,749650,240850.6,544255.9,734025.1,992367.2,464166.9,289986.5,2374038,34708.24,333445.3,50665.65,293059.3,443409.7,1422984,45348.15,132151.7,505143.5,385198.9,386257.2,89426.6,132627.7,172622.7,242823.6,112094.8,167884.8,159954.2,143411.6,154436.1,120651.3,141565.3,132948.8,101426.6,1405225,21122.88,17598.96,101277.2,304493.6,171.0214,1245281,3844549,33691.48,640633.4,708388,43622.75,66930.84
Scenario 2,811,3,Bull Market,211,TRADING,158875.5,311985.2,153106.5,281656.3,679378.7,749250.1,240481.7,544488.4,734290.9,992485.1,463981.2,290042.1,2373337,34638.76,334455.3,50606.98,293193.6,443406,1423294,45255.72,131979.2,505149.9,385368.8,386527.3,89533.83,132532.2,172387.2,242328.4,112003.4,167888.4,159698.7,143243.5,154440.5,120447.6,141691.5,132974.8,101639.7,1405438,21098.09,17605.44,101451.5,305285.7,170.7611,1244999,3848403,33744.56,641438.2,708770.3,43641.53,66781.79
Scenario 2,812,3,Bull Market,212,TRADING,158851,312787.4,153165.9,281719.6,680701.6,748723.3,240398.2,545204.9,735714,992208.4,464119.9,290107.1,2372383,34626.51,335165.9,50550.85,293699.3,443524.3,1423259,45164.28,131914.9,503949.7,386289.3,386506.4,89721.51,132497.7,171875.5,241865.4,111926.1,167889.2,159520.2,142983.1,154546.3,120289,141977.2,132966.4,101736.8,1405145,21095.46,17615.34,101634,306373.4,170.6811,1244391,3849068,33779.48,642514.4,708701.4,43651.31,66607.74
Scenario 2,813,3,Bull Market,213,TRADING,158835,313588.8,153166.8,281585.2,680951.1,748278.5,240184.9,545460.3,736587,992394.5,463992.5,290211.6,2371866,34604.12,336099.5,50480.21,293749.6,443507.9,1423442,45082.07,131797.8,503550,386309.1,386458,89738.15,132405.6,171613,241415.2,111930,167924.1,159284.8,142672.5,154637.1,120140.2,142000.9,132942,101779.7,1404722,21093.4,17619.42,101804.4,305966.5,170.561,1244350,3853974,33799.07,643887.3,708310.3,43659.51,66454.49
Scenario 2,814,3,Bull Market,214,TRADING,158877,314452.1,153144.5,281518.3,682330.4,747874.2,239851.3,545944,738255.3,992204.8,464081.2,290249.7,2372855,34552.66,337041.7,50395.38,294028.9,443450.6,1422850,45008.97,131642.9,502136.4,387080.4,386613.1,89883.99,132345.4,171718.2,240954.3,111848.4,167900.2,159057.9,142442,154753.4,119946.1,142007.9,132954.5,101951.4,1404502,21074.55,17621.91,101977.6,305694.1,170.3708,1244129,3850755,33821.02,645699.5,707872.4,43660.36,66326.68
Scenario 2,815,3,Bull Market,215,TRADING,158888.3,315127.5,153167.1,281554.4,682698.5,747675.5,239641.8,546533,739053.6,992723,464002.6,290244.4,2373511,34459.73,337890.1,50333.7,294400,443613.2,1422504,44913.27,131480.1,501768.9,387488.3,386813.7,90083.79,132340.9,171390.7,240557.8,111850.7,167969.4,158793.3,142211.5,154638.9,119824.8,142070.9,132917.4,102035.2,1404698,21041.07,17626.96,102138,305348.4,170.3308,1244259,3851312,33839.33,647947.4,707839.7,43662.51,66111.84
Scenario 2,816,3,Bull Market,216,TRADING,158887.6,315583.7,153166.3,281599.6,683392.3,746228,239637.8,546453.5,740008.9,993331.2,463928.1,290465.9,2372826,34459.74,338840.7,50265.2,294692.2,443657.7,1422438,44856.37,131244.3,500949.7,387800.8,387033.1,90210.06,132328.5,171058.5,240060.3,111865.6,167911.4,158554.6,141962.4,154789.6,119572.3,142158.1,132904.4,102292,1404798,21018.45,17623.28,102279.5,305007,170.1606,1243592,3852575,33850.31,648619.8,708211.6,43677.69,65965.17
Scenario 2,817,3,Bull Market,217,TRADING,158935.6,316297.5,153211.7,281752.8,683808.7,745514.5,239310.7,546875.2,740811,993402.6,463863.1,290382.9,2373395,34396.29,339801,50191.65,295024,443625.9,1421741,44805.75,131208.3,500845,387655.6,386982.3,90346.52,132302.9,170813.6,239538.3,111748.1,167919.7,158298.7,141777.5,154786.7,119463.3,142237,132882,102276.7,1405174,20987.64,17614.78,102495,304890.7,170.0805,1243645,3856290,33886.63,649937.7,707758.6,43689.89,65798.93
Scenario 2,818,3,Bull Market,218,TRADING,158943.4,316639.3,153291.9,281626.3,683692.3,745065.3,239091.5,546986.5,741001.9,994015.1,463820.9,290469.6,2374729,34402.25,340561.5,50116.7,295323.8,443769.7,1421869,44650.06,131116.2,499707.1,388134.4,386963.6,90423.73,132279.2,170655.9,239128.6,111749.3,167908.9,158128.1,141660.5,154740.8,119358.9,142298.9,132870.9,102468.2,1405098,20969.55,17606,102670.3,304630.2,169.8503,1242979,3859588,33895.08,651539.1,707535.9,43689.49,65631.12
Scenario 2,819,3,Bull Market,219,TRADING,158948.5,317216.1,153324.2,281486.7,684470.1,744639.7,238925.1,547132.9,742114,994613.5,463744,290384.2,2375565,34351.63,341457,50046.17,295887,443719.8,1422310,44572.8,130916.3,498998.5,388456.2,387147.8,90558.15,132255.2,170645.5,238654.3,111813.2,167980.6,157914.4,141441.8,154757.4,119154.5,142439.9,132861.5,102601.2,1405306,20951.38,17621.61,102888.9,304177.7,169.8804,1243277,3857851,33898.51,652955.6,706860.5,43701.31,65457.4
Scenario 2,820,3,Bull Market,220,TRADING,158982.6,317966,153363.4,281367.5,684150.4,743681.9,238635.5,547260.7,743406.4,994158.8,463643.4,290372.8,2375245,34281.98,342197.6,49998.77,296310.3,443866.2,1421877,44507.27,130800.8,498364.4,389098.6,387342.5,90572.06,132236,170556.5,238177.9,111624.6,167995,157698.2,141189.2,154819.7,118938.7,142564.2,132855.1,102839.4,1405359,20917.51,17633.35,102965.9,303807,169.6702,1243294,3859789,33932.2,654269.2,706193.9,43706.96,65290.49
Scenario 2,821,3,Bull Market,221,TRADING,159015.6,318461,153318.6,281358.7,685034.3,742791.3,238443.2,547700.5,744504.3,994293.4,463543.5,290486.1,2374172,34186.29,343072.6,49924.24,296397.2,443945.8,1422932,44427.1,130618.9,498344.6,390240.6,387055,90701.13,132220.4,170198.1,237684.1,111493.4,167997.4,157503.4,141015.1,154830.7,118820.1,142634.5,132850.1,102988.9,1405094,20908.99,17625.44,103152.8,303754.1,169.6001,1242815,3865003,33911.85,655095.1,705518.5,43718.52,65121.99
Scenario 2,822,3,Bull Market,222,TRADING,159000.3,319542.8,153383.3,281453.1,684613.3,742418.3,238219.3,548348.1,744923.5,995369.9,463478.9,290576.6,2373602,34166.62,343884.8,49860.44,297010.1,444007.6,1422909,44345.85,130576.5,497471.1,390703.5,387398.5,90786.01,132135.2,169924.5,237167.2,111421.6,168018.4,157309.6,140810.3,154909.1,118590.6,142776.9,132846.1,103155.9,1405029,20909.67,17640.05,103311.9,303432.9,169.43,1242791,3862344,33892.58,656262.3,705147.7,43721.95,64986.49
Scenario 2,823,3,Bull Market,223,TRADING,159006.2,320333.3,153359.9,281494.3,684917.2,741534.8,238314.2,548901.8,746429.3,996255.4,463487.2,290564.9,2373844,34197.39,344738.4,49767.07,297196.3,444083.8,1422737,44299.55,130433.3,497500.2,391049,387663.7,90899.62,132097.5,169773.1,236701.5,111329.7,167977.3,157008.4,140658.3,154870.5,118388.7,142822.2,132834.4,103270.6,1404897,20875.89,17640.11,103496.7,303288.1,169.2498,1242235,3864184,33912.52,658433,704138.4,43730.88,64827.17
Scenario 2,824,3,Bull Market,224,TRADING,159011.1,320878.4,153344.8,281394.5,684073.8,741065,238286.7,549187.1,747025.9,997302.9,463047.8,290532.2,2374997,34141.64,345709.8,49699.22,297670.9,444113.9,1422759,44252.77,130260.4,496889.5,391254.8,387814.8,90943.76,132049.3,169530.8,236237.5,111257.5,167989.9,156705.1,140414.4,155028.7,118190.7,143034.9,132837.9,103459,1405102,20861.07,17657.14,103675.2,302947.6,169.1397,1241480,3869344,33914.87,659758.8,703871.2,43726.98,64698.1
Scenario 2,825,3,Bull Market,225,TRADING,159022.1,321518.4,153408.2,281328.6,684254.6,740335.7,238137.4,549445.2,748418.1,998133.1,463097.1,290368,2375360,34139.31,346590.3,49619.67,297927.6,444187.9,1421963,44157.49,130248.5,496363.9,391822.9,387468.8,91102.2,132055.4,169499.9,235732.1,111123.9,168017.7,156468.3,140242.3,155040,118044.1,143054.6,132801.8,103675.3,1405417,20866.42,17672.51,103920.7,302500.8,168.7694,1241122,3869821,33934.18,661031.5,703498.2,43736.48,64518.42
Scenario 2,826,3,Bull Market,226,TRADING,158992.8,322100.5,153378.1,281133.1,684472.9,739560.7,237763.3,549512,749636,998675.3,463175,290491.1,2376421,34105.18,347521.5,49543.51,298323.8,444246,1422350,44052.87,130128.8,495311.5,392103.2,387560.4,91209.93,132068,169322,235298.5,111275.1,167999.9,156224.4,139990,155200.6,117922.7,143079.2,132797.4,103924.6,1405321,20812.44,17687.55,104110.7,302097.1,168.4591,1240882,3877304,33960.65,661212.4,703310.4,43744.03,64315.96
Scenario 2,827,3,Bull Market,227,TRADING,158986.7,322667.8,153429.2,281184.8,686483.9,739214.3,237811.4,548734.2,749190.8,998086.2,463149,290571.9,2376923,34073.22,348175.6,49451.86,298685.7,444408,1422376,44083.42,129998.5,494674.2,391836,387807.8,91381.04,131996.7,169018,234958.2,111307.1,168013.5,156024.6,139762.4,155284.2,117746.4,143093.2,132792.8,103977.2,1405303,20800.62,17704.73,104344.7,301769.2,168.4691,1241345,3876834,33982.01,660947.3,703459.4,43752.56,64159.12
Scenario 2,828,3,Bull Market,228,TRADING,158983.2,323405.9,153468.5,281224.3,687718.4,738290.8,237653.6,547771,749047.3,997585.6,462983.5,290610,2377025,34042.57,349145.1,49353.71,298965.2,444504,1421952,44149.09,129883.1,494205.6,391006.5,388221.3,91548.78,131956.7,168966.4,234456.9,111268.9,167987.3,155783,139566.6,155473.3,117518.4,143218.7,132801.5,103942.8,1404921,20734.05,17718.95,104568.3,301530.6,168.4191,1241164,3876635,34003.93,660381.3,703113.5,43770.33,64013.28
Scenario 2,829,3,Bull Market,229,TRADING,159014.6,324145.9,153424.5,281225.8,688002.3,737851.9,237586,547561.2,748922,997039,462991.8,290607.9,2375029,34023.31,349778.5,49282.51,299663.7,444538.9,1421657,44161.11,129582.2,492846.7,390756.9,388937.2,91668.62,131958.2,168647.9,234157.2,111087.7,168004.1,155520,139303,155389.6,117379.3,143384,132785.9,103925.1,1404957,20719.13,17717,104775.2,301304.5,168.2789,1241782,3877960,34032.58,661860.6,703005.9,43783.9,63828.03
Scenario 2,830,3,Bull Market,230,TRADING,159055.1,324688.9,153413.9,281013.5,688419.8,737440.2,237625.8,547137.6,749022.2,996681.9,462790.4,290682.3,2375588,34033.26,350787.6,49196.15,300033.9,444484,1421732,44251.43,129487.4,492127.5,390821,388859.5,91674.2,131869.5,168369.8,233753.2,110962.2,168001.9,155322.1,139118.3,155426.2,117080.6,143420.2,132754.3,104019.8,1405884,20695.67,17721.42,104963.1,301082.4,168.0387,1241802,3880957,34055.38,663147.8,702510.6,43794.77,63650.85
Scenario 2,831,3,Bull Market,231,TRADING,159090.4,325468.5,153421.9,281025.4,689039.6,736939.1,237579.3,546497.4,748744.1,995680.5,462867.8,290805.6,2374869,33984.77,351580.6,49115.58,300347.4,444624.9,1421818,44292.03,129545.1,491973,391010.9,388918.9,91746.77,131846.8,168165.1,233273.5,110779.9,167997.4,155125.6,138894.3,155457.1,116947.4,143529.9,132760.7,104048.7,1406202,20677.03,17736.48,105125,300659.8,167.8285,1242387,3892822,34037.77,663961.3,702241.5,43801.56,63479.09
Scenario 2,832,3,Bull Market,232,TRADING,159129,325955.7,153446,280967.3,689020,736028.5,237459.3,545560.6,748332.9,995598.2,462638.7,290754.5,2374183,34007.85,352456.9,49024.31,300688.4,444733.8,1421936,44382.93,129462.1,491767.4,390693.1,389162.3,91856.7,131785.5,168137.1,232862.9,110670.8,168007.8,154964.2,138746.7,155519.1,116808.5,143691.6,132770.5,104181,1406278,20668.95,17733.99,105322.1,300343.1,167.7084,1242314,3891071,34053.01,664670,702065,43813.39,63266.33
Scenario 2,833,3,Bull Market,233,TRADING,159175.5,326640.5,153417,281001.8,689539.2,734949.8,237354.4,545082.8,748282.2,994663.6,462628.8,290777.6,2374005,33982.31,353302,48946.56,301021.2,444833.2,1421773,44388.95,129281,491088.6,390221.3,389473.9,91968.24,131734.7,167950.4,232379.5,110649.5,168007,154833.5,138504.4,155429.2,116635.8,143762.6,132729,104325.6,1406144,20640.44,17745.68,105495.5,300032.7,167.6284,1242023,3893328,34094.23,665231.3,701869.6,43836.2,63138.4
Scenario 2,834,3,Bull Market,234,TRADING,159207,327242.9,153427.9,280877.3,689451.6,734504.5,237217.3,545174.7,748660.5,994160.6,462733.2,290689.5,2374370,33945.08,354019.2,48893.57,301117.5,445016.2,1422518,44426.82,129157.9,490942.8,390068.5,389434.8,92207.38,131750.4,167739.2,231852.2,110616.7,167984.6,154583.9,138226.8,155541.8,116537.7,143695.2,132724.2,104391.1,1406146,20601.44,17730.42,105630.2,299517.8,167.3882,1242708,3891810,34105.82,666874.4,701778.2,43851.89,62995.2
Scenario 2,835,3,Bull Market,235,TRADING,159223.1,327620.2,153499.1,280953.2,689942.5,733923,237520.9,544912.2,748465,993921.9,462672.6,290709.5,2375548,33943.08,354756.3,48831.63,301582.8,445133.6,1422865,44464.84,129047.9,490321.2,389772.4,389600,92262.44,131736.9,167531.8,231443.6,110509.5,168027.5,154292.5,137988.2,155477.5,116369.8,143838.7,132720.2,104683.6,1405594,20620.51,17747.59,105772,299013.2,167.0779,1242538,3896721,34130.21,667250.2,701241.6,43848.39,62867.39
Scenario 2,836,3,Bull Market,236,TRADING,159236.5,328431,153471.9,281019.8,690785.1,733471.5,237460.4,544742.1,748486.9,993509.2,462619.2,290702.8,2375875,33929.08,355609.4,48759.28,301982.1,445172.8,1422934,44488.07,128950.9,489181.4,389302.3,389881.4,92315.45,131741.1,167156.8,230963.7,110410.1,168015.1,154076.6,137779.8,155584.5,116248.9,143742.4,132724.5,104903.6,1406148,20622.43,17757.34,105905,298556.6,166.8277,1242778,3898151,34111.59,668247.2,700700.6,43845.21,62662.99
Scenario 2,837,3,Bull Market,237,TRADING,159220.9,329112.1,153515.2,280996.9,691114.9,732793.2,237500.9,544556.5,748116.9,992318.1,462311,290662.4,2375376,33902.32,356401.2,48692.27,302092.3,445151.4,1422938,44568.28,128853.2,488654.6,388836.8,390108.6,92404.79,131718.3,167011.3,230594.7,110238.9,167989.6,153805,137563.1,155579.6,116090.9,143933.5,132734.3,105061.8,1406231,20579.91,17752.15,106133.3,298236,166.4773,1242851,3899358,34141.38,669304.4,701096.6,43855.2,62477.64
Scenario 2,838,3,Bull Market,238,TRADING,159215.6,329398.8,153494.8,281030.6,692064.2,732542.6,237635.4,543947.9,747644.6,992011,462474.5,290741.9,2375626,33895.56,357458.7,48626.37,302434.6,445174.9,1422385,44580.45,128686.4,487758.1,388433.5,390187.4,92570.1,131757.2,166789.3,230029.1,110141.2,167996.1,153583.4,137329.8,155692.8,115945.3,143860,132744.3,105273.5,1406492,20554.27,17736.11,106338.9,297771.8,166.1671,1242794,3904538,34163.64,670547.2,701637.4,43859.67,62305.55
Scenario 2,839,3,Bull Market,239,TRADING,159266.2,330104.3,153563.6,281123.6,692416.4,731916.2,237632.3,543641.6,746841.1,992756.1,462495.3,290888.5,2375188,33877.06,358340.9,48546.88,302587.7,445250.7,1422072,44560.59,128663,487474.2,388207.6,390484.1,92697.76,131793.7,166740.7,229490.1,110070.6,167983.9,153301.9,137195.2,155666.5,115849.6,143832.7,132731.6,105387.6,1406943,20528.43,17729.26,106536.9,297490,166.067,1243172,3908923,34216,670490.3,701472,43875.1,62180.7
Scenario 2,840,3,Bull Market,240,TRADING,159242.2,330946.6,153614.7,281034,692775.6,731559.4,237110.8,543525.2,746417.5,991867.2,462439.4,290923.2,2374129,33887.47,359220,48474.14,302916.7,445300.6,1422088,44546.17,128481,486424.9,387827.3,390417.9,92806.38,131803.9,166509,229066.4,109978.4,167969.4,153109,137036.9,155663.9,115675.6,143885.3,132729.5,105544.3,1407023,20511.03,17740.05,106718,297045.4,165.9969,1242335,3911245,34240.99,671967.3,701646.9,43887.39,62022
Scenario 2,841,3,Bull Market,241,TRADING,159261.5,331401.2,153582.9,280895.1,694039.2,730947.4,236953.4,543254.9,745923.6,991081.9,462377,290908.6,2372278,33832.67,360124.9,48418.23,303249.3,445372.7,1421688,44567.15,128293.9,485427.2,387158.4,390638.6,92848.55,131781.9,166328.4,228578,109900.9,168000.1,152880.4,136816.9,155635.4,115399.6,144142.5,132757.9,105723.4,1407385,20490.35,17744.77,106898.5,296766.2,165.8568,1242122,3914664,34258.11,672751.4,701538,43897.05,61866.67
Scenario 2,842,3,Bull Market,242,TRADING,159282.6,332090.7,153544.3,281030.5,694445.1,731046.8,237141.9,542977.2,745555,990825.6,462286.6,290993.2,2370830,33820.47,361063.2,48347.83,303398.8,445419,1420985,44609.05,128146,483845.4,387007.1,390661.7,92997.4,131760.5,166225.1,228135,109814.2,167957.2,152658,136654.6,155602.6,115209,144278.5,132769.1,105918.3,1407666,20507.66,17743.7,107071.4,296307.5,165.6866,1241513,3921646,34327.97,673778.8,701277.1,43899.77,61686.54
Scenario 2,843,3,Bull Market,243,TRADING,159313.2,332770.6,153537.9,280926.9,694742.8,730449.5,236923.5,542659.4,745326.2,989620.1,462266.8,290964,2369672,33822.9,361817.5,48277.19,303573.3,445467.7,1420656,44594.51,128002.6,483011.3,386931.9,390772.5,93173.96,131717,165877.2,227674.5,109733.3,167927.4,152362.5,136426.3,155540.4,114983.6,144373.6,132716.9,105972.5,1407592,20500.5,17727.05,107213.4,296015.9,165.5165,1241631,3927266,34336.12,674335.4,701582.9,43900.09,61538.17
Scenario 2,844,3,Bull Market,244,TRADING,159365.6,332100.1,153628.3,280865.9,696046.6,729870.4,236858.1,542016.3,744995.4,989398.2,462161.7,290992.9,2368732,33846.95,362564,48195.9,303850.3,445491.1,1420240,44657.66,127970,482016.8,386781,390824.6,93301.78,131641.1,165705.2,227323.9,109665.7,167927.2,152109.5,136172.1,155574.5,114806.1,144524.2,132712.6,105897.9,1407650,20489.58,17745.23,107397,295684.8,165.3263,1241747,3931224,34412.23,674776.6,700940.6,43919.7,61402.1
Scenario 2,845,3,Bull Market,245,TRADING,159372.3,331553.1,153686,280903.4,695611.5,729614.3,236554.3,541793.8,744858.9,988536.5,462394,291026.9,2368832,33758.39,363528.4,48126.51,303748.1,445583.6,1420529,44677.79,127861.2,481528.8,386294.6,390871.9,93379.2,131614.5,165459.3,226881.5,109591.3,167909.5,151916,135992.7,155560.2,114664.8,144474.1,132686.6,105962.3,1407731,20493.86,17745.27,107518.5,295356.4,165.0561,1242161,3935585,34472.67,676813.2,701153.6,43917.89,61231.89
Scenario 2,846,3,Bull Market,246,TRADING,159369.7,330705.9,153716.6,280957,696582.2,729311.8,236416.7,541739.9,744573,987763.6,462401.3,291018.7,2369694,33717.02,364400.3,48079.78,303682.2,445637.8,1420607,44790.56,127859.6,480730.8,386256.4,391026.1,93498.83,131552.6,165500.2,226515.7,109553.6,167899,151788.1,135762.5,155669.7,114523.1,144441.6,132689.9,105941.9,1407576,20448.25,17745.72,107691.4,294798.7,164.8959,1241614,3940978,34508.07,676892.6,701251.7,43912.65,61055.94
Scenario 2,847,3,Bull Market,247,TRADING,159376.1,330110,153698.1,280780.9,697303.6,728329.9,236394.4,541117.8,743958.7,986659,462166.4,290934.1,2369599,33660.92,365293.4,48011.52,303770.4,445689.6,1420742,44796.96,127645.3,479841.9,385373.6,391260.6,93659.71,131516.3,165470.3,226076.5,109497.5,167876.1,151577,135593.2,155919.1,114250.3,144640.4,132678.8,106211,1407597,20417.8,17731.97,107865,294445.5,164.4856,1241637,3944529,34520.4,677577.4,700984.6,43919.26,60876.34
Scenario 2,848,3,Bull Market,248,TRADING,159399.3,329657.1,153790.7,280741.8,697963.6,727808.7,236364.8,540592.2,743971.2,986198.6,462170.3,291035.5,2368990,33610.72,366160.9,47935.85,304466.7,445589.5,1420484,44805.43,127469.2,479517,384479.7,391351.5,93801.72,131469,165326.6,225611,109213.2,167852.2,151346.6,135394,155962.9,114065.8,144794.1,132692.2,106354.5,1407829,20378.86,17737.73,107989.7,294229.2,164.3955,1241114,3948086,34575.41,679442.8,701107.8,43924.96,60684.67
Scenario 2,849,3,Bull Market,249,TRADING,159423.8,329156.3,153780.8,280706.5,698128.3,727451.2,236503.8,540188.7,743181.6,986057.4,461974.8,291082.3,2367550,33597.01,367057.6,47832.06,304527.5,445612.2,1420376,44840.21,127391.1,479194.4,384244,391189.1,93891.56,131430.9,165328.2,225211.2,109094.6,167824.3,151133.5,135121,155965.6,113877.5,144792.7,132711.4,106466.6,1407999,20384.42,17777.65,108098.9,293731.4,164.2454,1240049,3949174,34585.96,679331.6,700939.3,43925.22,60531.48
Scenario 2,850,3,Bull Market,250,TRADING,159439.4,328515.3,153793.5,280782.2,699179.4,727493.8,236633,539690.1,743031.6,985551.6,461903.4,291098.2,2367013,33559.02,367918.6,47750.62,305040,445754,1420525,44877.44,127277.7,478281.3,384660.2,390974.6,94023.18,131360,164775.2,224769.3,109069.7,167857.5,150901.2,134849.3,155928.6,113654.6,144940.3,132696.4,106462.4,1407997,20367.15,17792.18,108225.8,293466.2,164.0652,1240332,3947666,34614.32,680411.6,701058.3,43926.88,60366.77
Scenario 2,851,3,Bull Market,251,TRADING,159403,327843.2,153826.5,280910.8,699400,727206.7,236565.5,539358.5,743130.8,985139.9,461900.9,291188.8,2367146,33552,368680.6,47697.9,305147.5,445717.9,1421205,44832.84,127120.7,477729.2,384667,391277.5,94113.74,131362.4,164396.1,224217.7,108978.2,167883.3,150681.6,134542.2,155899.1,113496.9,145033.7,132683,106596.7,1408466,20350.96,17779.53,108339.1,293186.3,163.7049,1239991,3951261,34625.83,680922.5,700678.2,43933.23,60180.48
Scenario 2,852,3,Bull Market,252,TRADING,159405.4,327260.7,153800.5,281019.4,701713.6,726748.9,236412.3,539157.7,742854.2,984428.5,461767.1,291209.7,2368750,33524.94,369579.2,47633.55,305314.8,445850.7,1420975,44904.6,127017.3,477497.9,384536.1,391158.2,94309.85,131318.5,164146.5,223768.9,108759.8,167849.7,150428.3,134362,156017.4,113338.1,145175.8,132687.8,106557.4,1408743,20343.33,17792.16,108470.2,292732.5,163.2745,1239625,3952533,34660.67,681902.2,700818.1,43932.34,60013.16
Scenario 2,853,3,Bull Market,253,TRADING,159424.9,326811.4,153826.4,280911.5,703342.7,726149.4,236183,538842.4,742702.2,984198.4,461751.5,291290.6,2367567,33530.73,370482.4,47564.94,305840.4,445831.8,1421528,44880.15,126951.9,476562.3,384325.2,391560.1,94418.16,131262.9,164067.9,223261.1,108671.6,167818.6,150263.9,134142.2,156039,113172.4,145256.5,132658.3,106814.2,1408693,20342.39,17796.68,108653.7,292450.4,163.2345,1238637,3954227,34664.7,682115.2,701085.9,43946.27,59835.99
Scenario 2,854,3,Bull Market,254,TRADING,159445.8,326140.1,153810.8,280889.1,702221.3,726310.3,236216.9,538439.9,742064.5,984026.1,461692.2,291402.6,2369354,33503.31,371279.8,47492.47,306031.8,445849.2,1421671,44892.87,126822.1,476128.6,384408.1,391398,94527.88,131219.6,163850.3,222868.8,108609.9,167817.8,150058.5,133895.8,155919.8,113008.4,145349.2,132666.8,107081.4,1409016,20307.6,17812.99,108807,292147.8,163.0944,1238760,3959091,34679.19,682249.9,700909.4,43965.85,59668.52
Scenario 2,855,3,Bull Market,255,TRADING,159419.5,325822.4,153857.6,280894,702167.6,725813.3,236140.8,538349.2,742184.8,983478.6,461649.3,291451.9,2369544,33481.96,372150.7,47424.82,306426,445868.1,1422176,44893.43,126749.2,475230.6,384316.1,391618.4,94614.19,131194.3,163460.8,222421,108399.8,167764.6,149867.4,133725.5,155946,112871.9,145329.3,132638.1,107242.1,1409429,20301.36,17809.18,108972.7,291783.7,162.8842,1238426,3961270,34693.55,683814.3,701091.9,43970.57,59508.46
Scenario 2,856,3,Bull Market,256,TRADING,159468.9,325258.1,153878.2,280845.8,703153.6,725506.4,236025.2,537975.5,741590.3,983449,461684.1,291568.2,2368752,33484.16,372947.1,47362.83,306919,445933.8,1422092,44903.34,126631.4,474437.8,383483.7,391970.7,94627.39,131197.5,163079.4,221971.6,108195,167802.7,149642.6,133501.9,155671.5,112691.7,145499.5,132607.3,107322,1410061,20288.38,17831.6,109127.5,291422,162.734,1238647,3961837,34674.54,685545.1,700914.8,43964.01,59367.22
Scenario 2,857,3,Bull Market,257,TRADING,159461.8,324603.6,153879.2,280900.8,704059.8,725317.5,235657.5,537669.5,741459.2,983218.1,461875.8,291521.2,2368383,33465.07,373832.6,47281.16,307268.2,446055.9,1422000,44917.88,126631.8,473985.9,383467.6,392147.7,94833.25,131126.6,162770.6,221611.4,108096,167836.4,149371.2,133269.6,155668.5,112506.2,145545,132598.7,107438.7,1410225,20284.49,17832.07,109284.7,291000.2,162.4838,1238020,3962497,34699.96,687223.4,701202,43964.72,59197.89
Scenario 2,858,3,Bull Market,258,TRADING,159480.3,323945.7,153880.7,280810.9,704922.6,724617.2,235405.7,537164.6,741178.8,983142.9,461781.5,291697,2368652,33455.57,374589.4,47231.87,307425.9,446101.5,1421785,44923.66,126626.5,473224.5,382890.2,392381.4,94981.63,131097.1,162544.4,221299.1,107833.4,167778.6,149128.6,133118.4,155803.4,112385.6,145840.4,132592.9,107515.1,1409805,20278.01,17831.66,109474.1,290720.7,162.2736,1238111,3967656,34729.6,687640.1,701156.2,43973.46,59060.19
Scenario 2,859,3,Bull Market,259,TRADING,159499.4,323590.5,153868.6,280838.9,705831.2,724067.6,235570.3,536487.2,741098.3,983190.1,461769.6,291775.5,2369477,33427.43,375286.1,47157.39,307846.7,446150.9,1421189,44961.22,126478.3,472497.3,382118.9,392877.2,95134.52,131100.1,162274.4,220943.8,107667.2,167783.3,148907.2,132948.8,155768.8,112207.3,145912.3,132555.8,107626.5,1409417,20267.16,17828.51,109613.4,290297.5,162.1535,1237990,3973169,34740.64,687485.6,700862.9,43978.09,58889.51
Scenario 2,860,3,Bull Market,260,TRADING,159516.1,322818.6,153880.5,280858.2,706949.1,723699.4,235530.6,535936,740505.1,982438.8,461691.3,291922.1,2369325,33395.76,376129.5,47095.62,308076.8,446370,1420816,45041.66,126399.7,472352.8,381567.2,392976.1,95219.27,131136.5,162139.8,220489.4,107559.1,167811.3,148742.8,132705.6,155694.3,111982.5,146026.2,132556.3,107866.2,1409540,20243.99,17850.4,109789.1,289912.9,161.8032,1238225,3972774,34757.52,687565.9,701066.7,43989.61,58725.42
Scenario 2,861,3,Bull Market,261,TRADING,159523.1,322273.2,153898,280957.2,708559.5,723306,235523.8,535805,740251.8,982516.1,461495,291794.8,2369413,33356.36,376749.1,47013.71,308380.2,446518,1420240,45098.16,126238.8,471278.9,381663.2,393434.6,95386.51,131138,162056.4,220015.8,107561.4,167815.3,148520.9,132539.8,155776.8,111852,146390.9,132571.6,107784.7,1409495,20246.97,17842.34,109993.2,289380.4,161.613,1238119,3976124,34795.76,688550.2,700635.4,43981.91,58540.34
Scenario 2,862,3,Bull Market,262,TRADING,159546,321502.2,153852.5,280947.1,709408.6,722099.7,235559.8,535623.8,740101.3,981986.6,461556.9,291944.9,2370052,33307.83,377705.9,46909.35,308237.3,446530.5,1419338,45155.29,126134.8,470889.6,381114.8,393679.3,95601.51,131136.5,162160.3,219633.1,107402.4,167805.3,148285.6,132305.9,155906.5,111684.9,146341.8,132552.9,107923.5,1409282,20215.13,17846.02,110097.6,289027.1,161.4029,1238060,3978346,34821.65,689193.3,700692.2,43983.84,58417.44
Scenario 2,863,3,Bull Market,263,TRADING,159548,320833.2,153808,281081.2,710738.8,721922.4,235212.4,535256.9,739328.7,980914.2,461315.6,291940.3,2370342,33294.79,378587.6,46841.33,308603.5,446763.5,1419139,45146.35,126023.9,470162.5,380903.2,393632.8,95782.12,131082.2,161869.9,219112.8,107456.1,167813,148089.4,132149.8,155894.4,111438.9,146367.6,132530.1,108057.3,1409473,20204.04,17831.69,110271,288686.6,161.2627,1237891,3985284,34864.57,689835.1,701158.4,43994.36,58266.82
Scenario 2,864,3,Bull Market,264,TRADING,159546.3,320309.8,153885.9,281129,711384.5,721332.1,235233.1,534939.4,739310.6,980430.8,461220.2,291921.2,2371436,33296.7,379514.4,46769.02,309255.7,446718.1,1419455,45148.21,125999.9,468979.9,381033.2,393503,95892.73,131054.2,161572.6,218630.7,107488.5,167776.3,147850.8,131953.3,155929.3,111289,146425.2,132522.2,108196.5,1409229,20198.39,17817.69,110406,288439.7,161.0425,1237836,3987761,34868.84,690831.4,701229.3,44001.39,58120.73
Scenario 2,865,3,Bull Market,265,TRADING,159528.7,319652.1,153932.9,281103.9,712541.6,720192.6,235241,534491.1,740266,980384.1,461055.9,292043.2,2371177,33295.68,380510.2,46725.95,309406.4,446838.6,1419550,45142.72,125903.6,468036.5,380543.5,393791.9,96027.23,131033.8,161402.6,218157.7,107425.1,167784.1,147608.8,131788.2,155900,111180.7,146620,132560.3,108417.1,1408959,20175.97,17824.33,110562.7,288159,160.8223,1237763,3987368,34941.69,691004.1,701476.5,44000.89,57971.98
Scenario 2,866,3,Bull Market,266,TRADING,159491,319001.6,153899.7,281040.5,712757.1,719550.1,235272.2,533887.5,739540.9,980036.5,461127.7,291964.1,2370939,33256.78,381543.1,46639.03,309455.8,446909,1419668,45155.53,125766.2,467456.1,380563.5,393980.5,96156.94,130993.3,161043.3,217685.8,107382,167714.7,147339.5,131630.6,155971.1,110974.5,146722.8,132581.8,108436.7,1409015,20145.32,17830.85,110732.8,287785,160.6922,1237309,3988379,34952.32,693035.3,701886.1,43993.39,57829.5
Scenario 2,867,3,Bull Market,267,TRADING,159532.9,318194.1,153885.8,280968.2,713324.7,719605.7,235205.5,533497.8,738810.8,978979.5,461075.5,291978.9,2371386,33247.73,382627.7,46566.06,309797.1,447058.7,1419444,45166.54,125809.5,466315.3,380853.3,394558.7,96231.9,131009.2,160733.6,217185.2,107263.1,167728.2,147123.4,131418.1,155942.3,110791.8,146675.7,132570.7,108561.1,1409148,20123.62,17833.55,110852.8,287248.5,160.4921,1236734,3987331,35005.11,693591.3,701492.8,44007.76,57679.65
Scenario 2,868,3,Bull Market,268,TRADING,159566.8,317437.8,153953.5,280984.8,714405.4,719155,235033.4,532817.9,738813,978477.5,461032.4,291980.5,2370961,33249.11,383417.2,46501.72,310327.4,447097.8,1419422,45235.74,125616.9,466053,380243.8,394842.5,96267.5,131023.3,160471.7,216687.2,107047.1,167729.5,146901.6,131112.5,155792.5,110613.9,146844.5,132554.3,108710.9,1409268,20118.68,17829.86,111031.2,286694.4,160.3319,1236583,3988138,35050.74,694789.6,701562.4,44008.21,57541.52
Scenario 2,869,3,Bull Market,269,TRADING,159553.1,316773.8,153981.1,281031.2,715065.3,718186.2,234944.6,532590.4,739072,977818.8,460891.4,292010.3,2369801,33255.04,384179,46409.9,310679.2,447169.4,1419119,45254.71,125434.9,465894.4,379938.3,395266.3,96381.68,131000.4,160214.3,216210.6,107041.2,167735,146636.6,130934.5,155958.9,110491.6,146901.7,132526.4,108849.6,1409491,20092.56,17814.42,111206.1,286447.8,160.1217,1236261,3987337,35042.01,696407,701664.1,44013.65,57405.01
Scenario 2,870,3,Bull Market,270,TRADING,159562.9,316157.6,153940.7,280982.7,715982.2,717589.1,234734.9,532628,738605.4,977689.2,460985.8,291971.8,2369003,33207.1,385035.8,46328.39,311078.6,447103.3,1418995,45337.57,125389.1,465095.5,379981.9,395614.5,96492.81,130964.9,159913.8,215820.9,106913.8,167712.6,146370,130763.4,156000.5,110334.4,147093,132523.4,108911.8,1409068,20078.84,17819.24,111373.1,286086.5,160.1417,1235821,3990239,35077.52,698498.4,701244.9,44028.72,57221.2
Scenario 2,871,3,Bull Market,271,TRADING,159568.7,315535.8,153988.9,281011.5,716965.2,716882.1,234650.5,532088.2,738553.9,977560.5,461049,291935.3,2368245,33099.27,385855.3,46259.32,311674.2,447232.5,1418836,45338.43,125260.4,464388.4,379701.5,395338.8,96663.59,130931.7,159464.3,215258.7,106710.6,167700.7,146168.3,130564.2,155914.3,110098.6,147246.5,132519.9,109122.6,1409039,20039.15,17821.33,111542.5,285743.8,159.9316,1235678,3993078,35088.5,700214.6,701072.2,44039.03,57066.24
Scenario 2,872,3,Bull Market,272,TRADING,159542.7,314764.4,153933.4,281058,717200.6,716466.1,234549.5,531777.9,738233.1,976325.2,460751.2,291991,2369565,33121.52,386616.7,46203.78,312042.4,447318.8,1419349,45353.62,125097.8,464096.1,379791.6,395367.5,96831.63,130847.7,159338.3,214743.1,106595.1,167721.4,145950.9,130303.9,155965.9,109961.1,147347.7,132512.1,109203.5,1408764,20012.97,17807.38,111594.1,285514.8,159.6913,1235226,3998024,35077.29,700925.4,701536.7,44039.51,56931.15
Scenario 2,873,3,Bull Market,273,TRADING,159540.8,314244.2,153972.9,280978.7,717991.6,716010.4,234309.2,530905.7,737865.1,974981.7,460681,291953.5,2369834,33081.52,387541.9,46116.97,312183,447414.6,1419376,45415.33,124969.9,463238.8,379337.8,395677.4,96924.83,130767.6,159192.1,214235.5,106684.1,167769.7,145764.3,130058.4,155957.6,109805.9,147382.5,132508.7,109348.1,1409325,19999.62,17817.29,111754.1,285038.7,159.5612,1235135,4000362,35077.75,702699.8,702570.5,44046.46,56744.56
Scenario 2,874,3,Bull Market,274,TRADING,159553.3,313690.4,153993.9,281103.9,717838.2,715867.3,234188.4,530418.5,736775.6,974931.4,460673.6,291922.7,2369255,33030.34,388412.9,46047.68,312606.9,447460.9,1418984,45408.69,124916.6,462705,379457.4,395899,97102.82,130785.3,158845.7,213767.7,106679.9,167776.4,145590.5,129901.1,155941.7,109546,147351.7,132479.9,109358.1,1409464,19989.59,17797.42,111863.2,284655.7,159.4211,1234778,4005426,35119.48,703045.5,702871.8,44059.95,56610.43
Scenario 2,875,3,Bull Market,275,TRADING,159561.4,312834,154028,281011.1,719560.4,714889.6,234278.8,529872.9,736748.6,975045.2,460770.9,291965.2,2369068,33042.17,389298.7,45978.32,312804,447455.2,1418884,45433.31,124873.2,461872.4,379122.8,395936.2,97180.53,130713.6,158613.1,213282.9,106698.2,167766.8,145385.3,129697.7,155938.1,109418.9,147318.3,132459.9,109344.7,1409450,19987.69,17801.88,112072.5,284417.5,159.2009,1234310,4013022,35163.64,704668.2,702712.3,44064.76,56451.95
Scenario 2,876,3,Bull Market,276,TRADING,159521.4,312345.3,154004.9,280964.7,719495.6,714682.1,234215.9,529264.8,736774.8,974972.7,460803.1,292119.9,2369693,32993.85,390133.7,45908.42,313272.5,447437.1,1419221,45524.85,124686,461463.3,379330.8,396334.3,97283.51,130699.6,158527.2,212883.3,106645.5,167783.1,145235.2,129494.7,156090,109290.1,147445.4,132435.5,109432.4,1409616,19975.59,17786.58,112277.5,284099.3,158.9907,1233851,4012863,35188.7,705296.6,702319,44072.89,56303.43
Scenario 2,877,3,Bull Market,277,TRADING,159578.3,311540.2,154039.2,280886.1,720170.6,713864.9,234057,529145.8,736501.8,974177,461136.8,292149.4,2369725,32955.39,390902.4,45847.8,313396.7,447430.1,1419281,45567.95,124523.2,460480.1,379257.2,396772.7,97359.13,130625.3,158237,212448.4,106642.7,167838.2,144952,129250,156253.3,109079,147625.6,132445.6,109502.8,1409191,19958.88,17805.85,112442.6,283719.3,158.7105,1234196,4023291,35248.17,706527.5,702016.1,44081.93,56157.96
Scenario 2,878,3,Bull Market,278,TRADING,159606.5,310883.5,154064.9,280913.4,720478.6,713414.5,233720.4,528541.5,736746.8,972797.8,460975,292203.1,2370128,32909.8,391619.4,45782.36,313702.4,447352.4,1419410,45614.21,124357.1,459643.5,379076.7,396739.7,97497.82,130591.5,157840,211965.7,106654,167864.8,144782.9,129045.4,156254.8,108832.3,147866.5,132456.9,109560.2,1409225,19908.68,17831.39,112669.5,283439.9,158.4603,1233700,4023853,35263.07,706651.8,702103.3,44087.64,55965.27
Scenario 2,879,3,Bull Market,279,TRADING,159631.7,310343.9,154063.1,281062.7,720222.5,713015.7,233830.4,528100.6,736163.8,971845.6,460929,292239.5,2370050,32881.18,392225,45698.79,313979.1,447439.4,1420065,45622.08,124313.6,458983.5,378447.2,396597.9,97655.37,130632.9,157512.8,211498.9,106586.1,167839.6,144608.7,128807.7,156190.7,108602.6,148049.6,132463,109813.8,1409173,19888.43,17842.75,112821.2,283149.6,158.21,1233198,4026000,35322.57,707939.4,702224.5,44102.41,55757.9
Scenario 2,880,3,Bull Market,280,TRADING,159625.5,309799.1,154167.7,280967.6,720461.6,711781,233645.2,527612.6,736121.4,971487.4,460961.5,292353.4,2370044,32865.86,392456.9,45633.39,314208.1,447500.7,1419029,45694.12,124117.2,458319.2,377967.2,396907.3,97791.38,130574.4,157247.8,211022.8,106388.5,167835.2,144358.4,128527.8,156374.1,108426.6,148303.6,132437.5,109882.4,1409090,19872.31,17821.45,112973.5,282839.9,158.0899,1232967,4027060,35367.71,708022.7,701906.2,44119.04,55593.8
Scenario 2,881,3,Bull Market,281,TRADING,159633,309325.3,154223.8,280987.5,720224,710594.4,233582.1,526921.8,735932.1,970680.8,460700.4,292399.3,2370925,32881.36,392456.9,45551.23,314497.7,447485.1,1418731,45738.74,124003.8,457306.5,377855.6,396883.7,97829.87,130574.7,157083.7,210589.3,106271.2,167809.2,144142,128258.3,156487.4,108273.2,148578.6,132405.2,110002.8,1409083,19860.33,17812.36,113132.2,282596,157.9398,1232989,4030014,35430.83,709212.1,701358.6,44128.36,55450.06
Scenario 2,882,3,Bull Market,282,TRADING,159610,308649.2,154247,280898.9,720625,709901.5,233578.8,526441.1,735481.1,970296.1,460836,292436.9,2369584,32831.01,392456.9,45488.68,314728.5,447475.3,1418395,45779.16,123831.9,456802.5,378191.3,396895.4,97898.95,130518.8,156796.4,210108.7,106022.9,167773.1,143953.4,128034.8,156536,108117.7,148307.7,132389.3,110037.4,1409239,19825.76,17830,113309.3,282094.2,157.8197,1232642,4037404,35469.57,710685.4,701537.7,44137.05,55300.17
Scenario 2,883,3,Bull Market,283,TRADING,159608.4,307946,154270.8,280935,721248.9,709594,233451.5,526110.2,735312.4,969089.8,460862,292413.9,2370188,32833.97,392456.9,45399.29,315145.1,447508.3,1417974,45718.83,123640.3,456219,377382.1,397227,97987.5,130512,156411,209661.9,105860.1,167755,143694.1,127826.7,156534.9,107947.3,148343.3,132347.5,110220.4,1409250,19828.55,17828.55,113402.6,281638.1,157.7596,1233224,4037162,35489.9,711348.7,700879.4,44139.52,55170.67
Scenario 2,884,3,Bull Market,284,TRADING,159563.9,307415.5,154220.7,280820,722206.3,709114.5,233400.2,525999.4,734655.4,968636.7,460897.5,292459.1,2370523,32786.81,392456.9,45320.21,315653,447373.4,1418046,45771.83,123511.3,454752.5,377085.8,397136.2,98107.45,130440,156132.9,209169.8,105574.9,167724.1,143528.8,127672.5,156493.9,107774.7,148456.2,132314.2,110246.3,1409545,19806.31,17837.27,113601.1,281372.5,157.5094,1233393,4039104,35524.72,712290.3,701169.1,44143.64,55020.46
Scenario 2,885,3,Bull Market,285,TRADING,159618.6,306714.8,154305.5,280686.8,724383.3,708856.2,233358.7,525507,734054.2,968300.5,461066.5,292477.3,2369925,32752.75,392456.9,45241.48,315848.2,447349.3,1417933,45834.13,123493.1,453554.7,377206.7,396633.3,98248.53,130402.4,155834.5,208731.7,105355.9,167679.8,143292.7,127410.9,156474.7,107671.4,148327.9,132321.9,110250.2,1409444,19758.36,17827.71,113716.4,281062.6,157.3092,1233621,4038688,35551.71,713538.4,701035.8,44147.06,54856.5
Scenario 2,886,3,Bull Market,286,TRADING,159631.7,306131.8,154225.1,280558.9,724066.2,708335.4,233606.2,524814.1,733238.9,967439.5,460878,292449.7,2369790,32702.49,392456.9,45182.11,316296.1,447466.8,1418456,45898.78,123403.9,453143.7,376585.6,396754.5,98291.21,130354.8,155539.9,208261.6,105284,167702.2,143047.8,127218.1,156472,107560.7,148302.2,132299.2,110497.1,1409761,19740.56,17833.98,113904.6,280737.3,157.089,1233663,4040783,35569.71,714188.9,700706.7,44153.42,54730.06
Scenario 2,887,3,Bull Market,287,TRADING,159584.7,305280.6,154283.9,280716.9,724628.2,707440,233503.2,524210.2,732348.5,966839.7,460919.2,292519.8,2370710,32668.49,392456.9,45129.55,316300.2,447568.3,1418274,45950.53,123229.4,452515.2,376532.3,397075,98479.34,130365.9,155164.1,207808.7,105289.4,167716.7,142766.1,126949,156438.7,107327.3,148423.9,132275.4,110603.7,1409988,19729.17,17826.1,114058.4,280698.1,156.8688,1233813,4041103,35592.5,713714.4,699930.1,44146.89,54594.6
Scenario 2,888,3,Bull Market,288,TRADING,159573.1,304494.9,154314.6,280721.2,725459.7,706553.6,233664.8,523530.1,732462.7,966799.4,460843.8,292406.3,2369991,32630.25,392456.9,45055.15,316564.7,447544.2,1417606,46042.46,123095.1,452393.3,376133.1,397505.4,98598.83,130308.9,155026.1,207423.4,105164,167680,142527.9,126675,156335.2,107127.1,148562.8,132264.3,110808.5,1410520,19722.43,17843.38,114285.2,280350.9,156.6286,1232751,4043352,35587.17,715639.5,699830.4,44148.41,54490.24
Scenario 2,889,3,Bull Market,289,TRADING,159548.8,303946.2,154318.2,280606.3,726639.8,706027.1,233449.8,523248.4,732004.7,966185.5,460827.7,292493.8,2370228,32603.03,392456.9,44981.68,316697.3,447601.6,1417020,46017.06,122875.8,451767.1,375868.3,397793,98750.48,130241.7,154691.7,206965.8,104979.1,167684.9,142328.9,126349.7,156367.8,106927.6,148450.3,132266.5,110959.7,1410634,19701.91,17837.81,114480.9,280040.3,156.4885,1232789,4042745,35587.07,715788.9,699446.5,44155.73,54337.28
Scenario 2,890,3,Bull Market,290,TRADING,159563.5,303416.7,154352.3,280622.6,728039.2,705748.9,233352.8,523019.7,731426.8,965601,460844.7,292440.7,2371137,32537.3,392456.9,44888.84,316942.8,447613.9,1416302,46086.31,122706.5,452219.7,375505.6,397914.6,98908.54,130255.1,154358.5,206627.9,105112.1,167649.1,142116.9,126219,156231.3,106755.2,148607,132279.9,111119,1410571,19661.69,17846.23,114679.3,279896.4,156.2883,1233625,4049548,35620.53,716794,699166,44163.35,54175.26
Scenario 2,891,3,Bull Market,291,TRADING,159587.7,302781.5,154418.3,280716,727847.3,705348.3,233436.8,522636.1,730374.1,965038.5,460765.2,292426.9,2369873,32522.78,392456.9,44814.52,317040.3,447650.3,1416421,46124.85,122595,451364.6,374757.9,398070.9,98956.97,130293.3,153977.6,206155,105219,167636.1,141942.4,126027.5,156238.9,106598.5,148812.8,132247.6,111246.9,1410423,19642.55,17826.51,114894.9,279576.8,156.0481,1233220,4056869,35656.28,717551.1,699518.2,44155.03,54027.15
Scenario 2,892,3,Bull Market,292,TRADING,159601.7,302043.3,154453.9,280629.5,729761,704550.9,233340.9,521774.1,730287.8,964615.5,460761.9,292337.5,2369994,32522.29,392456.9,44733,317268.3,447838.4,1416685,46205.9,122409.5,451253.5,374521.8,398209.9,99046.9,130268.7,153939.5,205619.5,105013,167677.7,141746.4,125847,156284.8,106404.8,148935.6,132244.2,111471.6,1410869,19645.61,17811.62,115064.8,279362.6,155.8479,1233239,4059886,35714.14,717900.4,699583.6,44151.55,53855.24
Scenario 2,893,3,Bull Market,293,TRADING,159601,301439,154416.6,280576.5,730541.4,704278.3,233521.5,520976.7,729826.3,963543.3,460853.6,292365.5,2369791,32435.11,392456.9,44669.83,317230.3,447847.1,1417220,46272.4,122289.5,450487.7,374203.6,398530.8,99193.36,130265.1,153795.7,205155.6,105007.7,167659.9,141520.5,125626.1,156273.8,106207.1,148886.6,132220.6,111622.5,1411148,19625.24,17798.16,115223.6,279198.9,155.4976,1232745,4062143,35731.21,719703.7,699664.2,44148.25,53730.75
Scenario 2,894,3,Bull Market,294,TRADING,159625.6,300775.3,154452.3,280676.9,731984.2,703481.7,233765.9,520337.3,729016.2,963165.2,460801,292362.7,2370734,32402.2,392456.9,44584.96,317664,447740.4,1417110,46386.86,122031.3,450075.8,373755.8,399052.4,99307.62,130273.5,153566.4,204667.9,104902.1,167648.5,141279.9,125400.8,156317.6,106060.2,148981.1,132173,111851.2,1411006,19599.79,17794.33,115347.6,278957.3,155.3075,1233045,4069416,35751.15,719411.8,699908.7,44148.84,53592.23
Scenario 2,895,3,Bull Market,295,TRADING,159590.3,300237.9,154435.2,280726.3,732869,702631.5,233398.2,519831.7,728453,961883.4,460793.2,292451.5,2371763,32443.27,392456.9,44521.57,318043.2,447782.5,1417825,46430.03,121923.6,449687.9,373254.3,399074.4,99360.72,130197.2,153256,204238.3,104994.1,167641.8,141061,125218.9,156287,105937.7,149147.4,132192.2,112032,1411405,19586.09,17813.07,115531.1,278611.3,155.0472,1232779,4073793,35805.55,720353.2,699929.6,44150.9,53438.72
Scenario 2,896,3,Bull Market,296,TRADING,159593.3,299545.1,154426.4,280672.9,733051.2,701590.6,233168.4,519728,728158.2,960557.3,460597.2,292591.7,2372419,32372.83,392456.9,44451.96,318449,447855,1416816,46490.43,121803.7,448321.5,373256.6,399158.7,99459.44,130091.7,153007.4,203761.4,105000.2,167643.5,140857.9,125067.4,156288.2,105780.9,149221,132151.7,112144.6,1411069,19558.01,17818.32,115723.8,278159.3,154.9572,1233011,4076021,35820.67,720683.7,699331.7,44154.52,53273.87
Scenario 2,897,3,Bull Market,297,TRADING,159637.4,298822,154423.6,280656,734399,701415.5,232963.1,519166.7,728285.8,959926.6,460392,292608.3,2371604,32360.05,392456.9,44379.07,318318,447841.4,1417153,46503.38,121737.6,447947.5,373076.2,399173.7,99542.78,130105,152874,203358.4,104980.8,167652.5,140617.1,124861.3,156407.7,105630.5,149256.3,132156.3,112157.9,1411422,19535.5,17833.54,115900.4,277839.9,154.8571,1233074,4077680,35860.39,722759.7,699474.5,44161.16,53157.99
Scenario 2,898,3,Bull Market,298,TRADING,159662.7,298239,154460.1,280515,734778.7,700594.5,232838.3,518402.5,727412,959281.7,460375.9,292749.6,2371191,32351.72,392456.9,44312.59,318389.5,447909.4,1417539,46486.36,121651.7,447389,372857.2,399516.6,99702.29,130080.3,152722.4,202865.1,104979.7,167610.3,140379.8,124678.2,156278.7,105500.7,149281.9,132147.4,112381.1,1411638,19532.46,17807.38,116040.2,277560.9,154.6569,1233215,4078048,35966.9,723594.1,699702.2,44165,52987.56
Scenario 2,899,3,Bull Market,299,TRADING,159700.1,297468.5,154525.8,280461.4,737100.2,699681.4,232872.8,518048,727084.9,958217.8,460464.9,292726.8,2370508,32283.89,392456.9,44250.7,318775.5,447924.1,1416760,46524.44,121589.3,446654.9,372310.7,399407.8,99754.04,130118.5,152452.9,202484.2,104940.5,167613.7,140133,124448.2,156155.9,105355.7,149217.7,132130.2,112534.7,1411861,19529.5,17814.9,116225.2,277271.5,154.4567,1232507,4082241,35983.8,724143.1,699215.3,44179.78,52823.96
Scenario 2,900,3,Bull Market,300,TRADING,159732.4,296951,154468.6,280398.1,738408.7,698660.1,232710.4,517863.5,727099.3,957262.7,460546.3,292841.7,2370258,32251.22,392456.9,44178.9,318967,448196.8,1417345,46536.33,121557.9,446136.6,371808.7,399388.9,99802.91,130062.1,152231.8,202013.5,104837.3,167569.1,139858.7,124230.9,156164.8,105150.9,149319.7,132143.3,112641.8,1412226,19500.12,17809.94,116431.8,276810.7,154.3967,1231919,4082320,36024.77,724253.6,699266.7,44188.86,52674.44
Scenario 2,901,4,Strong Growth (FOMO),1,TRADING,149748,327677.7,145934.2,290183.1,752768.9,725396.8,221799.1,514736.8,707466.3,1005541,479159.1,284414.6,2335632,32379,400034.2,46042.78,326268.7,468622.6,1433828,45374.41,116866.6,444864.9,380482.6,396184.9,92752.63,134623.6,149980.7,197598.4,106813.6,169417.3,136081.3,132135.3,165130.6,104505.5,152894.1,140797.8,111309.8,1369412,18861.82,17188.67,124132.8,292975.3,145.96,1325958,4529364,34974.04,698414.4,731874,45833.84,50624.54
Scenario 2,902,4,Strong Growth (FOMO),2,TRADING,149538.5,327751.6,145737.9,289685.1,751818.8,725227.7,221012.4,514063.9,706884.3,1006393,478836.7,284367.7,2330948,32320.09,399910.6,46059.46,326423.6,466803.5,1434689,45355.31,116693.2,444836.8,380490.7,396232.4,92681.19,134620.5,149997.4,197596.5,106819.3,169127.1,136107.9,131967.4,165113.2,104512.5,153185.8,140714,111188.3,1366095,18883.8,17223.13,124421.1,292933.4,145.75,1325934,4540595,34958.5,699037.3,730873.7,45817.6,50701.36
Scenario 2,903,4,Strong Growth (FOMO),3,TRADING,149207.9,327696.1,145614.1,289167.3,750643.8,723876.5,220145.9,513588.7,706735.7,1005325,478682.1,284415.7,2324985,32273.51,399684.8,46053.34,327474.6,464995.3,1435485,45360.18,116520.4,444708.3,380483.3,396037,92691.09,134626.3,149939.4,197593.5,106775.3,168931,135796.5,131684.4,165147.5,104549.9,153498.6,140581.3,111153.1,1362849,18910.11,17232.64,124784.9,292856.8,145.51,1326269,4547494,34948.96,699480.1,729708.6,45821.62,50744.37
Scenario 2,904,4,Strong Growth (FOMO),4,TRADING,149020.6,327684.8,145612.5,288882.6,749535.8,723510.9,219368.4,512952.1,706269.3,1005733,478304.8,284381.5,2318334,32226.94,399065.4,46029.3,327428.4,463615.4,1434799,45358.24,116402.3,444714,380394.9,395671.4,92692.83,134620.1,149902.8,197599.2,106870.9,168720.9,135735.4,131669.9,165115.7,104417.3,153854.9,140439.3,111124.3,1360386,18942.03,17241.05,124713,292921.6,145.46,1326684,4551342,34951.41,699575,728641.4,45805.14,50756.25
Scenario 2,905,4,Strong Growth (FOMO),5,TRADING,148765.3,327558.7,145293.4,288591.8,748695,722905.4,218630.1,512131.7,706285.4,1006285,477602.2,284443.4,2311571,32201.38,398731.4,46004.78,327558.9,461985.3,1435405,45385.62,116175.4,444687.2,380454.1,395682.5,92760.68,134617.1,149872.2,197644,106866.7,168437.7,135539.2,131571.2,165117.9,104348,153952.6,140296.9,111025.3,1356717,18974.5,17251.15,124786.4,292821.4,145.22,1326038,4558475,34937.14,700536.3,726987.8,45771.01,50832.28
Scenario 2,906,4,Strong Growth (FOMO),6,TRADING,148552.7,327681.1,145114.6,288144.8,747841.2,722637.2,217859.4,511946.8,706643,1005977,477191,284423.3,2304840,32166.02,398016.6,45935.66,327826.6,460417.1,1434910,45365.65,116085.8,444776.9,380339.8,395790.9,92758.71,134548.7,149922,197521.3,106763.9,168028.7,135304.4,131276.6,165151.8,104239.6,154194.5,140010.4,111020.5,1353668,18990.03,17268.05,124911.1,292877.1,144.92,1325749,4561212,34922.33,700790.6,725276.9,45765.88,50810.35
Scenario 2,907,4,Strong Growth (FOMO),7,TRADING,148327.9,327774.9,144943.8,287825,746780.5,722432.1,217165.7,511428.7,706158.5,1006200,476699.4,284441.9,2299628,32120.66,397721.5,45868.01,328377.4,458443.5,1435190,45352.67,116066.7,444681.7,380522.6,395627.3,92548.42,134550.4,149860.1,197421.4,106713,167628.2,135219.2,131087.4,165108.6,104222.6,154458.2,139842.3,110862.3,1351358,19015.99,17276.83,124890,292933.3,144.87,1325326,4564994,34929.36,701694.1,724131.8,45744.88,50823.44
Scenario 2,908,4,Strong Growth (FOMO),8,TRADING,148072.9,327744.5,144728,287506.6,745480.9,722796.5,216438.6,510675.6,706302.9,1005265,476130.8,284425.3,2294027,32079.5,397307,45821.54,329032.4,456488.8,1435698,45319.82,115811.2,444553.9,380603.1,395424.5,92458.37,134553.6,149842.1,197438.5,106667.5,167409.8,134929.6,130994.8,165147,104184,154667.4,139673.2,110838.5,1348403,19030.47,17295.34,125150.9,293082,144.7,1324862,4576836,34907.79,702389.7,722817.1,45717.27,50911.48
Scenario 2,909,4,Strong Growth (FOMO),9,TRADING,147824.8,327736.5,144483.9,286940.6,744526.2,722656.8,215665.8,509732.8,706484.1,1005121,475629,284462.6,2288257,32044.11,396706.4,45754.21,329294.5,454669.9,1435204,45313.6,115669.3,444514.7,380581.7,395406.7,92421.02,134571.9,149829.8,197436.5,106629.4,167035.8,134840.6,130845,165172.5,104078.9,154910.2,139487.7,110772.7,1345106,19036.37,17314.64,125147.3,293026,144.47,1324221,4585995,34904.72,702212.4,721865.5,45689.35,50911.76
Scenario 2,910,4,Strong Growth (FOMO),10,TRADING,147570.8,327663.6,144202.5,286342.3,743610.8,721412.4,215005.9,509123.3,706577.9,1004752,475784.7,284322.4,2281975,31982.38,396137.2,45742.44,329795.5,452894.2,1434281,45296.71,115510.2,444433.4,380574.2,395334.5,92364.95,134593.5,149871.3,197423.1,106712.2,166753.6,134557.1,130807.7,165200.5,104127.7,155204.3,139480.7,110691.9,1342501,19045.64,17334.83,125316.9,293064.4,144.08,1324321,4591528,34921.2,702549,720766.6,45632.58,50972.06
Scenario 2,911,4,Strong Growth (FOMO),11,TRADING,147377.4,327608.9,144182.2,286142,742385.5,721553.6,214402.4,508464.2,706529.4,1004989,474695.8,284332.9,2274993,31938.43,395164.2,45711.49,330222.4,451390.9,1434698,45286.78,115435.8,444468.9,380575.5,395309.7,92410.6,134590.2,149903.9,197416.8,106667.4,166525,134524.8,130520.4,165211.8,104051.5,155461.5,139564.4,110640,1339210,19091.92,17348.73,125432.3,293067.8,143.96,1324112,4597365,34926.26,701980.7,719414.3,45594.5,51005.27
Scenario 2,912,4,Strong Growth (FOMO),12,TRADING,147169.8,327593,144032.3,285698.5,740856.4,721540.1,213620.1,507863,706559.1,1004102,474264.7,284307.5,2268653,31888.25,394426.5,45696.89,330719.2,449951.6,1434618,45272.11,115258.2,444544.1,380628.6,395446.8,92263.71,134618.2,149871.7,197412.2,106704,166338.4,134314.2,130338.7,165164.5,104007.9,155714.7,139444.5,110562.7,1336641,19125.46,17378.24,125436.2,293101,143.66,1324100,4597920,34920.57,702931,718544.3,45550.32,51075.27
Scenario 2,913,4,Strong Growth (FOMO),13,TRADING,147006.6,327629.8,143924.2,285192.2,739514.3,721196.2,212771.2,507780.6,706749.9,1004217,473805.3,284261.4,2261818,31841.22,393817.3,45653.85,331152.5,448214.3,1435839,45282,115134.7,444515.8,380581.9,395473.6,92235.89,134587.1,149928.4,197353,106664.7,166256.4,134264.2,130119.6,165203.8,103916.2,155946,139248.3,110473.3,1333972,19151.37,17366.78,125565.3,293110.5,143.4,1323941,4601496,34915.25,703435.6,717743,45485.93,51114.51
Scenario 2,914,4,Strong Growth (FOMO),14,TRADING,146807.4,327353.4,143774.2,284820.9,738399.8,720469.9,211955.2,507284.9,706217.4,1004126,473380.2,284320.6,2254609,31802.83,393383.1,45648.26,331612.9,446581.6,1435830,45262.12,114963.6,444564.1,380530.3,395502,92103.04,134591.2,149918.2,197403.7,106544.9,166042.4,134089.1,130042.1,165199.9,103785.9,156110.6,139122.1,110352.5,1330364,19177.46,17376.62,125426.7,293127.6,143.18,1324352,4603809,34886.11,704729.1,716533.5,45494.27,51189.48
Scenario 2,915,4,Strong Growth (FOMO),15,TRADING,146535.6,327272.4,143608.5,284582,737046.3,719357.9,211177.9,506713.2,706223,1003892,472716.5,284345.7,2250585,31775.39,392923.6,45634.04,332190.2,445299.2,1436458,45255.52,114834.9,444620.5,380742.8,395484.2,91983.1,134601.5,149959.3,197420.5,106541.9,165739.8,133893,129902.2,165191.3,103864.7,156413.9,138839,110165.4,1326857,19202.61,17395.06,125469.9,293119.7,143.08,1324000,4608754,34875.48,705875.6,714630.3,45455.14,51297.46
Scenario 2,916,4,Strong Growth (FOMO),16,TRADING,146260.2,327224.4,143368.5,284370.4,735758.5,718850.5,210628.1,506043,706557.4,1004153,472121.4,284347.4,2244007,31702.43,392357.1,45614.14,332840.9,444156.5,1436142,45258.44,114716.1,444579.6,380810.6,395473.3,91842.17,134601.8,149991.4,197451.6,106434.8,165360.6,133807.9,129764.4,165271,103689.1,156521.5,138606.5,110077.6,1323468,19230.24,17405.55,125496.6,293200.4,143.03,1323420,4612884,34883.2,705260.4,713699.2,45432.92,51325.16
Scenario 2,917,4,Strong Growth (FOMO),17,TRADING,146049.5,327184.6,143101.9,284004.9,734030.7,717995.9,209856.2,505422.8,706877.7,1003813,471927.5,284328.5,2238955,31646.42,392196.8,45553.57,332823.9,442724.2,1436870,45255.32,114520.9,444598.9,380901.7,395610.5,91702.84,134569,149996.3,197434.8,106423,165311.1,133597.1,129641.6,165307.6,103564.2,156789.5,138554.5,110008.6,1320501,19247.99,17408.7,125535.8,293233.8,142.77,1323091,4619034,34872.31,706079,712553.8,45382.27,51371.75
Scenario 2,918,4,Strong Growth (FOMO),18,TRADING,145801.8,327182.8,142843.3,283415.4,733217.7,717234.3,209083.2,504929,707015.7,1005550,471271.6,284312.9,2233110,31594.26,391630.9,45491.87,333135.2,441268.5,1436952,45244.2,114371.2,444508.3,381003.8,395502.2,91607.3,134583.4,150052.6,197394.6,106356.8,165063.8,133472.3,129380.2,165271,103597.9,157106.5,138586.2,109986.1,1317779,19269.56,17400.18,125842,293308.4,142.61,1323424,4622383,34870.55,706778.3,711265.7,45351.12,51433.82
Scenario 2,919,4,Strong Growth (FOMO),19,TRADING,145625.6,327027.1,142669.7,282967.1,732337.4,716869.2,208332.1,504234.4,707157.4,1006548,470783.2,284306,2228665,31573.58,391342.8,45475.88,333608,439824.9,1436822,45238.97,114309.9,444395.9,381062.6,395510.3,91540.46,134554.1,150050.3,197350.3,106251.1,164760.2,133405,129323.3,165318.6,103545.5,157380.3,138368.6,109850.6,1314350,19282.3,17393.1,126056.9,293411,142.25,1324287,4628859,34867.51,707744.9,709846.1,45292.83,51507.95
Scenario 2,920,4,Strong Growth (FOMO),20,TRADING,145385.8,327001.1,142559.1,282494.3,731186.8,715842.9,207544.9,503708.4,707025.8,1007002,470030.3,284359,2221489,31524.59,390908,45435.25,334364,438521.9,1437296,45245.25,114203.9,444323.1,381123.8,395486.8,91396.16,134558.8,150047,197396.2,106212.5,164599.3,133422.6,129260,165332,103523.8,157520.5,138264,109776.9,1311213,19321.49,17413.97,126201.6,293382.3,141.98,1324238,4633864,34868.19,708187.7,708405.7,45238.71,51604.62
Scenario 2,921,4,Strong Growth (FOMO),21,TRADING,145166.9,326977.9,142377.5,282055.2,730075.9,715315.3,206861.9,503081.3,707410.9,1008127,470010.5,284352.8,2216124,31480.58,390455.3,45428.85,334349,436566.6,1437474,45242.47,114058.8,444384.7,381198,395567.9,91388.35,134546.7,150014.4,197374,106231.3,164247.4,133199.2,129214.6,165350.3,103580.8,157755.5,138044.4,109692.2,1307574,19346.28,17467.33,126526.3,293250.3,141.89,1323945,4639659,34853.35,709126.3,707368.4,45191.58,51705.83
Scenario 2,922,4,Strong Growth (FOMO),22,TRADING,144922.7,326697.6,142045.4,281681.7,729257.7,715153.7,206088.2,502386.8,707576,1007919,469667.9,284366.2,2209694,31418.83,390262.3,45365.41,334752.7,434534.6,1437528,45253.25,113851.5,444372.2,381234.4,395545.3,91331.82,134526,150039,197390.6,106245.5,163777.8,133212.4,129008.8,165390.3,103585.3,157919.3,137810.6,109643.5,1303772,19357.35,17473.05,126476.7,293181.7,141.65,1323846,4646523,34861.97,709415.3,706162.3,45152.75,51738.39
Scenario 2,923,4,Strong Growth (FOMO),23,TRADING,144746.3,326537.6,141955.7,281058,728363.1,714709.4,205288.5,501907.7,707742.3,1007282,469177.9,284359.5,2203829,31387.34,390205.9,45320.34,335065.6,433218.6,1437641,45252.74,113684.5,444405.5,381402.5,395420.2,91233.53,134515.8,150060.1,197417.8,106238,163577.3,132947.6,128823.8,165309.5,103484.1,158214.3,137624.7,109628.9,1300553,19395.29,17495.63,126695.9,293225.7,141.37,1323919,4653960,34853.02,708970.3,705147.2,45119.9,51782.29
Scenario 2,924,4,Strong Growth (FOMO),24,TRADING,144525.2,326547.2,141867.5,280508,727017.7,713839.8,204487.8,501384.1,708303.2,1007678,468758.8,284398,2197847,31335.05,389823.5,45281.72,335501.2,431486.4,1438150,45249.92,113655.7,444543.2,381380.8,395586.7,91111.31,134503.6,150108.5,197351.4,106120.6,163408.6,132870.6,128705.6,165306.6,103408.1,158480.6,137443.7,109603.3,1296305,19429.51,17513.52,126890.5,293414.5,141.16,1323391,4661544,34834.29,708825.7,703979,45082.49,51875.99
Scenario 2,925,4,Strong Growth (FOMO),25,TRADING,144269.4,326488.2,141652.4,279961.5,725787.6,713402.5,203705.7,500865.3,708586,1009032,468349.2,284447.2,2192403,31290.61,389251.7,45230.39,336279.8,430051.2,1438674,45227.17,113524.3,444549.1,381300,395625.2,91017.23,134530,150100,197405.8,106059.5,163070.9,132648.2,128354.7,165320.3,103227.5,158644.6,137342.6,109580.6,1292783,19457.81,17513.47,127093.5,293436.6,140.78,1322970,4666202,34826.85,710117.3,702909.7,45027.18,51882.91
Scenario 2,926,4,Strong Growth (FOMO),26,TRADING,144074.7,326416.3,141621.1,279497.6,724552,712016.7,202944,500439.9,708695.1,1009277,467854.9,284437.8,2185717,31247.84,388999.2,45151.91,336512.1,428279.6,1439445,45213.23,113410.9,444496.4,381280,395679.6,90958.37,134503.4,150100.8,197412.2,106005.5,162852.1,132538.8,128128.1,165328.4,103133.8,158790.8,137083.9,109489.8,1289260,19488.24,17531.19,127265.5,293453.4,140.56,1322806,4672522,34822.05,710447.2,701683.4,45048.02,51951.83
Scenario 2,927,4,Strong Growth (FOMO),27,TRADING,143900.7,326563.8,141436.7,279254.9,724128.4,711675.1,202248.2,500009.4,708911.5,1010245,467514.6,284385.2,2180514,31193.03,388347.7,45112.98,336850.7,426293.4,1438202,45200.98,113195.9,444514.5,381250.3,395656.9,90826.55,134517.3,150172.3,197417.7,106019.9,162601.1,132431.1,127952.4,165313.8,103003.3,159060.1,136886.6,109388.8,1286513,19522.67,17544.93,127383.1,293326.9,140.27,1322950,4671782,34809.38,711357,700751.5,45026.37,52008.18
Scenario 2,928,4,Strong Growth (FOMO),28,TRADING,143663.2,326367.1,141240.4,279099.9,723463.1,710587.1,201655.4,499719.9,709017.8,1009215,467254.9,284418.8,2174450,31153.85,387673.6,45061.91,336777.2,424744.4,1438895,45182.46,112956.1,444504.6,381275.7,395888,90606.85,134551.5,150252,197351.5,106024.5,162548.7,132443.3,127823.5,165344.7,102989.7,159332,136790,109448.1,1283976,19514.22,17552.48,127458.1,293313.8,139.99,1322780,4674497,34795.47,712280.1,699205.7,44993.81,52089.49
Scenario 2,929,4,Strong Growth (FOMO),29,TRADING,143429.3,326363.3,141078.6,278800.8,722184.6,709718.1,200866.3,499483.6,708878.5,1009829,466556.8,284461,2168819,31095.82,387403.1,45029.98,337024.4,423477.7,1438691,45152.94,112743,444682.2,381083,395761,90491.7,134542.8,150208.5,197311.9,105958.9,162195.1,132451.1,127557.6,165336.1,103072.8,159598.7,136422.4,109379.6,1281650,19556.33,17588.11,127787.7,293436.5,139.72,1323113,4679500,34816.26,712965.7,698151.2,44964.15,52135.28
Scenario 2,930,4,Strong Growth (FOMO),30,TRADING,143220.4,326321.3,140741.1,278315.3,721674.7,708311.2,200312.8,498945.9,709426.2,1008782,465986.3,284540.6,2163336,31040.19,386973.9,45019.97,337538.2,421659.4,1438328,45140.88,112646,444574.8,381424.6,395785.1,90435.12,134558.3,150210.9,197317.1,105973.7,161871.7,132515.9,127530,165420.5,103007.5,159726.5,136106,109280.9,1278304,19580.61,17602.23,128108.5,293714.5,139.54,1323097,4685072,34831.7,713521.1,696632.3,44955.64,52210.69
Scenario 2,931,4,Strong Growth (FOMO),31,TRADING,142931.8,326258.9,140801.9,278135.7,720658.2,708452.4,199639.4,498323,710105,1008539,465659.6,284481.8,2157132,30976.04,386140.4,45000.34,338084.7,420252.1,1438027,45132.21,112434.2,444501.1,381374.2,395908.8,90375.48,134522.9,150257,197172.2,106001.2,161623.7,132287,127262.1,165426.7,103001.1,159983.2,135939.8,109200.1,1274960,19601.32,17592.34,128348.8,293762.9,139.27,1323125,4690783,34832.94,714452.7,695039.1,44942.49,52320.76
Scenario 2,932,4,Strong Growth (FOMO),32,TRADING,142715.7,326257.5,140696.2,277723.4,720133.6,707315,198970.8,498201.8,710569.9,1007583,465517.7,284460.2,2151256,30943.32,385690.2,44992.77,338391.2,418748,1438066,45125.06,112414.3,444622.6,381422.7,396012.2,90342.31,134475.6,150290.6,197169.9,105975,161429.9,132275.9,127159.1,165370.3,102965.3,160151.8,135688.4,109052.1,1271671,19635.91,17608.9,128644.9,293804.7,139.26,1323180,4697718,34839.27,715077.5,693984.2,44933.54,52277.62
Scenario 2,933,4,Strong Growth (FOMO),33,TRADING,142521.2,326209.8,140472.9,277566.9,719685,707126.9,198330.9,497458.3,710109.5,1007901,465165.6,284435.5,2146895,30913,385614.7,44946.96,338154.4,417174.8,1438728,45122.98,112306.8,444630.6,381414.3,396040.8,90314.62,134474.5,150268,197215.1,105906.7,161293.2,132050.4,127058.1,165365.3,102928.4,160370.5,135491.5,108973.1,1268000,19657.81,17621.62,128758.2,293823.9,139.01,1323302,4700409,34832.98,715248.3,693321.8,44911.27,52358.1
Scenario 2,934,4,Strong Growth (FOMO),34,TRADING,142311.5,326345.7,140255.1,277195.9,718242.6,705731.5,197535.2,497037.6,709376.1,1008207,465068.3,284462.3,2140645,30885.21,385157.3,44901.58,338425.6,415496.3,1438614,45128.14,112310,444507.2,381446.4,396233,90260.32,134478.6,150299.7,197278,105905.3,160893,131916.1,126878.7,165371.6,102903,160580.7,135304.4,108903,1265266,19696.97,17638.93,129100.4,293842.2,139.06,1323412,4708227,34839.93,716277.8,692351.3,44895.95,52369.32
Scenario 2,935,4,Strong Growth (FOMO),35,TRADING,142087.3,326273.3,140082.1,277020.2,717116.9,705196,196805.6,496593.8,709553,1008415,464858.3,284459.6,2135918,30811.73,384837.9,44841.45,338887.4,413878.8,1438575,45120.44,112210.1,444502.2,381595.7,396237.6,90157.14,134460.8,150325.3,197262.4,105902.3,160559.7,131826.4,126665.7,165333.3,102897,160833.9,135014.9,108826.7,1262297,19713.46,17659.05,129268.3,293856.4,138.93,1323354,4710611,34822.9,716461.3,690706.5,44878.44,52436.87
Scenario 2,936,4,Strong Growth (FOMO),36,TRADING,141882.2,326290.4,139863.9,276529.3,716374.8,704230.3,196052,495784,709772.1,1009542,464518.9,284509.1,2130186,30754.9,384230.1,44800.84,339669.8,412242.7,1438203,45121.79,112141,444563.3,381579.3,396204.4,90174.33,134476.3,150331.7,197248.4,105909.2,160559.6,131758.8,126584.8,165352.1,102803,160981.9,134798,108733.9,1258881,19729.32,17693.86,129236.2,293848,138.8,1323413,4716246,34809.87,717356.8,689530.9,44883.36,52493.04
Scenario 2,937,4,Strong Growth (FOMO),37,TRADING,141717.1,326361.6,139776.3,276236.5,715805.8,704031,195425.7,495061.1,709823.5,1009472,463903,284480.4,2125058,30684.15,383788.8,44804.95,339902.5,410634.3,1437938,45133.25,112166.2,444625.7,381488.5,396027.9,90053.32,134478,150304.1,197285.5,105842.9,160395.9,131801.6,126476,165435.4,102760.3,161177.3,134696.9,108568.1,1255204,19752.84,17719.92,129392.2,293850.7,138.82,1323205,4723160,34809.97,717961.2,688410.2,44819.41,52539.41
Scenario 2,938,4,Strong Growth (FOMO),38,TRADING,141573.7,326198.2,139443.8,275746.3,714681.7,703081.6,194684.2,494551.4,709545.1,1008633,463607.6,284452.5,2117922,30629.37,383395.1,44772.44,340174,409280.3,1436337,45142.84,112036.5,444784.3,381417.6,395891.4,89963.21,134481.2,150280.8,197243.3,105864.2,160150.6,131615.6,126279.7,165376,102844.1,161542.1,134415,108456.6,1252619,19779.4,17755.84,129272.3,293789.6,138.59,1322776,4726354,34795.87,718054.2,687081.4,44753.64,52610.16
Scenario 2,939,4,Strong Growth (FOMO),39,TRADING,141420.8,326268.6,139298.9,275279.8,713717,702039.7,193957.2,493999.5,709067,1008116,462830.3,284612.4,2111281,30602.92,383051.8,44729.8,340817.6,407775.6,1435743,45123.98,111793.6,444701.2,381420.2,395815.2,89944.4,134472.8,150338.9,197217.6,105789.5,159888.4,131492.6,126146.1,165368.5,102838.6,161899.1,134155.7,108310.9,1250298,19800.84,17773,129385.3,293717,138.42,1322462,4730621,34763.01,718341.9,685352.9,44704.32,52610.44
Scenario 2,940,4,Strong Growth (FOMO),40,TRADING,141225.7,326272.1,139114.6,274705,712699.5,701355.6,193279.5,493699.6,709747,1008216,462518.6,284598.5,2104969,30546.85,382872.3,44677.46,341028.3,406060.8,1434919,45113,111584.1,444662.9,381432.5,395898.8,89890.77,134473.5,150345.8,197141.1,105762.7,159626.7,131422.6,126044.9,165369.2,102838.2,162115.6,133797.8,108200.6,1247243,19844.64,17805.11,129471.8,293778.3,138.1,1323164,4738731,34764.21,718792.1,684200.2,44728.85,52634.41
Scenario 2,941,4,Strong Growth (FOMO),41,TRADING,140978.3,326303.5,138943.3,274146.3,711676.1,699939.7,192413.7,493223.9,709655.5,1008675,461705.5,284648.3,2099776,30504.98,382865.3,44616.52,341203.8,405010.2,1433890,45104.51,111615.9,444734.5,381437.9,395940.9,89848.9,134476,150371.5,197073,105705.6,159504.6,131431.7,125967.2,165369.6,102750.4,162325.8,133666.4,108088.5,1243708,19865.19,17789.61,129409.7,293680,137.97,1323320,4751981,34770.32,719716.8,683266.6,44693.58,52710.4
Scenario 2,942,4,Strong Growth (FOMO),42,TRADING,140765.2,326486.4,138745.7,273743.7,710427.8,699041,191569.9,492819.1,708908.9,1008511,461130.9,284598.7,2094830,30447.16,382773.3,44591.66,341337.1,403643.3,1433642,45123.24,111535.7,444673.5,381467.7,395755.3,89650.68,134460.3,150417.8,197065.5,105639.7,159417.9,131226.5,125646.7,165320.3,102695.9,162484.4,133615.3,108073.8,1240057,19899.3,17815.73,129529.9,293701.7,137.8,1323146,4753501,34761.22,720001.4,682122.2,44647.83,52771.47
Scenario 2,943,4,Strong Growth (FOMO),43,TRADING,140628.5,326480.8,138554.1,273382.1,708944.4,697835.4,190917.9,492518.7,709360.3,1010360,460864.7,284552.8,2089183,30391.56,382080.6,44548.59,341733.7,402004.7,1434376,45126.63,111449.7,444471.2,381351.4,395699.3,89530.36,134494.9,150419.8,197054.3,105515.4,159114.2,131166.9,125348.8,165368.8,102740.2,162832.7,133504.3,108053,1237373,19908.12,17833.07,129739.5,293755.8,137.38,1323048,4757890,34770.72,720236.8,680000.6,44662.93,52825.46
Scenario 2,944,4,Strong Growth (FOMO),44,TRADING,140390.9,326378.1,138344.1,272927.7,707859.6,697360.6,190101.1,491807.8,708562.5,1010101,460532.5,284500.4,2083664,30363.62,381425.4,44479.47,342429.2,400358,1434601,45120.95,111402.7,444577.5,381365.3,395570.7,89389.94,134522.5,150415.8,196998.7,105480.7,158890.5,131030.3,125275.1,165389.6,102698.8,163088.5,133320.7,108054.3,1234294,19939.91,17846.55,130066.7,293787.5,137.23,1322641,4761481,34763.65,721052.5,678611.5,44621.04,52898.61
Scenario 2,945,4,Strong Growth (FOMO),45,TRADING,140115.3,326146.7,138362.2,272668,706393.6,696342.4,189284.9,490731.4,708568.8,1010500,460169.4,284458.2,2078410,30328.22,380976.3,44468.5,342787.1,398768.7,1434710,45129.43,111302.1,444546,381362.8,395718,89394.8,134508.8,150437.7,197008.6,105428.9,158700.8,130897,125103.6,165374.2,102590.3,163402.8,133198.9,107902.2,1230539,19965.89,17865.32,130160.8,293712.9,136.92,1322512,4767968,34748.08,721191.8,677437,44547,52976.78
Scenario 2,946,4,Strong Growth (FOMO),46,TRADING,139845.3,326104.2,138145.3,272247.4,705159.1,695457.4,188470.7,490285.3,708107.2,1011305,459523.6,284404.3,2073145,30286.47,380508.2,44442.45,342798.3,397020.9,1434503,45117.45,111136,444565.4,381427.7,395734.7,89272.44,134506.1,150416.7,197001.8,105438.4,158506.6,130840.3,124995,165421.9,102507.1,163659,132918.1,107903.7,1227362,19994.15,17894.39,130076.6,293887.2,136.76,1322658,4774363,34739.13,721338.2,676037.3,44507.26,52972.1
Scenario 2,947,4,Strong Growth (FOMO),47,TRADING,139653.4,325929.5,137920.3,272042.9,704207.5,695427,187778.2,489723.8,708166.9,1010417,459406.2,284454.8,2068144,30235.02,380245.1,44389.2,343300.2,395477,1435901,45122.25,111097.1,444748.9,381459.6,395974.4,89248.74,134467.3,150436.5,197092.4,105326.5,158243.9,130672.2,124838.3,165430.8,102502.3,163833,132663.9,107897.8,1224004,20020.89,17916.77,130299.7,293980.1,136.7,1322484,4780116,34753.46,722829.5,675105.9,44456.6,52981.9
Scenario 2,948,4,Strong Growth (FOMO),48,TRADING,139464.2,325858.3,137875.9,271698.6,703219.5,695501.3,187029,489243.9,708198,1010353,458984.9,284448.3,2061363,30208.27,379894.4,44350.68,343290.1,393848.5,1436005,45121.81,111076.5,444771.7,381334.6,395857.5,89261.55,134464.9,150487.1,197043.3,105233.5,157856.9,130658.2,124716.7,165363.3,102440.5,163988.2,132419.5,107747,1221490,20045.08,17932.05,130607,294052.5,136.41,1322278,4784212,34731.29,723303.2,674308.1,44414.38,53032.38
Scenario 2,949,4,Strong Growth (FOMO),49,TRADING,139233.1,325728.1,137826.4,271437.4,701461.3,694545.5,186248.9,488523.2,708777.2,1010619,458077.3,284427,2055739,30135.7,379228.6,44329.42,343608.1,392704.8,1435788,45115.27,110914,444577.9,381541,395736,89133.6,134476,150487.3,197119.4,105269.4,157746.6,130420.6,124536.4,165364.7,102394,164042.7,132180,107624.9,1218417,20066.35,17952.48,130682.7,294099.1,136.24,1322097,4791979,34725.41,723701.2,672693.8,44380.62,53064.13
Scenario 2,950,4,Strong Growth (FOMO),50,TRADING,139046.4,325767.7,137629.1,271002.4,700527.7,693422,185589.8,488174,708222.5,1011034,457647.5,284569.2,2049961,30086.2,378692,44299.95,343800.7,391422.1,1435653,45120.89,110866.1,444567.6,381501.4,395831.3,89004.42,134475.4,150531.9,197057.3,105217.7,157720,130280.4,124313.1,165428.9,102382.9,164300.9,132060.2,107512.7,1214818,20101.91,17974.05,130751.6,293922.9,135.98,1322078,4798106,34726.21,723726.3,671618.7,44375.4,53089.4
Scenario 2,951,4,Strong Growth (FOMO),51,TRADING,138832.4,325823.5,137517.9,270634.4,699087.9,693076.5,184848.9,487681.3,709017.7,1010696,457141.3,284594.6,2044224,30042.57,378147.2,44203.23,344045.1,389871.1,1435383,45104.58,110804.5,444521.4,381484.6,395722.2,89039.95,134469.8,150602.8,197049.2,105141.8,157519.2,130079.7,124178.8,165390.9,102327,164451.4,131820.7,107449.3,1212240,20127.26,17980.85,130772.4,294039.9,135.64,1321689,4803361,34716.53,724350.3,670558.9,44317.69,53165.45
Scenario 2,952,4,Strong Growth (FOMO),52,TRADING,138564.8,325838.4,137322.5,270297.2,698100.2,692139.4,184146.1,487203.5,709031.5,1011259,456717.6,284539.7,2038260,29989.24,377573.6,44151.71,344521.6,388619.9,1435564,45131.31,110713.7,444652.6,381407.6,395554.1,88997.39,134483.9,150569.6,197029.4,105091.5,157088.2,129940.9,124141.7,165403.7,102123.4,164696.5,131525.4,107353,1208823,20156.8,18000.37,131279.8,294112.6,135.66,1321772,4805829,34737.67,724966,669413.2,44319.27,53228
Scenario 2,953,4,Strong Growth (FOMO),53,TRADING,138411.8,325619.7,136947.1,269955.1,697554.8,691975.2,183446.7,486566.5,709157.8,1010786,456182.8,284536.7,2032977,29921.67,377298.9,44106.77,344755.2,386858.7,1436060,45148.56,110589.4,444501.7,381515.6,395673.7,88906.69,134456.9,150555.6,197097.7,104989.1,156919.3,129698.5,123999.3,165404.3,102116.7,164937.8,131276.8,107325.4,1205078,20173.23,18009.67,131484.8,294033.2,135.55,1321925,4813981,34743.38,724948.5,668579,44266.88,53219.76
Scenario 2,954,4,Strong Growth (FOMO),54,TRADING,138178.5,325703,136647.5,269625.4,696775.4,692389.9,182788.8,486233.3,709524.6,1010853,455909.6,284544.5,2039552,29865.59,376921.5,44104.43,344701,385724,1436446,45135.01,110505.9,444377.5,381401,395728.5,88778.31,134467.2,150652.2,197150.8,105067.1,156654.5,129588.8,123936.8,165413.9,102102.3,165211.3,131011.2,107326.7,1201554,20204.5,18040.95,131652.6,294011.3,135.27,1322067,4810305,34741.78,726450.4,667511.6,44200.55,53255.78
Scenario 2,955,4,Strong Growth (FOMO),55,TRADING,137955.7,325659.3,136458,269226.3,696432,692091.4,182029,485637.4,709501.2,1010843,455113,284545.8,2045907,29823.72,376496.8,44057.89,344762.9,384209,1436843,45127.57,110276.1,444513.4,381610.6,395598.4,88746.6,134532.4,150695.5,197154.5,105071.9,156336.3,129484.7,123743.3,165482.1,102121.2,165465.1,130765.4,107261.5,1198361,20232.19,18045.05,131667.1,294013.1,135.06,1321471,4820321,34703.92,727433.7,666572.4,44192.3,53291.94
Scenario 2,956,4,Strong Growth (FOMO),56,TRADING,137799.2,325457.5,136561.8,268846.1,695565.3,691540.9,181258.5,485199.6,708683.1,1010462,454730.8,284619.1,2051966,29775.68,375841.5,44030.9,344763.8,382657,1436479,45117.65,110159.1,444464.6,381637.8,395676.7,88684.3,134527.8,150689.7,197164.7,105082.2,155968.7,129474.5,123639.1,165486.9,102087.9,165618.2,130529.4,107137.3,1194968,20263.53,18060.69,131792,294089.3,134.79,1321263,4823477,34711.75,727774.6,665517.2,44138.29,53327.88
Scenario 2,957,4,Strong Growth (FOMO),57,TRADING,137596.8,325452.7,136543.9,268540.1,694472.2,691169.2,180474.1,484824.4,708288.5,1010104,454089.3,284555.2,2058416,29729.06,375190.7,43963.24,345199.7,381157.5,1436756,45138.3,110011.2,444473,381793.3,395681.6,88667.08,134515,150706.5,197180.7,105083.3,155687.9,129300.8,123458.9,165546.5,102003.7,165817.6,130389.3,107071.1,1191217,20282.44,18062.83,131900.7,294043.6,134.62,1321111,4827267,34710.36,728550.8,664020.2,44134.33,53307.32
Scenario 2,958,4,Strong Growth (FOMO),58,TRADING,137330.3,325366.9,136273.7,268112.5,693705,689532.3,179719.7,484198.6,708126.2,1009368,453730,284593.1,2065059,29688.33,374760.6,43905.22,345327.7,379703.9,1437031,45154.64,109907.9,444539,381983.1,395514,88626.57,134513.6,150725.4,197153.2,105021.8,155456.8,129147.7,123269.7,165537.3,101902.5,165977.6,130109.3,106940.4,1188023,20301.94,18064.94,132047.1,294001.7,134.45,1321256,4837296,34695.18,728987.3,663265.1,44092.27,53403.71
Scenario 2,959,4,Strong Growth (FOMO),59,TRADING,137090,325330.9,136242.5,267657.5,692279.4,689491.1,178883.8,484015.8,708142.8,1008949,453174.6,284571.4,2072430,29646.03,374235.8,43813.97,345604.8,378001.1,1437392,45147.97,109717.8,444482.4,381971.6,395528.9,88629.63,134499,150673.2,197213.3,105046.4,155106.6,129110.9,123259.6,165595.1,101907.7,166292.9,129916.5,106883.4,1185028,20326.72,18090.43,131928.9,294153.2,134.28,1321476,4842441,34695.68,729631.9,662346.8,44073.88,53346.35
Scenario 2,960,4,Strong Growth (FOMO),60,TRADING,136869.4,325248,136017.8,267303.4,691259,689384.6,178148.4,483568.3,708735.3,1009924,452369.8,284660.2,2078554,29598.03,373578,43792.88,345713.6,376611.4,1436805,45143.92,109571.6,444443.1,382055.4,395496.6,88545.52,134494.5,150664.3,197244.6,105088,155019.6,129031,123061.2,165645.6,101775.5,166451,129785.8,106796.8,1181216,20351.58,18104.23,131890.7,294112.3,134.1,1321511,4845597,34669.62,729605,661284,44025.41,53361.76
Scenario 2,961,4,Strong Growth (FOMO),61,TRADING,136558,325431.5,135743.6,266952.3,690351.1,688663.6,177406.5,483079.6,708787.9,1009979,451928.3,284708.6,2084036,29538.51,373729.7,43774.75,346343.9,375164.8,1436405,45142.51,109380.5,444434.5,382051.8,395531.5,88445,134469.1,150670.2,197253.6,104972.4,154671.8,128842.6,122819.5,165698.4,101734.2,166752.7,129536.3,106713,1177773,20363.62,18156.38,131889.8,294075.2,133.88,1321881,4847050,34652.09,729106.4,659921.6,44022.08,53410.95
Scenario 2,962,4,Strong Growth (FOMO),62,TRADING,136420.5,325374.8,135347.1,266522.1,689361,688428.4,176674.2,482303.5,709447.8,1009806,451271.3,284739.4,2090405,29487.66,373514.4,43752.65,346668.6,373610.8,1436598,45140.11,109305.6,444465.7,382258.4,395572.3,88274.15,134496.9,150692,197317.4,104945,154377.3,128688.4,122776.3,165718.3,101600.3,166938.5,129239.4,106602.1,1175156,20395.36,18195.15,131898.4,294121.6,133.82,1322236,4847861,34640.23,729935.9,658985.1,43962.26,53477.48
Scenario 2,963,4,Strong Growth (FOMO),63,TRADING,136178.6,325282.4,135080,265985.8,688213,687360.4,175856.1,481870.1,709148.5,1009377,451048.9,284702.9,2095957,29447.12,372700.9,43717.88,347235.9,372149.8,1436175,45130.01,109129.8,444291.6,382130.7,395550.5,88254.01,134480.4,150734.8,197325.4,104955.4,154147.2,128379.1,122631.7,165685.5,101570.8,167187.3,129011.9,106470.7,1171760,20437.28,18224.3,132133.7,294253.8,133.42,1322168,4855102,34645.58,730911.8,657596.4,43894.66,53531.84
Scenario 2,964,4,Strong Growth (FOMO),64,TRADING,135964.7,325262.6,134897.4,265601.6,687434.6,686910.2,175147.3,481200.8,709339.6,1008432,450827.4,284713.8,2102333,29410.24,371923.3,43659.94,347735.8,370907.9,1435390,45117.87,108959.7,444198.6,382082.7,395490.9,88378.54,134473.1,150784.8,197276.2,104877.5,154015.9,128105.5,122535.1,165697.1,101480.6,167428.7,128897.8,106445.1,1168031,20441.25,18224.48,132197.3,294333.7,133.31,1321988,4861780,34644.21,731429.8,656570.8,43890.72,53646.3
Scenario 2,965,4,Strong Growth (FOMO),65,TRADING,135779.5,325224.8,134702,264932.3,686735,686534.8,174347.4,480682.3,709487.5,1008947,450080.7,284725.3,2107660,29384.37,371320.2,43626.67,348026.3,369184.3,1435963,45126.82,108758.4,444088.2,381937.8,395252.1,88102.92,134433.1,150792.7,197270.8,104819.8,153696.7,127955.5,122378.3,165769.7,101457.7,167506.6,128765.8,106315.2,1163555,20464.06,18259.62,132224.8,294368.6,132.96,1322052,4865654,34640.32,732815.5,655298.8,43853.05,53665.31
Scenario 2,966,4,Strong Growth (FOMO),66,TRADING,135554.1,325239,134441.4,264486,685316.2,685577.3,173573.8,479911.9,710101.2,1010572,449979.3,284758.2,2113504,29337.36,370896.4,43576.3,348302.9,367930.7,1435127,45114.46,108726.3,443881.2,382017.8,395073,87986.86,134403.4,150853.5,197278.4,104774.8,153344.1,127851.9,122307.2,165840.1,101464.3,167664.7,128592.1,106302.3,1160924,20486.05,18273.43,132303.6,294338.9,132.93,1322534,4862980,34636.8,732421.2,654242.9,43820.43,53745.99
Scenario 2,967,4,Strong Growth (FOMO),67,TRADING,135356.1,325288.8,134014.3,264113.2,683993.3,684014.2,172849.8,479627.1,709752.4,1010662,449312,284661.6,2119528,29280.17,370457.1,43530.78,348334.4,366258.8,1434507,45114.26,108608.8,443791.3,381956.7,394817,87894.06,134390.5,150836.3,197264.3,104734.6,153070.9,127734.2,122122,165870.9,101449.2,167925.7,128417.7,106181.6,1157857,20512.38,18299.66,132252.1,294307,132.75,1322935,4868159,34630.71,732203.4,653361.9,43793.33,53874.51
Scenario 2,968,4,Strong Growth (FOMO),68,TRADING,135080.4,325352,133900.4,263702.7,683297.4,683940.6,172159.5,478954.3,709744.5,1009958,448728.6,284622.5,2125878,29233.93,369938.8,43500.6,348729.2,364795.6,1434533,45134.16,108493.5,443716.5,381929.6,394630.3,87875.64,134395.9,150819.5,197285.6,104737.5,152742.8,127588.4,121844.2,165883.3,101423.4,168163.7,128216,106059.3,1154777,20533.9,18310.04,132492.5,294341.8,132.64,1322780,4872352,34649.66,732849.6,652444,43720.87,53950.61
Scenario 2,969,4,Strong Growth (FOMO),69,TRADING,134946.8,325248.1,133758.4,263269.9,682284.2,682656,171476,478552,709833.7,1008996,448651,284600.4,2133117,29181.99,369384.3,43470.63,349202.3,363400.4,1435507,45148.62,108282.7,443422,381819.6,394710.3,87755.02,134446.9,150840.4,197202.3,104755.5,152509.8,127469.3,121712.2,165848.1,101442.6,168215,128099.9,105976.1,1150637,20577.22,18316.99,132453.2,294352.2,132.47,1322280,4873700,34639.24,733507.5,651145.7,43676.12,54030.79
Scenario 2,970,4,Strong Growth (FOMO),70,TRADING,134686.9,325140.6,133608.4,262779.3,681152.7,682767.6,170677.6,477934.9,709772.9,1009226,448537.3,284560.3,2138846,29141.67,368586.9,43426.75,349865.6,361846.4,1435689,45126.04,108267.4,443238.3,381634.2,394823.7,87718.64,134452.5,150880.5,197235.4,104695.3,152188.5,127290.9,121404.7,165855.5,101351,168550.6,128013.7,105932.7,1147451,20608.27,18331.98,132647.6,294466.5,132.27,1322146,4877609,34614.74,734019,649724.5,43585.42,54106.27
Scenario 2,971,4,Strong Growth (FOMO),71,TRADING,134462.7,325122.4,133598.2,262625.1,680415.2,682365.7,170062.6,477319,709235,1008880,448113.5,284516.5,2145319,29099.23,368305.8,43358.69,350311.3,360284.6,1435326,45141.16,108140,443243.5,381734.5,394777.1,87752.63,134457.1,150900.9,197197.1,104603.6,151946.3,127138.9,121228.5,165894.9,101286.7,168858.2,127732.9,105896.5,1144265,20625.24,18362.19,132973.5,294451.1,132.24,1322139,4880345,34617.26,735062.7,648202.6,43559.31,54159.06
Scenario 2,972,4,Strong Growth (FOMO),72,TRADING,134223.4,324936.9,133276.8,262341.8,679053.3,680871.6,169267.2,477876.8,709289,1008103,447949.1,284514.5,2150342,29026.18,369020.8,43453.58,350074.2,358635.8,1435953,45137.31,108016.2,443302.4,381624.9,394759.5,87592.3,134479.6,150869.3,197147.3,104541.8,151623.1,127541.1,121124.2,165888.8,101249.6,168999.5,127558.6,106016,1141716,20634.02,18359.27,132879.4,294466.7,132.11,1321796,4877618,34623.21,735331.6,646900.6,43530.65,54208.91
Scenario 2,973,4,Strong Growth (FOMO),73,TRADING,134018,324981.9,133071.1,262014.5,677907.2,680765.3,168453.6,477880.6,709334.1,1008479,447535,284521.2,2156801,28971.34,369809.4,43496.53,349735,356875.5,1438045,45128.47,107816.9,443490,381568.2,394719.3,87511.26,134484.6,150883,197076.2,104394.6,151297.9,127895.4,120891,165935.8,101138,169264.1,127227.4,106055.6,1137546,20655.22,18351.95,132960.8,294585.2,132,1321749,4884856,34630.53,735506.5,645781,43530.43,54273.09
Scenario 2,974,4,Strong Growth (FOMO),74,TRADING,133809.8,324981.1,132912.9,261507.3,677162.7,681355.1,167741.5,477843.4,708239.1,1006876,447676.1,284467.6,2163381,28926.79,370354.3,43581,349835.7,355630.4,1440529,45137.84,107674.7,443652.2,381741.3,394570.1,87402.21,134487.7,150941.9,197040.2,104229.1,150948,128056.7,120796.6,165932.6,101002,169512.7,127021.1,106217.4,1135214,20682.3,18335.44,133184.2,294614.5,131.98,1321492,4884586,34642.75,735626.8,644460.5,43505.14,54258.56
Scenario 2,975,4,Strong Growth (FOMO),75,TRADING,133613.1,324933.5,132756.1,261063.7,675728.4,680296.3,166983.5,477808.9,707346.1,1006075,447440.2,284449.4,2169777,28899.86,370684.5,43630.44,349557.6,353948.9,1442464,45125.86,107540.5,443656,381743.7,394678.2,87319.41,134482.8,150946,196979.9,104269.4,150636.1,128247.8,120538.5,165888.4,100923.9,169691.4,126786.5,106400.7,1132366,20710.9,18300.67,133245,294750,131.65,1321399,4886278,34637.33,735365,643129.8,43451.62,54356.69
Scenario 2,976,4,Strong Growth (FOMO),76,TRADING,133406.9,324807.6,132502.1,260673.6,674861.8,679586.5,166290.9,478373.2,707134.5,1004997,447278.8,284429.3,2174943,28852.34,371257.9,43736.54,349443.6,352359.8,1444117,45106.37,107364,443583.3,381847.6,394556.3,87289.07,134465.8,150975,196921.8,104125.6,150436.6,128381.3,120361.9,165865.6,100934.6,169883.1,126589.2,106512.7,1129126,20743.41,18296.04,133321.9,294786.4,131.36,1321470,4881880,34637.52,735975.3,641418.9,43407.04,54437.6
Scenario 2,977,4,Strong Growth (FOMO),77,TRADING,133174.8,324842.8,132257.5,260313.2,674215.5,679500.2,165560.7,478298.5,707103.7,1004504,447052.7,284524,2181490,28805.92,371552.5,43837.6,349316.6,350563.2,1445886,45116.74,107256.7,443594.7,381899.8,394599.3,87152.8,134424.9,150929.4,196942.6,103999.7,150124.5,128707.5,120162.3,165901.7,100892.2,169965,126571.3,106621.9,1126255,20779.82,18288.14,133501.3,294605.9,131.19,1321537,4883138,34615.5,736579.3,643326.4,43356.27,54568.63
Scenario 2,978,4,Strong Growth (FOMO),78,TRADING,132953.5,324841.3,132220.5,259749.4,672821.3,679606.2,164878.8,478252.3,707673.2,1003926,446832.9,284565.6,2187482,28768.41,371983.8,43884.14,349539.3,348913.5,1447496,45139.92,107058.4,443761.4,381928.9,394378.1,87022.13,134417.5,150940.9,196983.6,103933.5,149842.8,129001,120006.6,165889.8,100870.5,170256.2,126486.3,106791.7,1123054,20800.3,18293.77,133688.3,294660.5,130.97,1321766,4887181,34639.68,736782.7,645205.6,43312.87,54589.33
Scenario 2,979,4,Strong Growth (FOMO),79,TRADING,132728.7,324815.4,132138.6,259080.6,671906,679031.8,164245.2,478663.4,707021.7,1003433,446790.7,284588.8,2193017,28714.69,372442.2,43972.65,349686.3,347528.3,1448988,45122.8,106797.7,443822.1,381936,394478.7,86901.75,134447.7,150974,196960.3,103836.7,149643.6,129245.9,119855.9,165885.5,100932.6,170520,126330.4,106990,1120029,20803.55,18296.13,133714.7,294730.4,130.73,1321975,4887588,34655.7,737839.6,647044.1,43274.96,54624.61
Scenario 2,980,4,Strong Growth (FOMO),80,TRADING,132517.8,324905.9,131923,258828.7,671033.6,679734.1,163609.1,478652.7,706185.1,1002779,446920.8,284681.4,2198539,28683.22,372847.4,44068.58,349469.5,346024.1,1451072,45136.98,106619.8,443865.8,381814.9,394752.4,86822.6,134444.5,151015.4,196900.3,103801.9,149493,129450.4,119670.6,165962.5,100815.5,170722.6,126096.1,107132.2,1117392,20824.59,18290.11,133880.5,294608.1,130.65,1321884,4884778,34663.76,737530.2,648840.7,43258.36,54676.06
Scenario 2,981,4,Strong Growth (FOMO),81,TRADING,132297.7,324913.2,131673,258248.2,669514.2,680236.4,162857.4,478589.2,706179.3,1003342,446742.7,284700.8,2202891,28636.15,373680.1,44148.53,349741.2,344471.3,1453223,45131.04,106601.3,443743.1,381869.8,394505.7,86793.09,134420,150995.1,196972.4,103688.3,149279.4,129644.4,119437.6,165916,100760.8,170957.2,126126.9,107315.7,1113751,20866.87,18265.46,133819.2,294577.1,130.47,1321661,4887088,34682.65,738688.3,650518.6,43228.04,54723.42
Scenario 2,982,4,Strong Growth (FOMO),82,TRADING,132061.3,325020.5,131473,257721.2,668322.7,679367.4,162176.6,478391.1,706047.2,1003003,446257.1,284712.6,2209806,28590.51,374183.9,44194.89,349447.2,342718.7,1455030,45105.55,106436,443902,381994.2,394520.4,86657.01,134435,150989.6,196981.5,103517.9,149107.3,129927.1,119326.2,165890.3,100730.1,171236.1,125917.4,107575.8,1110964,20903.18,18247.58,133848.6,294551.7,130.23,1321371,4884788,34676.68,739252.1,652213.3,43193.82,54756
Scenario 2,983,4,Strong Growth (FOMO),83,TRADING,131803.2,324990.8,131407,257386.3,667092.6,679241.9,161421.7,478615.2,705254.2,1001976,446475.7,284727.1,2217373,28547.1,374911.4,44298.53,350235,341054.9,1456637,45072.59,106180.8,443993.3,381837.5,394484.7,86525.94,134408.6,151023.5,196964.4,103498.2,149001.8,130066.4,119212.1,165903,100710.7,171391.8,125603.4,107767.8,1108994,20951.05,18233.77,133954.1,294595.5,130.06,1321917,4881566,34664.7,739384.5,654219,43146.7,54815.26
Scenario 2,984,4,Strong Growth (FOMO),84,TRADING,131628.2,325018.6,131026.8,256918.2,666075.8,678121.3,160670.1,478721.4,705129.8,1001758,446118.4,284658.7,2223496,28528.04,375293.1,44385.34,349474.8,339648.7,1458033,45086.27,106072.8,443857.9,381577.2,394433.5,86414.28,134434.9,150995.8,196906.6,103450.5,148750.5,130131.6,119057.3,166014.1,100614.3,171583,125425.5,107900.7,1104938,20979.09,18221.07,133985.2,294633.5,129.91,1321696,4888737,34681.68,740037,655910.5,43135.57,54797.07
Scenario 2,985,4,Strong Growth (FOMO),85,TRADING,131383.5,324911.9,130769.1,256451.6,665368.9,677443.4,159865.7,478824.4,703677.4,1000794,445779.8,284681.2,2228637,28468.92,375680.7,44483.5,348883,338193.7,1460226,45105.84,105954.6,444046.6,381441.7,394437.3,86283.83,134415.8,151014.3,196904.1,103313.5,148598.4,130361.6,118862.6,166016.6,100519.1,171955.2,124943.7,108067.1,1101558,21017.89,18198.78,134101.6,294682.2,129.8,1321475,4891891,34700.02,740270.9,657490.2,43119.86,54853.03
Scenario 2,986,4,Strong Growth (FOMO),86,TRADING,131123.4,324979.7,130580,255984,664252.7,677610,159104.2,479022.1,703646.5,999716,445752.5,284668.6,2234654,28412.89,376458.8,44561.37,349100.4,336358.9,1462196,45124.42,105703.5,444127.7,381464,394227.2,86217.75,134356.5,150959.3,196932,103171.3,148320,130506.1,118695.7,166034.2,100598.1,172182.7,124696.2,108251.3,1098712,21043.43,18210.15,134386.3,294828.2,129.81,1321311,4893740,34707.2,739837.6,659736.2,43102.38,54886.81
Scenario 2,987,4,Strong Growth (FOMO),87,TRADING,130915.7,325016.4,130286.2,255642.9,663085.4,677005.1,158262.2,479099.6,702731.2,999924.9,445227.2,284638,2240976,28374.66,377235,44663.19,349139.1,334748.9,1465009,45120.39,105718,444166.9,381372.8,394226.9,86213.19,134332.8,150963.4,196936.9,103152.7,148033.2,130880.3,118329.5,166022.9,100637.2,172464.6,124571.8,108374.5,1095097,21079.53,18180.68,134638.4,294791.2,129.67,1320737,4894470,34730.41,739443.6,661630.9,43109.27,54883.29
Scenario 2,988,4,Strong Growth (FOMO),88,TRADING,130681.1,325014.6,130050.2,255296.6,662032.6,676740.1,157466.8,479190.7,702624.4,999065.8,445230.6,284600.9,2246770,28471.81,377597.9,44757.58,349314.9,333131.5,1465487,45107.44,105558.7,444259.4,381392.1,394005.8,86245.92,134349.1,150975.7,196960.1,103079.8,147881.3,131079,118071.7,166039.8,100544.7,172647.9,124488.5,108505.6,1091420,21109.02,18197.14,134793.8,294724.3,129.55,1320381,4886797,34714.92,740332.6,663196.1,43078.51,54886.53
Scenario 2,989,4,Strong Growth (FOMO),89,TRADING,130530.1,324926.4,129970.9,254755.8,660442.5,676617.7,156759.7,479440.8,702022.9,998856.1,444705,284556.4,2251331,28555.78,378523.7,44810.79,348880.1,331565.5,1466523,45104.73,105467.2,444290.1,381490,394087.2,86105.15,134348.4,151048.7,196903,102994.4,147730.5,131551.5,117901.2,165996.9,100496.3,172843.5,124344.9,108645,1088317,21150.81,18189.96,134920.4,294725.9,129.39,1320053,4884343,34702.59,740576.4,664636.1,43055.03,54910.03
Scenario 2,990,4,Strong Growth (FOMO),90,TRADING,130325.8,324995.8,129571.3,254125.5,659876.7,676848.5,156056.8,479629,701704.2,998957.6,444769.8,284549.4,2256063,28663.71,379568.6,44864.16,348884.2,330008.4,1468223,45113.44,105406.5,444301.6,381448.9,394227.4,86052.59,134370.7,151032.4,196863.2,102865.7,147562.1,131812.7,117693.2,166035.8,100431.1,173070,124037.4,108793.7,1085577,21179.21,18188.53,135149.2,294771.4,129.06,1320169,4878249,34692.35,742256.1,666441.3,43047.03,54889.22
Scenario 2,991,4,Strong Growth (FOMO),91,TRADING,130040.3,325055.9,129338.6,253796.5,658909.7,676009.5,155259.4,479412.9,701697.1,998027.8,444461.4,284502.6,2261921,28742.94,380219,44927.16,348354.8,328220.6,1470258,45126.93,105368.5,444339.4,381443.9,394272.1,85903.96,134398.5,150976.7,196850.9,102671.1,147279.3,132087,117409.6,165966,100368.2,173308.2,124033,108957,1082050,21202.75,18160.72,135391.6,294855.5,128.89,1320200,4878688,34692.92,742510.5,668231.1,43007.89,54950.57
Scenario 2,992,4,Strong Growth (FOMO),92,TRADING,129819.7,325091.8,129437,253221.9,657175.2,677630.5,155474.5,479361.4,701845,998632,444124.1,284557.5,2267246,28831.84,381078.9,45054.52,348438.7,328035.8,1471119,45126.82,105587.9,444190.1,381272.2,394216.8,85942.34,134447.7,151067.4,196953.2,102599.8,147680.5,132188.9,117577.5,166009.7,100353.8,173541.1,124342.4,109162.8,1078901,21162.84,18163.49,135141.9,294981,129.25,1319989,4880797,34699.75,741022.7,670432.2,43071.84,54882.27
Scenario 2,993,4,Strong Growth (FOMO),93,TRADING,129582.7,325139.2,129619.8,252821,655931,679795.4,155776.5,479729.2,702149.3,997967.6,444214.6,284580.3,2274035,28900.74,381160,45126.45,348271.7,328035.8,1473029,45119.03,105937.4,444087.6,381375.1,394249.1,86068.78,134455.6,151132.6,196935.8,102481.9,147953,132351.2,117782.3,165965.4,100389.5,173724,124612.8,109297.4,1075816,21118.67,18162.08,134875.7,294971.4,129.57,1320010,4879283,34713.92,740112.6,672301.3,43138.77,54803.37
Scenario 2,994,4,Strong Growth (FOMO),94,TRADING,129332.9,325248,129885.2,252417.9,657718.2,680951.4,156063.6,479705.9,701707.8,996729,443808.3,284595.6,2279541,28991.7,381845.7,45171.59,348064.3,328035.8,1474834,45113.08,106037,444138,381308.9,393959.5,86063.6,134461.3,151146.6,196956.4,102279.2,148255.1,132619.4,117917.8,165991.7,100227.3,173866.8,124843.8,109416,1072402,21077.6,18169.95,134787.7,295088.1,129.93,1320490,4874298,34722.91,738784.7,674222.5,43218.85,54729.67
Scenario 2,995,4,Strong Growth (FOMO),95,TRADING,129194.5,325236.9,130082.4,252086.2,659863,682016.2,156339.8,479957.7,701728,995820.3,443567.5,284522.1,2285651,29073.45,382538,45248.95,347448.8,328640.7,1477352,45089.41,106309,444079.4,381263.4,393998,86213.23,134472.6,151185.9,197066.1,102249.6,148559.6,132799.7,118033.9,166030.2,100164.5,174090.8,125025,109512.9,1068744,21033.21,18150.1,134602.9,295010.8,130.45,1320239,4876579,34717.18,737485.2,676108.2,43280.15,54663.23
Scenario 2,996,4,Strong Growth (FOMO),96,TRADING,128953.5,325313.5,130352.4,251831.4,661652,683826.5,156664.5,480184.3,701546,994762.5,443396.1,284511.6,2291252,29169.14,382844.3,45354.21,347357.6,329495.7,1479478,45094.31,106516.9,444008.9,381353,394090.2,86315.63,134512.1,151257,197028.5,102299.1,148874.2,132983,118134.3,166042,100114.1,174335.1,125472.2,109703.3,1066112,20997.07,18140.09,134365.6,294974.8,130.71,1320318,4874601,34689.12,735884.2,677691,43397,54571.9
Scenario 2,997,4,Strong Growth (FOMO),97,TRADING,128743.1,325328.5,130678.5,251392.7,663499.7,684903.4,156912.7,480453.3,701320.1,992995.3,443491.4,284468.8,2297559,29232.06,383377.3,45430.38,347179.5,330324.2,1481446,45102.63,106840.1,443976.1,381439.8,394147.2,86419.2,134501.7,151321.2,197050.8,102291.1,149313.5,133228.2,118269.9,166116.1,100060.5,174655.1,125620.6,109838,1063536,20975.38,18134.92,134296,294984.2,130.89,1319745,4879816,34703.81,734662.6,679669.1,43482.45,54504.45
Scenario 2,998,4,Strong Growth (FOMO),98,TRADING,128523.2,325319.8,131048.9,250887.2,665203.8,686333.8,157135.4,480773.5,700850.3,992365,443833.6,284413.5,2303158,29309,383944.3,45520.32,346819.3,330925.8,1483045,45115.29,107078.1,443934.6,381323.2,394201.6,86462.21,134507,151296.5,196987.8,102240.9,149560.7,133343.9,118549.6,166030.6,100077.8,174819.9,125959,109951.9,1060782,20956.51,18123.48,134246.5,295077.4,131.23,1319968,4881805,34691.08,733312.8,681125.7,43592.45,54385.22
Scenario 2,999,4,Strong Growth (FOMO),99,TRADING,128334.1,325290.4,131340.7,250561.1,667159.9,688770.1,157365.4,480678.4,700693.2,993072.3,443492.5,284359,2309301,29388.59,384440.1,45572.68,346365.9,331782.2,1485586,45109.21,107324,443784.4,381119,394128.5,86659.32,134474.5,151360.6,196964.2,102146.8,149736,133656.3,118874.9,166007.5,99989.99,174940.9,126347.8,110102.6,1057376,20941.04,18110.95,134118.3,295167.7,131.42,1320113,4881759,34667.13,732731.8,682807.9,43679.87,54306.07
Scenario 2,1000,4,Strong Growth (FOMO),100,TRADING,128177.6,325217.7,131597.2,249966.4,668906.7,689954.1,157646.7,480991.2,700239.3,992369,443324,284368.5,2314843,29460.77,385110.4,45656.96,346337.8,332475.8,1488587,45094.07,107576,443899.6,381219.2,394110.6,86778.31,134524.7,151346.1,196943.3,102073.5,150101.4,134072.9,119042.5,166005.5,99854.38,175090.1,126567.7,110273.9,1054236,20899.78,18091.11,133902.6,295283.8,131.83,1320530,4879026,34658.82,731179.7,684675.1,43723.79,54249.23
Scenario 2,1001,4,Strong Growth (FOMO),101,TRADING,127999.6,325336.1,131918.8,249497.4,670268.6,689382.3,157945.1,480949.3,699817,991961.3,443095.7,284336.8,2319869,29533.2,385788.2,45727.08,345813.9,333352.2,1490008,45065.35,107866.2,444106.7,381159.3,393899,86943.71,134498.8,151358.8,196849.5,101898.5,150384.8,134246.6,119369.7,166086.6,99866.59,175317.8,126864.8,110358,1051910,20877.19,18091.28,133759.1,295241.5,132.13,1320514,4880692,34642.4,730334.9,686489.1,43784.63,54244.01
Scenario 2,1002,4,Strong Growth (FOMO),102,TRADING,127787.7,325505.7,132095.3,249142.3,671733.6,691123.3,158130,481535.4,700003.1,991561.6,443023.9,284289.4,2326798,29604.86,386032.1,45780.28,345442.2,334362.1,1491600,45059.15,108045.9,444191,381123.1,393935.5,87062.82,134516.6,151329.4,196876.4,101775.8,150609.8,134477.2,119626,166089.5,99842.92,175535.7,127190.5,110517.3,1048606,20823.22,18087.47,133605,295278.4,132.45,1320366,4883660,34635.75,728188.1,688144.7,43810.28,54216.52
Scenario 2,1003,4,Strong Growth (FOMO),103,TRADING,127530.2,325309.7,132503.9,248726.5,673830.5,692600.6,158394.3,481876.9,699155,991210.9,442885.9,284272.7,2332143,29684.27,386389.1,45822.33,345078.7,334925.2,1494237,45054.01,108261.4,444211.6,381028.2,393999.9,87225.09,134528.8,151382.7,196910,101681.4,150953.5,134825.3,119840,166076.7,99867.43,175763.1,127475,110740,1045160,20801.63,18080.15,133526.2,295211.2,132.63,1320653,4890892,34634.82,726607.3,690129.8,43870.81,54117.93
Scenario 2,1004,4,Strong Growth (FOMO),104,TRADING,127327.3,325346.7,132788.5,248286.3,675355.2,692544.2,158663.2,482183.6,698590.9,991032.2,442286.2,284240.1,2337081,29749.78,386642.1,45939.11,344867.8,335581.6,1495753,45049.58,108566.4,444322.1,380854.8,394185.2,87294.79,134516.4,151375.1,196904.9,101523.9,151132.5,135120.6,120184.9,166122.2,99812.52,175933.9,127781.9,110882.3,1042143,20756.91,18055.34,133608.7,295266.4,132.73,1320535,4891999,34632.63,725199.6,692277.1,43921.7,54008.95
Scenario 2,1005,4,Strong Growth (FOMO),105,TRADING,127064,325449.3,132989.1,247912.9,677071.5,693801.8,158975,482596.7,698349.1,989770.6,441857.6,284209.9,2343390,29818.72,387281.9,46044.36,344790.2,336313.4,1498014,45058.79,108763.1,444313.2,380985.7,394124.2,87339.49,134519.8,151454.1,196823.8,101383.7,151257.4,135354.1,120455.4,166086.9,99706.63,176260.9,128040.3,111096.5,1039142,20715.66,18037.62,133648.2,295421.9,133,1319962,4894851,34635.22,723944.3,694078.4,43999.7,53940.62
Scenario 2,1006,4,Strong Growth (FOMO),106,TRADING,126914.3,325437.7,133188.8,247460.3,678594.8,695157.4,159335.3,482908.9,697525.3,990360,441487.4,284137.3,2348518,29911.75,387987.9,46177.93,344091.2,337005,1498946,45060.59,108833.7,444339.6,381051.7,394266.3,87518.1,134600.4,151525,196761.3,101186.3,151639.1,135693.9,120627.1,166118,99599.71,176369.7,128304.3,111254.2,1035533,20682.5,18031.43,133541,295476.7,133.15,1319930,4892531,34635.96,722943.2,696100.6,44095.39,53862.98
Scenario 2,1007,4,Strong Growth (FOMO),107,TRADING,126720.8,325573.3,133481.9,247020.3,680614.9,695814.4,159564.3,482970.3,697390.5,989201.7,441815.3,284142.6,2354761,29998.42,388361.7,46217.98,343805,337718.2,1500737,45034.11,109008,444617.6,380998.8,394194.6,87660.46,134624.4,151567.5,196761.8,101038.3,152055.3,135899.5,120847.9,166082.7,99568.86,176516.7,128522.9,111346.6,1032416,20662.56,18037.9,133372.3,295441.5,133.48,1319591,4893033,34641.31,721793.5,698208.5,44154.66,53793.97
Scenario 2,1008,4,Strong Growth (FOMO),108,TRADING,126528.4,325609,133768.3,246744.6,682477.5,696832.6,159808.2,483110.1,697092.1,988436.6,441710.2,284197.3,2360176,30089.2,388782.8,46288.38,344106.9,338493.4,1502296,45038.93,109354.1,444713.8,380971.6,394472.2,87753.07,134617.5,151620.5,196799.4,100905.6,152403.7,136066,121264.9,166117.2,99554.24,176785.7,128688,111512.4,1029949,20629.86,18033.41,132944.7,295415.9,133.62,1319392,4891802,34638.42,719058.7,700548.7,44218.36,53681.56
Scenario 2,1009,4,Strong Growth (FOMO),109,TRADING,126367.9,325641.7,134143.3,246260.7,684066.8,697223.1,160061.3,483415.9,696457.7,987118.2,441590.2,284276.1,2366606,30162.41,389482,46378.6,343577.1,339205.5,1504002,45038.86,109630,444729.5,380940.5,394427.4,87798.45,134618.1,151621.1,196832.2,100782.4,152737.1,136339.1,121517.6,166086.2,99393.46,177076.3,128991.3,111634.9,1026737,20595.09,18035.98,132518.2,295402.7,133.98,1319019,4898726,34629.01,717652.9,702032.9,44294.74,53584.76
Scenario 2,1010,4,Strong Growth (FOMO),110,TRADING,126135.7,325411.5,134425.5,245838.1,685729.8,697586.5,160316,483822.5,696366.5,987101.9,441216.2,284225,2371669,30245.58,390364,46451.65,343256.3,339962.9,1505264,45038.93,109784.7,444362,380944.6,394275.3,87821.9,134611.7,151606.3,196730.6,100727.9,153139.8,136682.2,121811.5,166161.9,99391.35,177215.3,129225.9,111806.9,1023433,20556.68,18019.22,132366.6,295362.6,134.24,1318886,4900362,34624.3,715964.6,703414.6,44332.68,53494.58
Scenario 2,1011,4,Strong Growth (FOMO),111,TRADING,125916.8,325446.9,134669,245384.8,687524.5,698360.1,160556.2,484375,696533,988577.2,441256.5,284150,2376903,30312.3,390455,46527.12,343081.9,340577.2,1508017,45064.71,110111.9,444426.2,381176.8,394282.7,87993.14,134579,151594.7,196701.9,100623.1,153406,136855.6,122140.9,166150.6,99404.58,177336.4,129682.7,111887.6,1020105,20504.42,18022.72,132394.7,295507.4,134.53,1319005,4902482,34613.27,714271.6,704714.5,44447.14,53375.22
Scenario 2,1012,4,Strong Growth (FOMO),112,TRADING,125722.1,325476.5,134928.7,244978.5,689317.3,700665.2,160802.5,484652.4,696450.7,987542.1,440538.3,284098.6,2381183,30376.6,391080,46637.4,342476.3,341299.1,1509688,45104.1,110284.5,444403.5,381137.4,394284.4,88187.88,134528.5,151596.3,196568.2,100562.4,153746.6,136985.7,122316.5,166211.3,99428.86,177531.4,129981.8,112018.9,1017388,20487.94,18002.3,132189.9,295556,134.66,1318439,4908679,34621.38,713019.9,706553.1,44518.51,53275.24
Scenario 2,1013,4,Strong Growth (FOMO),113,TRADING,125484.8,325472.1,135220,244811,691591.2,702261.2,161051.1,485291.2,695206.2,986156.5,440757.8,284153.8,2386006,30450.87,392069.1,46728.49,342279.5,341940.7,1511545,45079.28,110519.8,444401.5,381270,394237.4,88276.55,134527.1,151543.8,196580.4,100413.4,154046.1,137096.2,122471.8,166241.9,99334.01,177809.4,130340.1,112111.9,1014018,20445.8,17991.85,131857.5,295682.1,135.05,1319087,4908259,34618.81,711187.3,708394.8,44601.58,53266.77
Scenario 2,1014,4,Strong Growth (FOMO),114,TRADING,125247.9,325472.3,135451.2,244464.5,693740,702573.4,161308.1,485886.5,695578.7,985436.9,440959.1,284165.8,2391603,30539.78,392503.2,46770.11,341966.1,342692.4,1514459,45071.37,110735.8,444245.9,381293.4,393984.3,88336.49,134487.2,151545.8,196585.8,100345.9,154226.6,137467.9,122813.2,166309,99293.2,178030.2,130606.2,112251.8,1011241,20400.51,17988.38,131885.1,295800,135.37,1318709,4907065,34612.7,709790.6,710001.7,44652.73,53176.94
Scenario 2,1015,4,Strong Growth (FOMO),115,TRADING,125023.1,325420.3,135738.3,244169,694886.7,702373.7,161576.6,486019,695226,985308.1,440763,284116.4,2396640,30624.61,393348,46828.23,341741.1,343261.3,1516200,45071.98,110921.7,444151.3,381180.8,393913.2,88402.14,134469.8,151572.4,196582.5,100280.5,154513.7,137544.2,123067.4,166288.5,99216.8,178282.1,130833.4,112372.2,1007675,20378.16,17966.19,131906.5,295783.9,135.54,1318393,4907640,34614.09,707722.4,711440,44734.42,53128.53
Scenario 2,1016,4,Strong Growth (FOMO),116,TRADING,124813.8,325401.6,135950.5,243902.9,696692.5,704392,161770.9,486023.1,695052.1,985177.4,440636.8,284153.4,2403300,30719.4,393768.3,46897.44,341719.1,344014.1,1517951,45078.79,111206.5,444190.9,381062.2,394071.2,88456.94,134464.9,151567.3,196555.6,100156,154692.2,137831.7,123327.6,166241.3,99254.26,178519.4,131123.7,112530.7,1004735,20332.14,17998.59,131835.6,295792.8,135.9,1318476,4909174,34616.54,705508.9,713155.1,44794.92,53002.55
Scenario 2,1017,4,Strong Growth (FOMO),117,TRADING,124566.1,325459.6,136210.8,243709,699137.6,706154.3,161966.8,486149.7,695037.4,984447.3,440690.6,284122.2,2410992,30781.5,394278.9,46986.79,341615.8,344442.7,1520359,45095.24,111474.7,444254.7,381019.7,394140.1,88610.16,134425,151576.9,196559,100006.1,155038.7,138084.3,123638.4,166268.5,99242.48,178862.8,131571.9,112731.5,1001248,20290.37,17990.43,131526.5,295939.8,136.08,1318718,4906152,34622.09,704751.1,714577.7,44861.34,52925.79
Scenario 2,1018,4,Strong Growth (FOMO),118,TRADING,124374.6,325432.3,136285.8,243233.1,700858.7,706771.1,162143.5,486476.5,694827.5,983466.1,440998.4,284125.9,2416641,30873.46,394528.4,47109.16,340871.1,344994.4,1520881,45081.5,111750.4,444396.4,381271.8,393852.1,88761.66,134453.1,151576.2,196485.3,99871.62,155267.5,138342.3,123839.7,166277.1,99175.22,179225.9,131622,112954.2,998357.2,20241.04,17986.01,131318.1,295976.6,136.28,1318637,4905194,34630.49,702972.5,716361.3,44945.46,52848.7
Scenario 2,1019,4,Strong Growth (FOMO),119,TRADING,124140.2,325480.6,136592.6,242735.1,702877.8,707922.8,162408.9,486516.1,694464,984013.3,440810.7,284127,2423305,30952.88,395385.9,47207,340294.6,345572.7,1522575,45072.85,112123,444504.7,381161.3,393578.5,88799.1,134482.9,151560.3,196494.9,99753.43,155712,138346.5,124103.5,166300.8,99163.28,179459.1,131746.5,113089.3,995571.2,20206.45,17969.07,131003.8,296091.4,136.53,1318390,4904480,34624.2,702624.4,718168.8,45019.63,52737.12
Scenario 2,1020,4,Strong Growth (FOMO),120,TRADING,123949.4,325458.7,136870.5,242416.8,705153.8,710138.4,162619.1,486631,693604,983403.2,440532.1,284121.3,2429934,31036.86,395831.6,47315.65,340344.2,345936.6,1524066,45063.74,112390.9,444567.6,380952.4,393496.3,89029.25,134440.7,151571.1,196451.1,99675.34,155675.9,138572.4,124241.7,166249.2,99166.17,179756.2,132017,113296.1,992284.1,20192.63,17928.21,130833,296168.4,136.82,1318227,4903005,34625.84,701133.4,719667.4,45089.45,52646.12
Scenario 2,1021,4,Strong Growth (FOMO),121,TRADING,123737.1,325544.6,137108.6,241868.5,707384.6,710509,162943,486693.2,692966.5,982850,440218,284101.1,2437287,31100.13,396704.6,47386.29,340207.9,346318.7,1526976,45039.8,112630.3,444564.6,380962.6,393312,89159.04,134443.3,151553,196455,99586.91,156054.7,138725.2,124556.3,166326,99184.34,179953.3,132275.6,113498.6,989164.2,20144.82,17936.37,130793.4,296214.9,137.03,1318219,4898314,34621.52,700197.6,721734,45175.93,52600.63
Scenario 2,1022,4,Strong Growth (FOMO),122,TRADING,123578.6,325604.5,137403.7,241469.6,709190.5,710286.8,163111.8,486761.6,692037.4,981993.2,440207.7,284129.4,2440998,31196.27,397266,47464.26,340002.7,346994.5,1528832,45043.32,112813.4,444516.9,380863.9,393265.3,89364.58,134430.1,151555.7,196446.7,99620.33,156377.1,138895.2,124826.1,166347.6,99239.66,180146.7,132357.9,113555.1,986424.1,20118.9,17913.45,130507.4,296181.1,137.4,1318212,4894804,34625.68,697923,723663.9,45212.22,52565.6
Scenario 2,1023,4,Strong Growth (FOMO),123,TRADING,123414.8,325665.2,137608.6,241095.8,711389.7,711514.3,163315.8,486920.4,691397.4,980012,440044.2,284087.3,2447620,31295.54,397727.1,47594.03,340092.5,347607.4,1529757,45043.15,113047.9,444504.5,381020.4,393047,89497.99,134466,151634.5,196433.1,99500.14,156714.2,139072.4,124929.1,166380.1,99413.12,180373.2,132704.3,113816.6,982754.9,20091.94,17892.95,130297.7,296067.4,137.59,1317958,4895358,34607.18,697762.2,725443.1,45332.16,52489.61
Scenario 2,1024,4,Strong Growth (FOMO),124,TRADING,123218.8,325551.1,137866.7,240801.1,713608.7,712309.9,163582.5,487147.5,691305.3,978551,440260.8,284105.6,2453391,31371.07,398566.5,47653.15,340538,348295.7,1532474,45047.21,113366,444434,380918.3,392878.5,89553.6,134480.8,151657.4,196460.6,99385.88,157069.1,139364.4,125146.5,166381.7,99372.25,180680,132989.3,113995.2,979389.5,20042.17,17870.92,129956.6,296223.3,138,1318179,4892395,34619.08,696631.7,728197.6,45391.29,52358.22
Scenario 2,1025,4,Strong Growth (FOMO),125,TRADING,123041.4,325644.3,138083.7,240409.5,715487.2,713088.7,163777.9,487098.1,691404.7,979433.4,439900.7,284087.9,2459863,31445.48,399278.9,47767.25,339820.1,348884.7,1534901,45050.65,113536.5,444391.6,380986.6,393111.2,89705.76,134508.9,151637.7,196481.5,99169.42,157469.4,139505.2,125368.9,166352,99325.42,180958.5,133209,114118.2,975996.4,20012.15,17880.8,129841.7,296268.6,138.4,1318165,4889431,34619.24,695606.3,730139.8,45457.49,52213.77
Scenario 2,1026,4,Strong Growth (FOMO),126,TRADING,122786.1,325576.9,138520.8,239801.3,717208,714628.1,163980.1,487395.4,689746.4,979559.4,439614.4,284052.1,2464180,31507.3,399686.6,47884.94,339347.5,349508.1,1537192,45027.11,113696.3,444549,381146.2,392985.1,89800.51,134549.7,151648.4,196522.5,99039.28,157762.8,139626.4,125506.9,166369.2,99259.74,181034.4,133381.9,114203.8,972560.6,19962.13,17875.17,129551.1,296238.6,138.7,1318132,4893112,34591.76,693944.4,731722.2,45589.78,52122.12
Scenario 2,1027,4,Strong Growth (FOMO),127,TRADING,122572.7,325640.1,138900.4,239283.7,719141,714840.6,164221.9,487731.2,689705,978541.3,439631.8,283959.5,2470845,31575.61,400345.4,47955.6,339033.4,350101.7,1539159,45017.97,113812.9,444555.8,381179.7,392950.5,89883.03,134541.3,151665.1,196498,99032.4,158050.5,139941.3,125657,166387.3,99261.57,181287.5,133808,114343.5,969388.1,19925.37,17870.12,129464.6,296220.5,139.15,1318035,4894949,34596.77,692024.9,733912.4,45710.53,52014.37
Scenario 2,1028,4,Strong Growth (FOMO),128,TRADING,122386.4,325817.4,139054.5,238776.2,721163.1,716680.4,164422.6,487739.1,689743.3,978012.4,439401.7,283950.6,2476516,31682.53,401221.5,48064.88,338993.6,351049.8,1541365,45035.17,113998.9,444373.7,381106.5,393052.1,89929.83,134584.3,151714.3,196474.9,98899.98,158268.4,140291.2,125863.9,166479.3,99313.63,181480.9,134035,114455.8,966180.4,19883.3,17868.19,129068.4,296380,139.25,1318298,4900615,34607.58,690343.3,736041.9,45809.04,51855.77
Scenario 2,1029,4,Strong Growth (FOMO),129,TRADING,122142.5,325655.7,139321.7,238572.4,722783.6,716623.6,164725.9,488209.3,689792.2,977081.2,439042.5,283975.7,2481959,31770.87,401576.5,48145.54,339116.5,351420.2,1543430,45005.53,114324.8,444412.1,380918.2,392925.2,90164.96,134589.5,151679.5,196349.4,98758.73,158830.9,140347.1,126074.3,166508.6,99243.21,181624.9,134202.7,114507.9,963288.2,19852.14,17873.47,128803.6,296390.4,139.64,1318448,4899195,34600.95,689211.6,737189.5,45859.63,51808.49
Scenario 2,1030,4,Strong Growth (FOMO),130,TRADING,121924.8,325539.9,139490.6,237948,724864.8,717005.3,164912.2,488458.5,689424.9,977031,439072.7,283918.6,2488550,31864.56,401734.8,48198.67,339439.7,351911.7,1545308,45006.31,114570.6,444515.5,381025.2,392934.7,90149.65,134556.1,151741.5,196298.6,98663.81,159348.1,140520.1,126416.3,166548.7,99171.32,181770.4,134521.7,114653.2,961397.7,19813.69,17847.84,128859.5,296374.5,139.93,1318640,4900517,34581.31,687962.5,739820.2,45946.29,51755.61
Scenario 2,1031,4,Strong Growth (FOMO),131,TRADING,121790.4,325611.7,139479.9,237607.7,726896.9,718733.8,165144.8,489043.8,689964.8,976804,438959.5,283900.3,2493420,31978.5,402313.9,48276.72,339560.1,352590.4,1546705,45028.01,114741.2,444497.2,380964.6,393060.3,90330.29,134551.7,151790.5,196306,98505.59,159656.6,140711.4,126597.2,166571.2,99265.42,181872.4,134861.6,114808.2,959233.4,19790.23,17818.83,128821.3,296259.6,140.11,1318659,4904262,34556.39,686485.2,741767.8,46060.3,51681.84
Scenario 2,1032,4,Strong Growth (FOMO),132,TRADING,121573.3,325503.1,139563.3,237217.2,728721.1,719388.9,165490.7,489455.6,689622.6,976489.8,438832,283865.2,2499491,32047.53,402658.8,48370.28,339955.2,353199.3,1548312,45049.09,114920.8,444491.8,380853.1,393032.1,90410.58,134559.2,151798,196239,98376.37,159803.6,140844.8,126691.2,166616.1,99270.13,182185.9,135201.2,115011.8,958588.5,19751.4,17798.61,128586.5,296230.3,140.46,1318871,4906922,34542.14,685604.4,743132.7,46171.34,51607.74
Scenario 2,1033,4,Strong Growth (FOMO),133,TRADING,121348.1,325502.2,139768.8,236580.5,730495.6,719491.8,165710.9,489353.6,689347.7,975747.4,438766.8,283876.3,2504357,32128.43,403011.2,48483.58,340297.8,354004,1549049,45040.82,115057,444560,381033.1,393021.6,90559.47,134590.9,151843.1,196178.3,98311.54,160322.6,141043.2,126917,166550.4,99303.32,182452.1,135559,115117.5,958588.5,19701.62,17795.53,128351.7,296245.8,140.89,1318678,4901044,34536.6,684663.5,745327.8,46247.03,51520.31
Scenario 2,1034,4,Strong Growth (FOMO),134,TRADING,121134.9,325435.8,139973.7,236160.9,733165.4,721038.8,165926.9,489432.7,688978.1,973565.7,438695.8,283895.1,2510087,32206.78,403481.3,48581.32,340523.4,354767.9,1550642,45025.72,115345.8,444664.8,381154.9,393010.4,90598.44,134579,151873.6,196119.2,98193.77,160564.6,141173.8,127149.7,166624.8,99185.64,182664.7,135884.9,115172.2,959361.5,19673.11,17803.12,128159,296254.3,141.13,1318547,4902683,34543.11,684507.4,747104.2,46367.59,51426.51
Scenario 2,1035,4,Strong Growth (FOMO),135,TRADING,120849.3,325342.1,140225.1,235544.7,734810.6,722071.5,166159.2,489464.9,688519.8,971945.4,438568.2,283832.2,2515593,32278.44,403948.4,48672.91,340079.8,355583,1551931,45043.71,115655.1,444707.5,381237.3,392958.3,90719.79,134599.1,151885.9,196049.2,98127.55,160639.7,141455.5,127351.5,166616.5,99095,182873.4,136147.5,115342.4,961186.5,19647.9,17811.02,127860.7,296307.2,141.41,1318559,4908875,34555.87,683314.5,749244,46455.88,51361.52
Scenario 2,1036,4,Strong Growth (FOMO),136,TRADING,120679.1,325145.5,140394.8,235255.1,736952.2,722885.2,166476.6,489737.8,688363.6,971217.1,437836.1,283815.9,2520590,32376.76,404282.1,48757.44,340010.5,356330.7,1554402,45019.81,115814.5,444780.9,381164.3,392927.5,90741.53,134582,151912,196046.2,98130.07,160857.1,141770.5,127557.2,166596.5,99097.97,183015.7,136384.8,115474.4,962486.2,19610.09,17804.84,127748.9,296151.7,141.64,1319338,4910219,34563.8,682441.4,751069.1,46494.01,51323.91
Scenario 2,1037,4,Strong Growth (FOMO),137,TRADING,120474.7,325010,140527.6,234860.4,738694.3,723300,166733.9,490039.5,687892.9,969109.1,437164.2,283816.3,2526326,32441.18,404729.4,48866.37,339449,357018,1556871,45005.9,115987.6,444901.1,381256.7,393005.9,91006.14,134590.5,151921.6,196059.9,98012.46,161304.5,141883.1,127727.7,166491,99148.84,183231.8,136592.2,115576.2,964027.6,19578.4,17784.14,127484.7,296157.5,142.04,1319592,4912258,34560.84,682290.5,752365,46568.49,51275.89
Scenario 2,1038,4,Strong Growth (FOMO),138,TRADING,120301.6,324996.7,140785.3,234599.5,740824,724500.2,166957.5,489969.3,687649.2,967882.6,436959.5,283835.3,2530717,32488.48,404957.1,48914.81,339248.9,357644.8,1558938,44997.39,116177.9,445068.1,381389.5,392954.9,91039.42,134601.6,151917.9,195990.5,97938.41,161756.6,142140.2,127967.2,166536.2,99168.33,183370.6,137014,115635,965764.9,19542.06,17799.7,127340.2,296148.5,142.39,1319789,4909424,34573.86,681636.8,754562.7,46635.76,51251.52
Scenario 2,1039,4,Strong Growth (FOMO),139,TRADING,120078.6,325006.8,141053.7,234278.4,742471.5,725783.4,167201.9,490043.9,687772,967028.9,436461.3,283827.8,2537202,32586.17,405796.5,49019.32,339021.1,358158,1561500,44995.13,116396.7,445032.6,381423,393111.8,91218.29,134580.4,151950.7,196034.8,97782.1,162111.7,142656.2,128162.7,166543.6,99082.38,183646.6,137234.8,115799.8,967229.5,19505.88,17778.42,127470.3,296219.1,142.85,1319593,4913329,34592.21,680503.4,756429.9,46700.95,51183.08
Scenario 2,1040,4,Strong Growth (FOMO),140,TRADING,119880.9,324843.6,141274.5,233957.6,744233.2,727128.5,167426.9,490212.8,687227.9,966515.1,436363.8,283810,2543991,32702.47,406400.5,49088.44,339156.8,358637.4,1563466,45019.69,116657.2,444829.1,381377.7,393006,91417.16,134634.8,151934.8,195976.8,97724.56,162408.8,142752.4,128361.6,166535.3,99086.68,183896.9,137515,115979.3,968588.2,19486.91,17775.57,127180.5,296134.6,142.88,1318998,4910141,34597.69,678078.1,758279.8,46784.11,51144.44
Scenario 2,1041,4,Strong Growth (FOMO),141,TRADING,119655.1,324795.9,141484.3,233608.2,746343.2,728084.2,167729.8,490214.3,688006.6,966009.9,436473.4,283821.1,2549987,32776.85,406731.5,49146.72,339213.2,359437,1565444,45011.59,116836,444804.2,381565.8,393077.7,91551.55,134621.5,151915.3,196025.2,97624.03,162740.2,142860.9,128643.8,166550,99136.93,184009.7,137857.9,116199.6,970752.4,19447.02,17744,126907.3,296241.3,142.94,1318842,4913550,34590.54,677780.4,759972,46807.15,51097.93
Scenario 2,1042,4,Strong Growth (FOMO),142,TRADING,119428.5,324750.7,141596.4,233164.8,748407.7,728925.3,168000.6,490652.9,688299.5,965986.4,436306.7,283747.3,2554690,32846.94,407398.7,49220.95,338369.4,359898.5,1566998,45000.38,117145.1,444742.1,381535.2,392974.7,91589.23,134619.6,151907,196009.1,97465.64,162934.2,143039.8,128915.9,166543.1,99062.15,184249.5,137919.7,116343.1,972310.1,19414.34,17731.19,126679.2,296308.5,143.19,1318731,4910667,34579.97,676858.7,761910.8,46870.16,51105.67
Scenario 2,1043,4,Strong Growth (FOMO),143,TRADING,119204.5,324522.8,141771.8,232731.8,750327.3,729919.4,168221.6,491328.1,688343.5,966672.3,436058.1,283761.8,2560539,32921.28,407782.9,49320.63,338188.7,360666.3,1569727,44993.21,117386,444669.5,381624.3,392993,91790.51,134657.9,151927.4,196078.7,97400.21,163108.8,143144.6,129061.8,166551.1,99057.84,184465.8,138209.9,116539.8,974183.3,19385.9,17705.08,126559.1,296390.7,143.55,1318468,4912849,34578.51,676124.4,763580.9,46916.36,50975.61
Scenario 2,1044,4,Strong Growth (FOMO),144,TRADING,118980.7,324406,142036.9,232417.1,752650.2,730846.6,168499.9,491409.9,688348.9,967491.2,435749,283822.2,2565900,32996.63,408288.4,49419.66,338219.8,361503.2,1571884,44981.82,117650.4,444571.9,381575.7,393055.7,91912.26,134609.9,151978.3,196061.7,97255.74,163483.1,143312.1,129384.8,166535.2,99055.94,184787.4,138461,116598,975695,19358.3,17677.87,126303.2,296407.4,143.79,1318520,4914413,34589.46,674903.8,765276.3,46981.13,50904.21
Scenario 2,1045,4,Strong Growth (FOMO),145,TRADING,118737.5,324310.4,142073.6,231916.4,753655.8,731430.9,168847.2,491623.1,687953.6,967447.2,435646.2,283798.1,2571638,33085.86,408673,49510.6,338425.2,361924,1574621,44995.27,117742.2,444526.8,381527.1,393226.1,92071.08,134596.6,152010.4,196070.2,97115.94,163735.8,143571.5,129603.5,166504.9,99089.49,184922.4,138767.2,116787,977389.7,19312.32,17666.59,126133.4,296260.7,144.01,1318830,4913302,34590.83,673045.6,766874.3,47050.62,50730.78
Scenario 2,1046,4,Strong Growth (FOMO),146,TRADING,118504.2,324323.6,142341.3,231506.4,755438.6,732939,169174.9,491655.6,688409.7,965668.5,435476.4,283802.5,2577526,33172.46,408910.4,49609.63,339088.1,362512.5,1576291,45010.37,118054,444411.2,381767.1,393249.5,92262.47,134611.8,151992.9,196094.7,96930.57,164070.5,143936.2,129822.9,166521,99165.14,185162.4,138999.1,116960.8,978761.4,19266.36,17654.18,125867.6,296215.1,144.33,1318515,4913214,34603.98,671636.8,768515.5,47080.87,50672.49
Scenario 2,1047,4,Strong Growth (FOMO),147,TRADING,118292.3,324438.4,142555.1,230980.1,757436.6,733810.4,169423.6,491664.6,689565.8,966423.1,436924,283752.9,2583818,33253.52,408962.2,49554.69,339025.7,363357.3,1575830,45018.7,118269.1,444258.5,381886.8,393261.2,92363.96,134658.3,152006.9,196160.1,97038.6,164454.5,143965.2,130134.6,166563,99267.36,185237.2,139143.6,116967.6,980393.8,19224.4,17640.31,125671.2,296327.5,144.67,1318746,4905657,34611.86,670255.7,769845.3,47177.03,50609.37
Scenario 2,1048,4,Strong Growth (FOMO),148,TRADING,118100.4,324477.7,142682.8,230801.9,758989.8,735400.5,169814.6,491822.5,689568.2,966113.9,438023.4,283753.3,2589707,33323.57,408877.3,49493.95,339000.6,363956.7,1574997,45029.25,118612.6,444148,382069,393121.4,92503.6,134682.2,151946.6,196090.8,97087.7,164506.1,143797.8,130394.4,166591.8,99284.99,185397.9,139364.8,116970.4,981693.4,19184.86,17628.42,125468.3,296469.7,145.12,1318201,4897342,34608.51,667672.6,771906.2,47243.36,50521.67
Scenario 2,1049,4,Strong Growth (FOMO),149,TRADING,117878.8,324552.1,143095.4,230398.8,760655,736921,170127.6,491770.4,690733.6,964665.7,439087.8,283736.9,2593348,33391.92,409087.4,49471.12,338966.5,364532.2,1572820,45057.94,118971.2,444088.6,382085.5,392958.8,92621.15,134665.1,152016.4,196002,97146.19,164881.6,143822.2,130621.1,166630.4,99304.2,185513,139594.9,116941,983018.3,19159.38,17620.27,125133,296468.8,145.27,1318021,4893885,34614.38,666015,773672.4,47325.86,50460.17
Scenario 2,1050,4,Strong Growth (FOMO),150,TRADING,117672.8,324564.8,143217.4,230075.2,762706.7,738945.1,170360.9,491432.4,690475.3,964276.5,440095.2,283718.9,2598337,33472.75,409573,49457.42,338943.7,365171,1572366,45072.46,119190.4,443919.8,382069.2,393026.2,92816.1,134649.4,151960.7,196038.8,97211.95,165155.4,143732.9,130760.5,166654.5,99334.92,185910.3,139756.2,116853.8,984659.1,19109.95,17609.85,124969.7,296483.6,145.43,1317733,4891240,34606.2,665727.1,775954.5,47428.68,50409.73
Scenario 2,1051,4,Strong Growth (FOMO),151,TRADING,117672.8,324564.8,143217.4,230075.2,762706.7,738945.1,170360.9,491432.4,690475.3,964276.5,440095.2,283718.9,2598337,33472.75,409573,49457.42,338943.7,365171,1572366,45072.46,119190.4,443919.8,382069.2,393026.2,92816.1,134649.4,151960.7,196038.8,97211.95,165155.4,143732.9,130760.5,166654.5,99334.92,185910.3,139756.2,116853.8,984659.1,19109.95,17609.85,124969.7,296483.6,145.43,1317733,4891240,34606.2,665727.1,775954.5,47428.68,50409.73
Scenario 2,1052,4,Strong Growth (FOMO),152,TRADING,117444,324634.5,143455.9,229678.2,764561.2,740205.4,170628.6,491618.2,690525.5,963986.3,440829.8,283721.6,2602939,33550.07,409689,49449.63,338687.8,365738.5,1571372,45067.48,119344.5,443804.9,382070.8,393266.6,93001.81,134631.5,151935.5,196016.7,97352.93,165578.2,143656.9,130907.7,166623,99387.93,186168.8,139905.4,116865.9,986242.6,19072.77,17606.13,124928.5,296461.4,145.8292,1317279,4885310,34619.86,665667.5,777976.4,47492.12,50354.67
Scenario 2,1053,4,Strong Growth (FOMO),153,TRADING,117167.3,324714.9,143691,229310.6,766438.5,741108.7,170959,491369.2,691483.1,963730.8,441708.3,283813.8,2608098,33623.04,409748.8,49425.4,338709.9,366359.2,1569146,45050.05,119686.4,443835,381844,393183.4,93114.6,134621,151936,195964.1,97453.63,165856,143647.1,131123.5,166560,99342.23,186387.5,140085.4,116851.3,988207.1,19032.4,17557.46,124543.4,296440.1,145.8591,1317511,4871564,34642.22,665404.4,780019,47540.73,50258.48
Scenario 2,1054,4,Strong Growth (FOMO),154,TRADING,116953.4,324586.3,143846.6,228826,768402.7,742709.6,171276.1,491018.8,692401.3,963272.3,442998.7,283901.5,2612614,33695.04,409688.7,49413.69,337979.2,366819.8,1567024,45040.94,119971.6,443900.4,381666.3,393265.2,93365.41,134612.4,151841.6,195934.9,97562.26,166151.2,143644.4,131181.4,166529.9,99453.66,186636.5,140406.9,116891.1,990006.3,19002.11,17527.93,124208.3,296345.2,146.3281,1317289,4862234,34631.74,664765.4,781948.5,47621.11,50168.11
Scenario 2,1055,4,Strong Growth (FOMO),155,TRADING,116734.5,324682.6,144188.5,228478.1,769839.9,744741.2,171509,490742.1,692698.2,962032.3,443896.3,283970.8,2617977,33750.28,409666.4,49400.77,337848.6,367711.2,1567089,45018.73,120241.4,443992.6,381655.2,393127.7,93439.98,134653.1,151778.5,195937.9,97604.36,166413,143702.5,131439.3,166521.6,99467.94,186946.3,140633,116885.6,991765,18961.85,17518.61,123870.4,296442.2,146.5776,1317222,4852532,34629.6,663974.6,784276.2,47719.7,50120.14
Scenario 2,1056,4,Strong Growth (FOMO),156,TRADING,116536.6,324686.7,144413.8,228225.4,771588.8,745185.5,171762.9,490576.5,693566.8,962918.3,444915.5,283950.2,2622473,33816.43,409929.9,49388.6,337834.4,368415.4,1564892,44992.02,120493.2,444251.3,381812.9,393010.4,93543.47,134674.1,151762.5,195925.4,97643.68,166752.6,143653.4,131565.3,166505,99609.04,187132.3,141037.1,116806.9,993666.4,18915.14,17496,123916.6,296345.1,146.6475,1317109,4843166,34636.48,662737.2,786181.2,47780.83,50054.9
Scenario 2,1057,4,Strong Growth (FOMO),157,TRADING,116280.1,324941,144434.3,227704.3,773408.7,746246.1,172121.3,490866.3,693779.6,962374.5,446219.3,283958.1,2627927,33890.79,409808.1,49367.93,337757.2,368845.4,1563420,44987.01,120742.7,444408.4,381704,392884.2,93581.08,134669.2,151758.9,195906.7,97719.97,166893.6,143812.2,131795,166548.2,99796.21,187338.4,141338.7,116845.3,995678.8,18889.93,17476.42,123922.9,296270.3,146.9968,1317377,4833569,34636.67,661655.6,787953.4,47842.24,49958.98
Scenario 2,1058,4,Strong Growth (FOMO),158,TRADING,116069.2,324841.4,144692,227425.9,775157,746469.7,172275.6,490534.2,694475.6,962965.2,447154.7,283964.1,2634637,33969.61,410025.1,49331.17,337151.8,369804.7,1562286,44973.09,120910.9,444216.1,381615.8,392670.9,93742.54,134630.4,151710.6,195870,97865.04,167060.6,143973.9,131909.4,166629,99864.13,187560.7,141500.1,116793.9,997951.7,18854.36,17440.7,123765.7,296197.6,147.4359,1317289,4824367,34646.15,660669.4,789724.5,47908.92,49867.05
Scenario 2,1059,4,Strong Growth (FOMO),159,TRADING,115794.5,324799,145061.4,227133.7,777356.9,748196.8,172532.7,490265.2,695458.8,963985.6,448236.1,284000.5,2640985,34044.47,409796.7,49286.12,336900.7,370610.1,1561856,44939.65,121135.4,444415.8,381626.8,392785.1,93861.41,134681.7,151670.1,195824.3,97959.42,167325,143903.1,132066.1,166659.5,99908.2,187767,141586.8,116842.9,999475.6,18837.48,17439.53,123697.6,296158.7,147.7352,1317305,4817301,34647.22,659032.9,791398.2,48003.45,49800.75
Scenario 2,1060,4,Strong Growth (FOMO),160,TRADING,115563.6,324741.3,145379.8,226720.9,779317.1,749105.5,172867.7,489898.2,696795.5,963806.5,448996.9,284112.9,2646328,34146.18,410101.3,49299.56,336725.3,371271.4,1560609,44937.27,121468.2,444513.9,381660.6,392850.7,93879.51,134724.7,151611.2,195822.7,98072.58,167907.5,144090.3,132348.7,166686,99890.86,187959.3,141830.9,116908.6,1001251,18804.14,17429.1,123354.5,296135.3,148.0646,1317100,4815421,34659.61,657643,793466.2,48095.36,49717.36
Scenario 2,1061,4,Strong Growth (FOMO),161,TRADING,115353.1,324905.6,145713.4,226243.3,781820.6,750666.3,173096,489885.8,697273.2,963495.9,449947.9,284114.6,2650867,34224.55,410218.1,49285.34,336765.3,371776,1558823,44922.41,121629.6,444615.8,381512.8,392776.4,93954,134690,151550.3,195816.9,98139,168073,144161.8,132644.2,166695.5,99980.96,188199.1,142197.5,116910.8,1002783,18780.04,17409.39,123358.8,296091.7,148.334,1317106,4809375,34669.17,656716.9,795339.4,48198.97,49588.87
Scenario 2,1062,4,Strong Growth (FOMO),162,TRADING,115108,324827.4,145803.2,225820.6,783792.6,752428.9,173501.1,489744.8,697786.7,963188.7,451048.4,284194.5,2656892,34289.4,410412.7,49279.5,336756.1,372333.6,1557703,44917.55,121813.8,444534,381572.5,392835.6,94093.03,134691.6,151523.6,195842.2,98201.75,168242.1,144367.3,132844.6,166709,99999.72,188353.4,142473,116807.3,1004795,18750.61,17388.82,123184.6,296034.8,148.7631,1317564,4804377,34687.19,654963.2,796720.8,48282.43,49522.24
Scenario 2,1063,4,Strong Growth (FOMO),163,TRADING,114843.1,324791,146216.6,225156.6,785421,753532,173802.1,489873.9,698130.5,962688.6,452165.6,284214.4,2662297,34373.5,410627.1,49266.99,336338.3,373141,1556369,44929.72,122071.8,444508.2,381446.8,392968.6,94146.65,134670.4,151538.8,195765.8,98290.49,168455.2,144429.8,133046.1,166686.5,100076.7,188697.3,142578.8,116810.5,1006199,18726.25,17393.9,123069,295892.7,148.8729,1317332,4796492,34682.3,654022.6,798513.9,48366.66,49437.12
Scenario 2,1064,4,Strong Growth (FOMO),164,TRADING,114679.2,324707.8,146375.1,224774.2,787383.4,754587.6,174114.5,489849.7,698686.1,963003.6,452787.2,284216.9,2666331,34441.3,410721.7,49256.87,336057.8,373961,1556414,44901.77,122301.7,444501.1,381639.8,393224.9,94255.9,134687.3,151513.8,195746.4,98391.35,168916.9,144470,133225.1,166684.6,100178.1,188987.7,142868.1,116866.6,1007893,18698.7,17354.25,122816.8,295959.4,148.9727,1317086,4788167,34697.02,652457.2,800645.5,48450.1,49327.12
Scenario 2,1065,4,Strong Growth (FOMO),165,TRADING,114509.7,324787.6,146533.7,224380.2,789593.3,755289.6,174353.4,489836.7,699798.4,963498.3,453939.6,284282.8,2671332,34531.56,410406.3,49250.88,335544.6,374610.3,1554510,44903.14,122571.4,444654,381609.2,393388.4,94323.2,134699.4,151516,195796.5,98516.6,169086.2,144440,133460.1,166668.8,100160.3,189172.6,143014.3,116800.5,1008579,18666.79,17350.84,122522.4,295807.6,149.2821,1317038,4777872,34701.6,650957.4,802776.2,48505.45,49243.37
Scenario 2,1066,4,Strong Growth (FOMO),166,TRADING,114314.9,324640,146937.8,223914.3,791291.9,756352.1,174567,489744.5,700119.3,965237.8,455014.9,284270.3,2677558,34640.07,411013.3,49238.96,335771.3,375237.7,1552881,44905.93,122822,444766,381487.2,393611.5,94511.87,134698.9,151470,195767.4,98639.58,169223.8,144525,133676.9,166732.8,100188,189372.5,143224.3,116732.1,1010344,18640.34,17327.82,122241.5,295688.5,149.3719,1317412,4768212,34708.22,649040,804244.8,48569.55,49144.71
Scenario 2,1067,4,Strong Growth (FOMO),167,TRADING,114099.5,324543.6,147136.1,223498.8,792566.9,756969.4,174905.8,489069.9,700779.4,965439.9,455842,284268.2,2682939,34686.87,411024.8,49225.8,335439.4,375826.9,1551814,44938.29,123090.4,444910,381402.6,393842.2,94574.79,134690.7,151399.3,195685.1,98807.85,169511.3,144626.2,133811.5,166661.8,100250.1,189552.2,143648.4,116747.4,1011093,18613.9,17309.36,122033,295682.4,149.9307,1317470,4763801,34715.81,646838.5,805220.8,48652.67,49032.73
Scenario 2,1068,4,Strong Growth (FOMO),168,TRADING,113882.2,324461.4,147529.2,223048.5,794584.2,758063.5,175212.5,489084.3,701137.9,964707.4,456276.2,284305.4,2689259,34784.22,411033,49187.35,334867.1,376192.8,1550786,44950.96,123281.5,444880.2,381341.6,393789.3,94789.51,134622.2,151303.6,195636.6,98915.62,169753.6,144504.3,134036.3,166665.3,100284.7,189718.3,143738.9,116698.1,1013394,18575.31,17297.77,121861,295688.9,150.4197,1317211,4760188,34718.32,645243,807158.1,48739.65,48979.15
Scenario 2,1069,4,Strong Growth (FOMO),169,TRADING,113637.4,324556.1,147930.1,222599.5,796311.2,759609,175510.1,488838.4,702512.1,965744.9,457335.3,284334,2694127,34882.78,411353.7,49161.55,334564.1,376901.4,1548993,44941.57,123571,445004.2,381161.4,393832.4,94934.77,134606.3,151280.9,195676.8,98996.81,170046.9,144453.5,134231.6,166646.4,100329.8,189960.3,144094.1,116780.8,1016049,18534.56,17269.3,121604.5,295708.2,150.6892,1317302,4752021,34718.98,644162,808850.8,48811.69,48903.35
Scenario 2,1070,4,Strong Growth (FOMO),170,TRADING,113426.7,324365.3,148179.7,222208.6,797840.1,761753.2,175861.9,488925.2,703321.4,966341.2,458603.5,284362.2,2700679,34946.37,411178.8,49163.09,334482.4,377718.1,1546987,44945.55,123885.4,445104.3,381017.6,393875.4,94974.79,134602.5,151266.6,195713.5,99143.43,170359.8,144541.1,134484.7,166621.5,100389,190318.2,144268.9,116671.5,1017112,18502.2,17242.99,121465.4,295745.5,151.0983,1317758,4744196,34718.26,642751,811294.5,48923.11,48875.1
Scenario 2,1071,4,Strong Growth (FOMO),171,TRADING,113234,324507.1,148371.7,221653.1,799887.4,762987.8,176174.4,488738.7,704265.8,966332.7,459742.6,284440.2,2705382,35008.33,410978.8,49163.3,334306.2,378259.6,1546033,44940.34,124044.6,444867.3,380995.9,393968.7,95126.81,134552,151193.6,195721.7,99126.99,170654.4,144483.4,134882.6,166661.1,100465.3,190596.3,144405,116643.3,1018534,18478.85,17231.72,121353.8,295719.2,151.3678,1317125,4743664,34724.81,642120,813349.5,49012.86,48860.02
Scenario 2,1072,4,Strong Growth (FOMO),172,TRADING,112999.2,324308.9,148776.3,221304,801742.5,765055.3,176455.9,489059.4,705170.8,964826.5,460873.8,284491.6,2712132,35093.05,411164.3,49139.25,334040,378889.4,1544620,44938.63,124259.8,444828,380749.4,394024.1,95235.38,134522.4,151183.8,195768.5,99221.05,171069,144567.4,134924.1,166679.7,100520.3,190752.2,144592.7,116596.8,1020840,18439.74,17227.38,121058.5,295757.9,151.7669,1316922,4730486,34729.79,640794.3,815318.3,49111.68,48830.34
Scenario 2,1073,4,Strong Growth (FOMO),173,TRADING,112831.4,324238.2,149102.5,220930.1,803936.1,766782.9,176712,489069.9,705941,964366.1,462072.4,284517.4,2718448,35205.79,411358.1,49092.57,334030.7,379311.7,1543105,44928.94,124482.8,444633.3,380882.8,393942,95313.26,134531.8,151193.1,195748.1,99294.23,171325.9,144704.4,134991.3,166719.9,100532.9,190917.3,144764.2,116541.1,1023213,18416.54,17223.99,120779.4,295787.7,152.0962,1317003,4724885,34732.41,639915.1,817263.2,49211.5,48740.16
Scenario 2,1074,4,Strong Growth (FOMO),174,TRADING,112583,324283,149317.7,220545,805564,768532.2,176996.4,489267.1,706763.4,964055.9,463215.7,284548.2,2726342,35287.45,411841.7,49078.57,334064.2,380214.5,1541969,44924.99,124724.1,444541.8,381083.7,394013.9,95475.27,134511.4,151161.6,195706.2,99351.07,171420.6,144584.9,135236,166718.8,100542.3,191204.5,145045,116488.6,1024893,18375.37,17212.47,120589.2,295747.6,152.4954,1316744,4719636,34730.3,639167.2,818865.5,49248.33,48658.44
Scenario 2,1075,4,Strong Growth (FOMO),175,TRADING,112433.2,324067.9,149797.6,220145.1,807675.4,770868.1,177267.2,489063.7,708069.8,964385.7,463912.6,284628.3,2732407,35389.44,411796.2,49048.81,334404.2,381086.4,1541342,44940.78,124945,444749.6,381065.2,394199.6,95409.79,134537.7,151201.7,195703.3,99490.42,171639.6,144571,135460.3,166743.3,100612.1,191495,145415.9,116458.9,1026162,18326.13,17202.24,120284.5,295615.1,152.6052,1316446,4707685,34735.13,638864.6,820546.8,49342.66,48553.76
Scenario 2,1076,4,Strong Growth (FOMO),176,TRADING,112212.9,324089.1,150103.5,219568.4,809995.8,772268.1,177527,489231.3,708281.6,964782.3,464881.6,284659.9,2738372,35459.98,411967.2,49032.06,334524.8,381426.4,1540348,44948,125171.6,444754.3,381001.3,394377,95524.4,134507.6,151148.5,195709.5,99504.42,171865.3,144574.8,135679.1,166719,100800.8,191631.9,145845.4,116460.1,1028061,18297.02,17188.47,120182.4,295695.2,152.9046,1316342,4700684,34738.14,637104.1,822052.6,49411.21,48507.02
Scenario 2,1077,4,Strong Growth (FOMO),177,TRADING,112030.6,324011.9,150115,219222.5,811646.1,773502.4,177745.6,489130.4,708616.5,964486.8,466114.7,284568.4,2743137,35536.08,411988.1,48978.83,334818.5,382108,1539835,44947.49,125354.6,444774.4,381081.2,394491.5,95708.24,134470.4,151114.7,195684.3,99578.88,172235.9,144695.8,135743,166660.5,100886,191937.5,146060.8,116473.8,1029458,18267.3,17175.13,120053.2,295635.5,152.9944,1316255,4694321,34746.94,635271.4,824020.8,49452.97,48426.04
Scenario 2,1078,4,Strong Growth (FOMO),178,TRADING,111777.7,324181.8,150451.5,219060.9,813656.4,775845.1,177973.7,488827.8,709875.3,965720.9,466708.3,284579.5,2749759,35602.14,412281.4,48976.43,334544.2,382928.8,1538733,44935.49,125531.8,444865.5,381079.7,394384.5,95822.87,134458.5,151067.8,195676.4,99647.67,172361.8,144861.2,135958.7,166620.7,100917.2,192149.2,146356.8,116467.8,1031617,18240.67,17141.4,119706.4,295716.8,153.3537,1316190,4682966,34751.31,634460.1,825962.1,49509.25,48362.56
Scenario 2,1079,4,Strong Growth (FOMO),179,TRADING,111566.3,324199.5,150737.3,218583.4,815564.2,776955.2,178307.3,488751.8,710029.8,966455.8,467851,284616.8,2755440,35686.55,412343.5,48920.13,334834.1,383513.1,1538273,44932.69,125739.4,445139.2,381096.3,394374.6,95931.19,134440,151066.5,195650.1,99710.31,172796.9,145112.7,136219.7,166593.6,100903.7,192447.8,146466.9,116399.1,1033373,18191.48,17124.33,119527.9,295751.9,153.693,1316304,4672254,34742.88,633722.1,827713.6,49599.61,48298.53
Scenario 2,1080,4,Strong Growth (FOMO),180,TRADING,111339.4,324251.6,151066.2,218332.1,817405.6,777338,178658.6,488361.8,710534.6,966218.4,468591.9,284660.4,2762703,35767.17,412499,48947.51,334881.7,384395.9,1537527,44925.33,125982,444956.3,381001.3,394144.5,96032.69,134470.5,150973.9,195639.2,99817.8,173117.6,145077.8,136374.2,166582,101015.9,192528.2,146479.5,116349.8,1035040,18158.83,17087.73,119263.1,295717.9,154.1221,1316426,4665602,34748.86,632434.5,829550.1,49662.66,48196.76
Scenario 2,1081,4,Strong Growth (FOMO),181,TRADING,111086.5,324256.7,151334,217853,819870.7,778878.7,178970.8,488071.4,711195.9,967048.9,469908,284682.8,2769835,35848.97,412436.4,48912.35,334722.8,385279.2,1536889,44905.56,126278.4,445007.5,381028,394258.3,96028.17,134427.4,150949.4,195594.5,99892.76,173422.7,145094.4,136724.8,166571.3,101023,192756.1,146653.5,116355.3,1036147,18113.88,17081.8,119341.9,295736.7,154.5412,1316331,4655976,34743.85,630888.2,830998.4,49751.06,48098.94
Scenario 2,1082,4,Strong Growth (FOMO),182,TRADING,110825.2,324303.6,151630.6,217491.9,822055.9,779382.5,179151,487821.5,711520.9,966241.9,471245.2,284709.2,2774887,35970.12,412312.4,48895.55,334168.1,386103.4,1535342,44886.33,126390.5,445063,381156,394121,96134.07,134413,150919,195515,99913.45,173879.9,145044.2,136888,166612.2,101006.8,193033,146953.3,116373,1038827,18082.41,17069.95,119137.7,295689.6,155.0901,1316461,4648225,34759.83,629589.4,832138.4,49866.35,48017.27
Scenario 2,1083,4,Strong Growth (FOMO),183,TRADING,110621.5,324358.8,151787.1,216979.9,823644,781025.5,179476.7,487474.3,712747.8,966183.3,472258.2,284764.5,2781007,36061.54,412560.9,48836.98,334012.5,387038.5,1534006,44894.61,126714.9,445028.6,381200.1,394172.5,96170.71,134394.2,150853.6,195504.8,100023.5,174124.2,145083,137177.1,166611.7,101127.4,193372.6,147402.6,116318.6,1040478,18034.29,17062.67,118943.8,295614.4,155.4094,1316566,4643617,34755.56,628664,834589.9,49882.57,47938.79
Scenario 2,1084,4,Strong Growth (FOMO),184,TRADING,110377.1,324369.6,151922.5,216634.8,825658.4,781841.2,179807.9,487061.5,712678,966748.8,472959.6,284747.3,2786979,36138.45,412351.8,48860.99,333608.4,387681.6,1532737,44897.3,126902.5,445143.9,381134.6,393977.9,96368.37,134391.1,150819.7,195510.3,100056.7,174597.6,145044.1,137383.4,166582.3,101147.1,193538.6,147753.3,116335.1,1041799,18004.82,17028.81,118755.1,295627.1,155.7986,1316706,4632335,34756.02,627127.3,835964.5,49932.66,47831.91
Scenario 2,1085,4,Strong Growth (FOMO),185,TRADING,110154.7,324495.8,152019.7,216124,828001.6,782750,180190.2,486938.1,713920.9,965616.8,474231.5,284716.7,2793602,36237.39,412114,48873.64,333159.4,388281.8,1530572,44911.71,127311.1,444997.2,381009.8,394001.6,96405.21,134400.2,150764.2,195577.9,100141.1,175054.3,144940.2,137586,166622.8,101239,193653.8,147978.3,116284.6,1043553,17959.48,17033.76,118600.8,295560.4,155.9882,1317182,4629554,34765.23,626398.4,837465.1,50004.81,47787.8
Scenario 2,1086,4,Strong Growth (FOMO),186,TRADING,109957.8,324544.1,152269.7,215602.4,829663.1,783782.3,180476.3,486883.6,714300.2,965251.4,474966,284809.4,2800470,36316.05,411808.6,48907.8,332494.2,388834.5,1529585,44936.21,127488.5,445149.4,380920,393902.7,96413.4,134408.5,150682.4,195592.5,100228.8,175369.6,145079.3,137897.5,166634.2,101417.8,193923.3,148209.2,116230.5,1045030,17924.64,17011.83,118518,295547.1,156.088,1317660,4622980,34755.33,625360.1,839346.6,50114.47,47674.72
Scenario 2,1087,4,Strong Growth (FOMO),187,TRADING,109722.2,324676.8,152341.7,214935.8,831419.7,784685.3,180731.1,486862.4,714624.2,965308.2,476618.4,284785.9,2805347,36408.31,411599.9,48916.01,332221.3,389519.1,1527054,44942.26,127708,445252.3,380887.9,394023,96564.62,134413,150688.1,195630.9,100311.1,175952.2,145027.7,138078.9,166613.1,101526.4,194220.4,148687.7,116188.7,1046481,17898.73,16994.22,118317.3,295559.6,156.4772,1317727,4611729,34773.59,624122.7,841174.1,50201.74,47573.02
Scenario 2,1088,4,Strong Growth (FOMO),188,TRADING,109471.7,324679,152645.6,214492.4,832881,786280.6,180963.7,486685.1,716105.6,964647.6,478247.5,284833.3,2810182,36479.29,411569.9,48892.16,331655.1,389995.5,1525610,44924.81,127933.3,445394.6,380819,394145.6,96753.63,134422.6,150607.6,195632.5,100430.3,176148.9,144996.2,138302.6,166583.3,101629.5,194536.2,148987,116177.6,1048699,17873.76,16983.97,118249.9,295565.6,156.7267,1317422,4605911,34760.78,622686.9,842757.3,50284.96,47493.69
Scenario 2,1089,4,Strong Growth (FOMO),189,TRADING,109270.4,324831.7,153165,214011.1,835037.3,788184.8,181050.4,486631.3,716702.4,964609.4,479281.2,284779.3,2815837,36557.61,411489.4,48861.74,331411.5,390819.9,1524089,44892.8,128321.1,445272.2,380866.3,394142.6,96910.34,134423.3,150637.1,195577.5,100503.1,176414.9,144965.4,138314.5,166543.3,101730.3,194720.3,149077,116204.4,1050694,17833.06,16986.05,118017.1,295554.5,157.1658,1317285,4598991,34740.31,622075,844605.4,50396.46,47479.31
Scenario 2,1090,4,Strong Growth (FOMO),190,TRADING,109055.5,324762.8,153454.3,213387.9,836363.8,788942,181283.3,486140.3,716861.3,963266,480514.5,284828.7,2821364,36652.93,411761.4,48876.2,331164.2,391271.9,1522738,44884.67,128604.9,445408.3,380893.7,394208.9,97090.96,134458.4,150649.5,195599,100648.3,176671.3,144975.8,138528.8,166560.2,101805.9,194988.3,149324.4,116175.5,1052863,17825.94,16974.9,117998.5,295497.1,157.4352,1317052,4588189,34747.92,620841.2,846935.7,50463.84,47324.19
Scenario 2,1091,4,Strong Growth (FOMO),191,TRADING,108842.8,324897.9,153775.7,212923,838046.9,790398.3,181610.2,485997.5,717314.3,963476.2,481374.2,284859.1,2827511,36734.01,411848.4,48850.5,331275.2,391987.5,1521377,44897.66,128663.1,445363.1,381028.1,394149.8,97218.87,134477.2,150523.3,195607.6,100844.9,177122.8,144972,138746.6,166577.4,101870.4,195318.5,149491.6,116174.5,1054566,17804.79,16953.49,117956.4,295300.2,157.6648,1317034,4578251,34747.05,619817.6,848646.5,50556.35,47237.19
Scenario 2,1092,4,Strong Growth (FOMO),192,TRADING,108645.7,324840.8,153854.9,212472.2,840048.3,792334.9,181838.7,485780.3,717658.3,963794.3,482328.8,284930.4,2834927,36831.91,411953,48820.77,330780.5,392483,1519769,44882.77,128943.3,445381.7,380817.6,394165.5,97344.01,134470.9,150524.5,195636,101004.8,177490,144994.3,138967.1,166587.8,102012,195546.9,149760.7,116199.7,1056957,17777.28,16945.81,117739.3,295148.8,158.1039,1317697,4573471,34763.6,618413.7,851031.6,50652.57,47129.45
Scenario 2,1093,4,Strong Growth (FOMO),193,TRADING,108400.6,324918.6,153856.6,212129.7,842009.4,793500.2,182140.6,485757.9,717707.4,963202.6,483312.8,284889.8,2840542,36919.69,412216.8,48823.85,330664.7,393141.3,1517111,44846.48,129236.1,445233.7,380796.4,393975.5,97533.11,134487,150523.7,195698.6,101050.6,177918.4,145020.3,139164.2,166537.8,102102.1,195792.9,149870.4,116189.8,1058819,17735.29,16934.79,117778.5,295145.2,158.4831,1317606,4571316,34767.65,616956.6,852611.7,50713.76,46980.32
Scenario 2,1094,4,Strong Growth (FOMO),194,TRADING,108168.3,325071.6,154202.3,211816.6,843776.7,794305.2,182434.8,485540.9,718183.4,964919.9,484261.4,284905,2847446,36996.44,412430,48808.52,330106.9,393803.9,1516109,44851.69,129543.3,445197,380708,394191.1,97600.99,134517.2,150503,195605.4,101255.8,178226.5,145116.5,139364.3,166629.2,102261.8,196003.1,150333,116090.3,1060515,17690.28,16934.54,117647.8,295138.6,158.6028,1317308,4562560,34773.41,616050.8,854758.9,50772,46868.45
Scenario 2,1095,4,Strong Growth (FOMO),195,TRADING,107918.7,325064.1,154553.1,211376.9,844964.4,795646,182704.6,485269.8,719038.9,965303.1,485303.4,284873.7,2853701,37090.38,412691.3,48837.7,329811.4,394803,1514139,44837.98,129906,445109.1,380595.7,394202,97770.22,134510.7,150476.3,195639.7,101268.9,178630.2,145187.1,139687.4,166655.8,102282,196196.8,150611,116143.7,1062223,17665.3,16944.12,117495.5,295123,158.8523,1317038,4551428,34767.39,615074.2,855689.6,50821.48,46821.82
Scenario 2,1096,4,Strong Growth (FOMO),196,TRADING,107708.7,325184.9,154821.1,210913.7,846692.9,796287.1,182970.5,485092.2,719735.2,966021.6,486072.4,284894.2,2860968,37198.47,412889.6,48849.81,329429.2,395564.6,1513157,44806.11,130175,444964.6,380549.2,394357.6,97945.91,134520.8,150444.4,195633.3,101387,178699.3,145155,139798,166666.1,102261.2,196393,150986.7,116184.2,1064766,17629.3,16903.06,117371.4,295071.4,159.0619,1317126,4545838,34781.54,613875.9,857318.6,50880.56,46745.18
Scenario 2,1097,4,Strong Growth (FOMO),197,TRADING,107462.5,325133.5,154979.7,210668.3,848426.2,797596.5,183281.5,484912.8,720262.6,966796.9,487033,284881.8,2866961,37274.72,412972.7,48816.2,329187.7,396405.9,1512016,44786.86,130438.9,445088.8,380347.5,394274.2,98161.5,134533,150373.5,195697.4,101495.4,179071.9,145283.3,140067.6,166683.7,102349.1,196615.4,151069.7,116150.2,1066354,17595.7,16881.86,117362.9,295017.6,159.1118,1317675,4541657,34779.09,612626.6,859351.9,50943.99,46672.89
Scenario 2,1098,4,Strong Growth (FOMO),198,TRADING,107230.2,325220.5,155336.3,210242.9,850063.7,799345.7,183397.6,484646,721057.3,965481.4,487312.6,284923.7,2872006,37371.47,412792.1,48826.52,328800.6,397237.1,1510384,44772.93,130480.1,445242.7,380313,394370.8,98414.22,134531.6,150388.8,195675,101555.1,179516.7,145286.1,140391,166687.2,102403.5,196855.3,151586.9,116205,1068718,17574.77,16862.16,117199.9,295149.5,159.4012,1317701,4534322,34785.69,611928,861202.4,51020.02,46563.72
Scenario 2,1099,4,Strong Growth (FOMO),199,TRADING,107014.3,325287.9,155661.3,209839.3,851686.5,800549.6,183638.8,484311.5,721899.1,965842.1,488190.7,284937.2,2879484,37453.27,412966.7,48790.73,328824.2,397954.7,1508874,44778.3,130765.1,445208.9,380237.5,394225.1,98521.98,134520.1,150442.1,195669,101648.1,179956,145253.5,140669.2,166702.9,102561.7,197229.5,151816.3,116159.5,1071041,17542.19,16849.84,117026.4,295106.6,159.6008,1317396,4527187,34794.79,611238,862914.3,51070.76,46436.88
Scenario 2,1100,4,Strong Growth (FOMO),200,TRADING,106807.7,325477.1,156070.7,209463,853666.5,801006.4,183877.9,484007.4,722458.9,965901.4,489013.3,284953.8,2885581,37547.06,412882.4,48792.3,328641.5,398632.3,1507492,44783.06,130919.9,445407.1,380214.9,394326.4,98681.67,134525,150384.2,195619.1,101715.8,180423.1,145301.4,141035.3,166703.1,102554.1,197539.9,152223.1,116102.3,1072804,17516.27,16830.44,116670,294961.6,159.7105,1317830,4524040,34791.37,610465.1,865036,51156.89,46352.16
Scenario 2,1101,4,Strong Growth (FOMO),201,TRADING,106568.1,325530.6,156164.4,209177.2,855938.6,801567.5,184163.8,483621.5,722719.8,965176,490383.6,284903.7,2889482,37635.34,412618.2,48788.48,328159.5,399366.3,1506437,44753.84,131168.4,445520.4,380077.3,394059.6,98846.84,134530.1,150360.7,195608.9,101782.9,180624,145252.6,141165,166694.1,102655.2,197736.1,152522.9,116053.5,1074941,17479.71,16797.07,116577.4,295044.9,160.1796,1317791,4513804,34802.72,609133.3,866930.6,51252.39,46247.73
Scenario 2,1102,4,Strong Growth (FOMO),202,TRADING,106400.1,325482.3,156356.4,208768.3,857853.8,801922.1,184431.6,483118.8,724259.2,964019.9,491124.4,284936.9,2895196,37733.1,412655,48761.27,328154.5,400008.4,1505477,44741.27,131344.2,445520.1,380010.8,393955.5,99010.73,134533.5,150312.3,195598.1,101793.2,180701.6,145364.6,141331.3,166632.4,102679.8,197957.4,153050.9,116025.5,1076745,17448.01,16775.04,116324.8,294966.2,160.6586,1317724,4510693,34793.01,607574.1,868685.2,51356.13,46157.89
Scenario 2,1103,4,Strong Growth (FOMO),203,TRADING,106178.6,325362.4,156673.4,208336.9,859444.1,803178.6,184598.8,483206,724712.7,963631.9,492092.8,284973.4,2901089,37810.9,412363.9,48745.03,327538.6,400489.7,1504620,44755.93,131684.5,445417.5,380164.2,394164.2,99005.91,134526.6,150371.9,195571.2,101907.3,180913.6,145456.7,141687.4,166602,102741.6,197990.1,153159.1,116025.8,1078573,17421.45,16747.35,116083.5,294898.5,161.0677,1317462,4503729,34824.07,606094.6,869945.8,51490.01,46075.81
Scenario 2,1104,4,Strong Growth (FOMO),204,TRADING,106011.6,325445.9,156726,207723.3,861539.1,805208.9,184840.6,482938.7,724898.5,964870.7,492666.6,284994.3,2905954,37877.34,412162.7,48760.36,327506.4,401113.7,1503933,44777.76,131831.6,445355.1,380102.5,394164,99177.06,134502.3,150344.3,195598,101908.4,181368.9,145401.3,141859,166590.2,102760.7,198320.2,153477.9,115998.4,1079939,17396.62,16727.03,115838.2,294792.8,161.4969,1317339,4500265,34810.7,605247.6,871013.9,51534.17,45999.76
Scenario 2,1105,4,Strong Growth (FOMO),205,TRADING,105801.5,325358.4,156921.5,207359.1,863736.9,805706.3,185195.2,482837.9,725643.3,965253.7,493670.8,284976.6,2911429,37959.58,412618.8,48695.3,327522.4,401748.6,1502809,44771.68,132041.7,445542.2,380054.3,394269.9,99415.38,134477.2,150318.6,195538.8,101999.4,181751.8,145573,141947.9,166604.6,102743.9,198532.2,153807,115931.8,1081395,17360.04,16711.05,115659,294749.1,161.7863,1317225,4492928,34827.74,603561.8,872540.8,51589.95,45914.2
Scenario 2,1106,4,Strong Growth (FOMO),206,TRADING,105595.4,325302,157204.7,206942.6,865760.5,806995.8,185564.5,482947,726365.4,965121,494623,284998.5,2917789,38021.25,412672.1,48696.16,327099.7,402229.2,1501898,44788.7,132245.6,445555.6,380115.3,394350,99617.03,134501.9,150305.8,195480.5,101994.7,182096.2,145608.3,142327.9,166593.5,102734.8,197744.4,154019.9,115957.3,1082636,17305.7,16695.66,115277.6,294624.2,161.9858,1317374,4483228,34861.6,602919.1,874593,51631.35,45859.41
Scenario 2,1107,4,Strong Growth (FOMO),207,TRADING,105364.6,325360.9,157083.6,206617.1,867101.2,806449.7,185866.5,482633.1,726713.9,965877.1,495681.3,285056.9,2922931,38087.06,412316.3,48625.97,327194.6,402819.6,1500125,44783.66,131989.7,445534,380111,394297.3,99632.13,134477.5,150309.8,195457.5,102097.2,181854.6,145619.7,142323.3,166538.4,102867.9,197146.9,153770.2,115874.4,1084232,17333.07,16664.17,115276.4,294612,161.7164,1317394,4474091,34864.76,603508.6,876494.7,51598.11,45924.3
Scenario 2,1108,4,Strong Growth (FOMO),208,TRADING,105174.3,325409.3,157032.3,206249.8,869401.1,805642.9,186172.6,482522.7,727645.5,966049.4,496708.8,285095,2928508,38160.45,412568.8,48539.02,326461.8,403630.4,1499200,44764.38,131970.3,445607.4,380180.9,394489.4,99685.28,134480.4,150307.4,195509.5,102192.4,181868,145862.6,142116.3,166534.2,102864.4,196725.1,153565.3,116021.8,1085544,17351.25,16652.36,115374.5,294550.7,161.6465,1317826,4469941,34883.54,604434,878112.2,51532.68,46027.56
Scenario 2,1109,4,Strong Growth (FOMO),209,TRADING,105012.2,325292.5,157078.8,205800.3,871284,804800.2,186445,482417.6,728585.6,965791.2,497585.5,285081,2935294,38235.52,412789.4,48505.31,326317.5,404360.5,1498608,44752.39,131747.2,445888.6,380109.6,394374.1,99574.74,134464.8,150277,195459.3,102222.2,181482.3,145808.7,142038.9,166546.1,102725.2,196233.5,153604.6,116001.5,1088033,17378.66,16628.47,115791.6,294563.1,161.5468,1318069,4462830,34892.66,605613.7,879896,51426.26,46040.98
Scenario 2,1110,4,Strong Growth (FOMO),210,TRADING,105450.1,325238,156873.3,205374.3,872689.8,803640.1,186792.5,482079.4,729698.4,965996.6,498427.7,285043.6,2939100,38312.79,412813.4,48510.12,326402.2,404992.6,1497487,44712.09,131670.5,445796.3,380114.2,394083.3,99678.26,134477.9,150274.6,195400.6,102311.2,181110.6,145833.9,141810.3,166618.3,102767.6,195791.5,153577.4,115981.9,1089593,17403.46,16603.85,115856.5,294481,161.447,1318132,4458484,34900.22,606859.1,881801.5,51379.99,46090.1
Scenario 2,1111,4,Strong Growth (FOMO),211,TRADING,105900.5,325220.9,156829,205032.7,875096.6,803091.4,187021.3,481848.9,730437.9,965870,499325.4,285119.3,2943981,38394.45,413345.8,48479.72,326354,405863.6,1495928,44724.64,131591.7,445828.2,379927,393993.8,99655.89,134464.6,150223.4,195373.2,102361.6,180637.1,145720.6,141604.4,166615.4,102766.5,195275.1,153355.6,115989.6,1091237,17422.84,16587.97,116104.4,294403.3,161.3671,1318256,4452194,34915.57,607127.5,883743.7,51348.17,46143.4
Scenario 2,1112,4,Strong Growth (FOMO),212,TRADING,106337.5,325212.8,156691,204527.3,877500.7,800877.1,187282.5,481815.9,731051.3,965680.2,500186.6,285024.7,2949806,38460.26,413545.2,48470.6,325808.5,406563,1494200,44722.25,131433.1,446042.8,379587.2,394014.4,99682.09,134471.5,150131,195395.4,102456.7,180485.1,145675.5,141450.1,166605.5,102734.2,194687.4,153005.3,115971.8,1092721,17452.14,16584.01,116227.1,294381.9,161.1875,1317516,4449254,34927.09,607632,885753.2,51350,46209.71
Scenario 2,1113,4,Strong Growth (FOMO),213,TRADING,106790.2,325183,156988.5,203541.1,879049.4,799495.8,187579.9,481741.1,732859.3,965317.9,500965.7,285057.1,2954749,38539.6,413982.1,48456.79,325635.5,407009.8,1493497,44716.7,131408.6,446118.6,379621.9,393934.3,99599.48,134463.1,150091.9,195421.5,102505.8,180267.9,145669.3,141373,166620.1,102854.9,194303.5,153045.7,116011.1,1094488,17474.86,16555.54,116297.7,294321.8,161.0278,1317320,4444794,34926.71,608456.6,887799.5,51309.97,46314.33
Scenario 2,1114,4,Strong Growth (FOMO),214,TRADING,107242.2,325247.6,156876.3,205019.2,881117.5,797776.4,187842.2,481589.8,732962.1,965673.2,501718.5,285124.9,2961148,38632.31,414125.7,48421.97,325655.7,407337.7,1493052,44714.86,131209.4,446149.6,379529.2,394072.3,99523.77,134443.9,150049.5,195429.8,102666.2,180225.2,145719.6,141363.7,166626.4,102963.2,193908.6,153057.8,116013.8,1096252,17478.45,16546.27,116279.3,294434.6,160.928,1317137,4446149,34923.82,609317.1,889671.5,51285.23,46411.94
Scenario 2,1115,4,Strong Growth (FOMO),215,TRADING,107780.5,325189.4,156701.4,205958.6,882952.1,797108.7,188087.1,481967.8,733789.4,965329.7,502478.5,285081.4,2966177,38716.37,414721,48402.15,325883.1,407952.6,1491329,44721.69,131199.7,446044.5,379535,394091.3,99393.1,134423.9,150062.4,195449.2,102715.5,180130.6,145804.2,141330.5,166608.8,102973.5,193386.8,152887.2,116039.9,1097852,17511.65,16527.73,116170.3,294366.3,160.5788,1317046,4439454,34917.17,610530.1,892047.4,51257.6,46508.33
Scenario 2,1116,4,Strong Growth (FOMO),216,TRADING,108235.7,325237.5,156790.2,206727.4,884619.5,795964.9,188349,481827,734953,965899.7,503358.4,285114.8,2972406,38793.43,414757.8,48418.45,325927.3,408768,1490542,44732.63,131063.3,446061.4,379650.9,394058.1,99313.5,134432.7,150042.8,195415.9,102825.4,179977.8,145722.3,141236.3,166603.3,103070,192988.8,152797.2,116047.8,1099348,17524.88,16502.28,116208.1,294359.6,160.1397,1317871,4432053,34917.57,610999.8,894088.5,51246.15,46568.19
Scenario 2,1117,4,Strong Growth (FOMO),217,TRADING,108694.1,324997.9,156855.7,207464.2,886412.5,796296,188635.8,481429.6,735675.5,965842.7,504423.1,285233,2969161,38871.61,415116.1,48389.86,326289,409394.5,1489038,44726.48,131008.3,446110,379500.5,394074.1,99208.48,134410.1,150041.3,195387.8,102945.6,179661.3,145649,141155,166600.3,103166.3,192549.5,152700.5,115936.7,1101344,17558.35,16489.62,116263.3,294208.7,159.95,1317713,4422244,34917.7,611382.2,896640.6,51220.24,46652.98
Scenario 2,1118,4,Strong Growth (FOMO),218,TRADING,109157.4,324928.9,156896.9,208283.5,888237.9,793741.1,188858.4,481125.7,736725.2,965988.4,505706,285223.4,2966639,38948.71,415184.4,48387.36,325865.1,409945.6,1487635,44712.3,130836.3,446210.4,379485.6,393910.9,99132.3,134343.1,150028.5,195433.1,103051.5,179333.6,145671.1,140975.1,166605.1,103199.5,192029.2,152740.8,115914.5,1102475,17592.42,16479.6,116438.6,294162.2,159.6507,1317903,4415964,34911.15,611902,898807.8,51172.15,46673.78
Scenario 2,1119,4,Strong Growth (FOMO),219,TRADING,109636.7,324921.7,156811.9,209004.8,890630.6,792313.8,189037.8,481043.9,737745.5,965990.3,506606.4,285294,2963968,39046.38,415582.5,48363,325498.6,410561,1486950,44730.55,130732.1,446410,379561.3,393915.3,99136.71,134338.2,149970.4,195459.7,103227.3,179100.9,145760.5,141012.5,166529.2,103337.5,191648.8,152587,115880.5,1104643,17618.47,16451.71,116536.1,294279.7,159.5409,1317659,4410533,34927.03,612710.6,900640.3,51065.7,46722.87
Scenario 2,1120,4,Strong Growth (FOMO),220,TRADING,110088.8,324925.8,156997.3,209841.6,892461.6,790308.5,189276.5,480355.2,738409.7,966334.6,507458.5,285330.1,2961060,39127.12,415291.6,48350.61,325543.4,411221.6,1485975,44747.57,130656,446464.8,379306.3,393704.1,99105.59,134341.3,149906,195440.3,103360.1,178841,145750.1,141000.7,166562.5,103397.6,191109.6,152387.9,115776.1,1106088,17651.31,16443.45,116733,294347.3,159.3014,1317717,4401084,34931.41,614142.4,902524,50988.54,46715.25
Scenario 2,1121,4,Strong Growth (FOMO),221,TRADING,110540.2,324954.7,156986.5,210499,894903.6,790255,189553.4,480189.5,739287.3,965647.6,508344.2,285299.9,2958345,39206,415580.7,48301.58,325599.1,412060.1,1483990,44732.46,130614.5,446590.5,379237.1,393676.1,99119.66,134334.6,149896.1,195458.7,103370.3,178591.9,145833.7,140973.2,166500.7,103506.2,190618.4,152188.3,115729.3,1107539,17677.58,16440.75,116749,294276.8,158.8024,1317745,4394650,34941.64,615373.5,904816,50945.08,46767.23
Scenario 2,1122,4,Strong Growth (FOMO),222,TRADING,110956.8,324889.9,156996.3,211200.9,896094.8,788569.3,189790.3,479956.2,740097.7,964178.9,509206.5,285314.2,2955397,39289.74,415649.7,48276.97,325279.2,412792.6,1482973,44750.47,130427.1,446379.5,379128.9,393607.4,99189.04,134335.5,149870.8,195385.7,103435.1,178470.3,145905.2,140971.3,166472.4,103658.6,190175.2,151919.5,115756.1,1108790,17712.92,16425.84,116872.3,294116,158.4232,1317613,4386048,34959.29,616268.5,906234.4,50891.79,46830.57
Scenario 2,1123,4,Strong Growth (FOMO),223,TRADING,111353.4,324922.4,156834.5,212119.4,898579.8,787104.7,190053.9,479753.3,739991.2,964762.4,510137.5,285282.8,2953272,39355.35,415425.7,48250.13,325162.7,413486.1,1481507,44736.07,130112.2,446430.9,379007.2,393557.2,99154.98,134348.4,149906.8,195295.5,103486.2,178304.6,145755.7,140895.2,166469.9,103690.7,189797.7,151854.7,115786.1,1110013,17734.4,16429.34,116880.3,294053.4,158.3134,1317810,4381232,34952.35,617493,907553.4,50871.76,46861.94
Scenario 2,1124,4,Strong Growth (FOMO),224,TRADING,111822.5,324870.2,156660.8,213288.9,900394.2,786068.6,190321.1,479809.1,739888.8,963481.3,510845.2,285390.5,2949297,39453.83,415573.7,48242.81,325318.5,414162.3,1480350,44723.55,129935.4,446453.1,378934.7,393468.7,99223.1,134315.7,149872.5,195172,103529.7,178052.2,145701.7,140859.9,166453.9,103732.8,189322.4,151652.9,115745.5,1111428,17776.86,16425.81,116921.2,293994.1,157.9442,1317991,4380507,34960.03,618330.9,909108.2,50853.11,46926.24
Scenario 2,1125,4,Strong Growth (FOMO),225,TRADING,112250.9,324862.8,156715,214230.3,902943.6,784707.4,190541.9,479675.5,741239.3,963360.6,512187.4,285387.6,2945153,39536.04,415351.5,48187.72,325203.8,414579.9,1478324,44716.96,129767.6,446454.5,378994.6,393574.6,99256.52,134329.6,149796.4,195179.3,103639.6,177856.1,145817.1,140803.6,166448.5,103792.3,188746.8,151674.2,115705,1111917,17802.5,16409.16,117132,293884.1,157.5051,1317802,4376419,34970.67,619597.4,911140.5,50799.12,47004.62
Scenario 2,1126,4,Strong Growth (FOMO),226,TRADING,112682.7,324873.1,156636.2,215138.1,904449.6,784552.1,190769.3,479654.4,741376.8,962468,513134.9,285366.2,2940643,39613.76,415366.9,48177.77,325221.8,415172.3,1475768,44726.55,129668.8,446336.3,378721.5,393202.2,99245.87,134354.6,149747.9,195251.9,103728,177644.9,145795.2,140740.6,166495.5,103754.5,188400.1,151380.5,115701.7,1113725,17824.9,16386.08,117456.4,293704.9,157.2257,1318184,4368382,34976.62,619689,912794.8,50760.73,47092.48
Scenario 2,1127,4,Strong Growth (FOMO),227,TRADING,113154.9,324672.2,156510.8,215954,906802.4,783534,190894.5,480234.1,740133.3,962589.7,512474.2,285399,2938064,39689.31,415411.4,48133.55,325014.9,415569.6,1476224,44705.89,129502.5,446239.7,378756.7,393218.9,99366.97,134353.4,149704.2,195269.7,103753.3,177481.6,145776.3,140802.6,166536.1,103749.5,187901.5,151285.4,115692.1,1115362,17850.65,16409.19,117487.5,293607.5,157.0261,1318116,4370856,34978.86,620960.9,914889.7,50677.23,47181.74
Scenario 2,1128,4,Strong Growth (FOMO),228,TRADING,113625.3,324843.1,156364.8,216821.8,909342,782306.1,191089,481011.5,740342.4,962591.1,511728.3,285382.4,2936960,39759.71,415115.9,48106.76,324671.4,416483.5,1475947,44681.43,129494.3,446172.7,378736,393164.6,99318.02,134325.5,149722.5,195265.4,103807.7,177504.1,145503.6,140709,166534.3,103824.2,187364.9,151160.3,115554.9,1118366,17870.2,16419.56,117495.7,293489.5,156.7966,1317745,4373957,35001.34,621450.2,916222.5,50595.6,47237.54
Scenario 2,1129,4,Strong Growth (FOMO),229,TRADING,114072.7,324910.1,156280.6,217610.7,911437.1,781371.8,191302,481473.6,740393.6,962164.4,511562.5,285387.8,2934634,39870.88,415183.9,48106.34,324548.9,417366.7,1474944,44683.74,129515.4,446359.8,378634.1,393217.9,99346.75,134360.5,149691.1,195295.9,103835.2,177315.8,145528.8,140508.1,166561.4,103815.7,186884.6,151034.2,115599.4,1119472,17922.12,16434.62,117470.8,293542.2,156.8365,1317512,4374773,34982.27,622738,918461.3,50599.99,47294.71
Scenario 2,1130,4,Strong Growth (FOMO),230,TRADING,114510,325059,156066,218489.5,912981.1,778748.5,191616.5,482011.7,739605.8,963671.3,511283.5,285340.6,2931371,39954.04,414990.7,48104.65,324922.4,418035.2,1473804,44668.95,129426.6,446405.7,378508.9,393161.2,99282.97,134352.2,149647.1,195266.3,103924.6,177073.5,145401.6,140594.9,166548,103786.1,186403.3,150776.2,115547.1,1121916,17944.7,16445.02,117449.2,293637.7,156.2976,1317245,4379226,34975.93,623729.6,920838.2,50521.88,47334.05
Scenario 2,1131,4,Strong Growth (FOMO),231,TRADING,114966.6,325190.6,156073.1,219367.8,915403.9,776838,191892.1,482545.3,739410.6,963961.9,510749.4,285312.1,2927808,40050.35,415063.4,48084.09,324824.7,418888.9,1472388,44666.14,129228.9,446493.1,378464.8,393191.8,99235.5,134353.3,149660.2,195210.7,104063.1,176799.7,145267.1,140557.4,166539,103777.5,185963.6,150549.4,115511.6,1122941,17970.57,16445.07,117524.1,293671.9,156.1778,1317084,4380403,35001,624913.2,922218.6,50469.74,47341.32
Scenario 2,1132,4,Strong Growth (FOMO),232,TRADING,115453.8,325376.7,155817,220218.5,916846.2,775842.4,192048.2,483215.8,739751.9,963319.5,510698.7,285310,2925562,40111.47,414786.8,48059.86,324779.1,419684.7,1472372,44670.68,129057.3,446478.1,378273.8,393230.7,99227.44,134347,149590.3,195248.7,104002.8,176500.1,145041,140425.3,166553.6,103873.7,185373.1,150489.7,115401.6,1124405,17990.42,16466.05,117459.1,293818.8,155.7587,1316878,4386440,35005.59,625340.5,924472.7,50422.11,47420.4
Scenario 2,1133,4,Strong Growth (FOMO),233,TRADING,115886.4,325554.8,155549.4,221199.3,919376.2,775039.7,192358.6,483576.7,739934.9,963323.3,510160.4,285266.6,2922479,40208.63,414598.3,48061.36,325148,420207,1471425,44669.16,128804.2,446454.2,377996.9,393258,99198.77,134353.4,149580.8,195201.9,104076.7,176129.1,144863.1,140279.8,166622.6,103932.9,184806.8,150494.2,115346,1125670,18004.62,16485.38,117473.6,293805.4,155.3196,1316679,4390701,35008,626402.9,926112.1,50389.22,47478.89
Scenario 2,1134,4,Strong Growth (FOMO),234,TRADING,116339.3,325553.7,155425.3,222106.3,921946.9,774318.9,192614.1,484466.4,740002,963871.2,510085.4,285252.9,2916919,40304.7,414436,48033.7,324923.7,420816.7,1471822,44674.95,128827.3,446388.5,378013.4,393333.9,99084.65,134361,149612.9,195136.1,104106.1,175818.1,144776.3,140156.8,166586.1,104013.8,184162.7,150448.3,115405.7,1127640,18018.71,16489.96,117541.3,293682.9,155.0502,1316258,4388260,35012.54,627231.8,928154.1,50320.97,47540.63
Scenario 2,1135,4,Strong Growth (FOMO),235,TRADING,116831.6,325799,155397.9,223070.7,924249,773092.3,192851.4,484938,739258.1,965087.4,509444.6,285290.1,2914006,40388.28,414214.6,48041.27,324741.8,421589.9,1470409,44672.14,128675.9,446267.4,377749.7,393238.6,99081.5,134336.4,149602.9,195169.1,104134.6,175631.7,144666.6,140053.1,166525.6,104070.9,183697.5,150334.8,115395.9,1129843,18040.14,16505.08,117712.4,293657.5,154.8206,1317060,4389626,34990.18,627797.5,929998.6,50326.03,47581.49
Scenario 2,1136,4,Strong Growth (FOMO),236,TRADING,117332.9,325670.8,155174.2,224033.1,925776.8,770698,193072.8,485522.7,738920.7,965374.7,509242.5,285320.7,2911236,40498.7,414082.6,48021.42,324460.9,422266.5,1468973,44648.6,128588.6,446294.1,377702.6,393324.7,98977.9,134343.2,149615.7,195205.5,104193.4,175401,144284.7,139899.6,166484.2,104034.2,183269.7,150382.5,115364.1,1130999,18067.29,16509.53,117943.4,293535.1,154.3716,1317250,4394237,34993.18,628843.2,931714,50323.12,47628.19
Scenario 2,1137,4,Strong Growth (FOMO),237,TRADING,117860,325667,155100.4,225047.7,927676.8,769105,193423.4,485879.3,738487.2,965954.3,509247.5,285361.3,2909066,40582.94,413883.7,47964.38,324132.6,422955.8,1468094,44657.12,128527.6,446484.7,377781.4,393446.2,99022.17,134300.4,149573.1,195156,104200.1,175113.6,144000.3,139730.1,166526.2,104148.4,182718.4,150161.7,115350,1133367,18084.22,16526.31,118011.4,293519.8,154.2618,1317612,4398639,35019.13,629678.6,930640.4,50249.75,47662.7
Scenario 2,1138,4,Strong Growth (FOMO),238,TRADING,118342.9,325592.9,155238.5,226041.1,929645.6,767343.2,193649.9,486538.3,738224,965688.3,508681.6,285320.6,2906003,40692.13,413815.5,47946.46,324335.3,423840.3,1466771,44649.67,128350.9,446577.6,377749.4,393635.3,98861.98,134293.9,149582.9,195163.8,104139.2,174823.1,143751.9,139626.4,166609.6,104076.8,182182.3,150330.4,115308.6,1134715,18106.2,16528.53,118126.6,293434.7,153.9225,1318015,4399846,35012.37,631322.9,929636.3,50190.69,47733.26
Scenario 2,1139,4,Strong Growth (FOMO),239,TRADING,118801.7,325441.8,155141.5,226955.6,932462.1,766977.5,193777.2,486788.5,738200.7,966758.2,508098.1,285316.1,2903241,40795.33,413846.9,47939.11,324331.6,424293.2,1465660,44647.71,128278.5,446756.6,377743.9,393351.7,98869.19,134266.6,149564.2,195120.3,104118.2,174452.1,143539.7,139415,166633.3,104160.5,181730.2,150186.3,115308.8,1136363,18149.65,16541.53,118355.2,293347.1,153.5133,1318034,4403186,35019.78,632326.3,928829.6,50195.54,47836.3
Scenario 2,1140,4,Strong Growth (FOMO),240,TRADING,119221.9,325252.3,155047.9,227835.6,934570.1,766094.5,194038.7,487115.2,738465.4,967004.8,507789.4,285285,2900559,40872.33,413812.3,47930.29,324451.8,424761.3,1465499,44638.37,128041.8,446832.4,377686.6,393231.4,98957.99,134278.1,149527.3,195078,104136.4,174225.4,143308.5,139269.9,166686.4,104026.5,181095.4,150095.6,115222.5,1138240,18190.13,16560.06,118590.3,293318.5,153.2339,1318241,4408305,35007.32,634130.8,927820.5,50135.96,47855.93
Scenario 2,1141,4,Strong Growth (FOMO),241,TRADING,119686.4,325255.3,154930,228595.1,936243.4,763768.1,194405.4,487735.1,738346.7,968786.7,507370,285232.9,2895542,40980.64,413744.2,47906.22,324105.5,425567.4,1463594,44631.39,127765.6,446972.5,377425.9,393247,98909.94,134236.2,149523.1,195074.8,104073.7,173980,143408.3,139277.1,166640.1,104108.5,180780.4,150052.1,115159.4,1139942,18238.16,16547.67,118651.3,293169.3,153.1042,1318069,4414563,34997.39,635736.5,926924.5,50044.89,47927.56
Scenario 2,1142,4,Strong Growth (FOMO),242,TRADING,120143.4,325289.8,154701.7,229555.3,938108,761877.4,194713.4,488284.8,738248.9,968504.7,507480.6,285254.3,2891621,41036.94,413427.4,47809.82,324410.1,426242.7,1462777,44595.89,127590.5,447202.8,377307.2,393196.1,98947.73,134228.7,149502.6,195068.5,104120.6,173852.2,143186.8,139329.5,166592.4,104127.8,180193.4,149887.1,115164.1,1141805,18273.57,16544.06,118933.8,293146,152.9944,1318403,4416251,34998.66,636461.6,926848.7,49996.1,48027.92
Scenario 2,1143,4,Strong Growth (FOMO),243,TRADING,120612.8,325437.5,154832.8,230444.7,939925.5,760701.3,195066.5,488737.3,737673.6,969263.5,506865.8,285258.4,2887738,41120.6,413177.6,47775.87,324324.1,426910.8,1461719,44624.23,127426.4,447291.7,377159.3,393199.1,98903.85,134231.9,149504.3,195048,104105.7,173593.2,143106.2,139300.2,166592.3,104048.2,179737.2,149926.1,115123.1,1143995,18294.61,16558.71,118815.1,293178.8,152.705,1318208,4419273,35017.18,636599.9,925165.8,49914.58,48048.48
Scenario 2,1144,4,Strong Growth (FOMO),244,TRADING,121031.3,325487.4,154739.1,231202.8,942740.4,760565.7,195391.9,488860,737611.5,970901,506370.7,285308.6,2883582,41167.6,413301.9,47767.8,324170.4,427753.3,1460660,44612.57,127325.6,447462.6,377104.1,393325.6,98899.67,134231.6,149475.2,195012.7,104016.5,173535.2,142882.3,139259,166593.2,104159.6,179068.5,149779.3,115134.8,1145517,18317.68,16552.66,118963.2,293131.2,152.4455,1317893,4419183,35020.81,637316,924413,49861.98,48090.99
Scenario 2,1145,4,Strong Growth (FOMO),245,TRADING,121467.8,325459.5,154728.9,232026.2,944326.4,758575.1,195784,489595,737958.7,971553.2,505880.9,285299.5,2880475,41105.15,413475.8,47770.03,323883.3,428413.6,1460551,44607.49,127277.4,447410.6,376997.8,393045,98834.05,134228.7,149388.5,194918.6,104086.2,173495.6,142688.2,139331.1,166620.4,104105.1,178631.6,149956,115159.9,1147129,18340.53,16560.57,118992.3,293159.9,151.9366,1317842,4416866,35033.67,637953.3,923599.5,49808.32,48148.53
Scenario 2,1146,4,Strong Growth (FOMO),246,TRADING,121977.6,325552.5,154678.9,232756.8,946461.8,756741.2,196041.2,490398,737431.2,973358.6,505163.2,285341.9,2878071,41052.39,413503.7,47699.18,324339.5,428972.9,1459832,44582.91,127115,447344.4,376889.2,393016.8,98786.56,134199.4,149336.3,194949,104163.9,173132.8,142383.2,139164,166525,104109.4,178081.9,150070.5,115147.9,1148560,18374.76,16549.75,118888.7,293231,151.7569,1317900,4418122,35052.01,638692.5,923445.4,49733.34,48193.13
Scenario 2,1147,4,Strong Growth (FOMO),247,TRADING,122452.3,325515.9,154409.1,233708.4,948243.5,755260.9,196317.9,491140.1,737560.3,973744,504903.5,285296.2,2876096,40971.15,412998.6,47665.65,324095.9,429659.1,1459478,44554.1,127065.7,447436.5,376903.3,393023.4,98722.57,134206.3,149301.3,194918.8,104163.3,172577.5,142236.9,139043.8,166474.4,104126.8,177652.3,149918.2,115047,1149823,18401.29,16577.1,119095,293143.7,151.6472,1318040,4428475,35050.74,639520.8,922617.3,49738.84,48188.96
Scenario 2,1148,4,Strong Growth (FOMO),248,TRADING,122885.7,325520,154426.4,234542.2,950632.6,753026.1,196590.4,491549,737711.7,973125.2,504064.7,285346.9,2873735,40882.13,413267.2,47581.7,324325.4,430240.3,1458317,44549.2,127046.8,447453.7,376879.2,393113.6,98678.57,134221.2,149332.7,194855.9,104207.9,172337.9,142043.2,138800.2,166507.5,104142.8,177164.6,149891.5,115001.2,1151303,18421.69,16585.46,119193.1,293200.1,151.3777,1317912,4431672,35051.41,640506.4,922385.3,49737.33,48264.55
Scenario 2,1149,4,Strong Growth (FOMO),249,TRADING,123390.1,325546.6,154297.8,235463.2,952466.5,752270,196869,492063.1,737401.3,973040.4,503080.5,285354.4,2870292,40808.1,413394,47539.7,324580.6,430812.8,1457805,44510.11,127023.9,447471.7,376853.1,393290.5,98584.6,134201.4,149271.1,194849.5,104285.4,172308.1,141966.9,138916.2,166501.5,104213.9,176648,149746.4,114931.1,1152284,18455.34,16595.72,119214.4,293138.5,151.1781,1317706,4442225,35056.05,641403.9,921675.8,49716.5,48381.59
Scenario 2,1150,4,Strong Growth (FOMO),250,TRADING,123808.1,325485.6,154261.3,236336.1,950531.6,751789.9,197161.7,492439.8,737142.2,972761.6,502681.6,285419.8,2865783,40723.47,413099.6,47532.43,324726.2,431858.7,1456852,44507.52,127070.8,447344.6,376833.1,393337,98417.7,134219.1,149200.9,194825.7,104326.2,172038.2,141759,138868.1,166495.3,104225.8,176206.9,149663.1,114876.3,1154211,18485.48,16595.33,119154.8,293152.7,150.9187,1317750,4444166,35060.45,643056.1,920715.6,49680.85,48420.75
Scenario 2,1151,4,Strong Growth (FOMO),251,TRADING,124329.3,325403.7,154156.6,237315,947826.2,751390.5,197397.5,492859.7,736264.3,973473,502004.3,285405.3,2863538,40657.98,412863.1,47503.66,324750.6,432651.1,1455770,44514.27,126877.7,447306.3,376572.9,393310.7,98372.92,134233.8,149147.8,194834.7,104287.2,171643.1,141690.6,138848,166533.7,104240.9,175671.9,149451.3,114861.6,1156318,18519.6,16588.12,119304.3,293100.9,150.769,1317796,4444516,35070.57,643771.4,919333.8,49586.3,48535.67
Scenario 2,1152,4,Strong Growth (FOMO),252,TRADING,124796,325407,154000.6,238197.8,945879.6,750047.3,197647,493386.9,736414.8,974669.7,502305.2,285376.5,2859531,40573.44,412546.3,47492.95,324346.2,433054,1455243,44517.48,126926.4,447247.5,376476,393317.4,98296.87,134200.8,149188.6,194835.8,104347.4,171492.5,141698.1,138838.3,166551.2,104256,175118.4,149514.6,114808.4,1157717,18554.87,16583.54,119382.2,293005.2,150.5095,1318004,4450148,35094.5,644932.2,918071.2,49532.33,48548.44
Scenario 2,1153,4,Strong Growth (FOMO),253,TRADING,125277.7,325397.9,153760.9,239012.4,943730.8,749036.5,197863.6,494110.7,736103.3,975196,502596.2,285455.5,2858107,40499.5,412964.7,47456.46,324749.7,433953.2,1454186,44502.57,126943.2,447264.4,376474.3,393263.4,98314.12,134210,149145.9,194904.6,104366.5,171359.8,141535.2,138885.6,166481.6,104347.9,174558.2,149416.4,114743.1,1159441,18570.88,16588.32,119291.8,292774.2,150.1403,1317973,4451156,35104.51,646570.4,916679.2,49486.7,48606.83
Scenario 2,1154,4,Strong Growth (FOMO),254,TRADING,125687.9,325489.6,153714.9,239828.6,941925.6,748095.6,198145.6,494184,736662.6,975276.8,502704.7,285440.7,2852750,40438.37,413164.2,47415.67,324776.7,434129,1453923,44489.76,126836.3,447337.5,376402.5,393089.6,98223.38,134178.6,149128.6,194938.6,104323.7,171130.3,141563.7,138862.8,166528.9,104383.5,173986.1,149320.3,114664.7,1160698,18601.57,16596.21,119567.7,292695.5,149.9706,1318456,4450602,35115.45,646696,915205.6,49425.98,48587.47
Scenario 2,1155,4,Strong Growth (FOMO),255,TRADING,126146.4,325488,153696.9,240768.7,939638.3,744775.7,198297.5,494896.2,736609.1,975270.9,502210.4,285430.3,2849534,40385.86,412699.9,47403.58,324369.8,434562.5,1453048,44477.97,126766.8,447356.3,376374.2,393182.4,98190.98,134166.9,149088.8,194917.5,104368.6,170970.2,141457.5,138767.3,166493.8,104461.6,173569.5,149299,114601.2,1163087,18620.72,16604.59,119628.3,292749.2,149.7611,1318592,4455055,35099.83,648112.1,913813.3,49391.68,48613.21
Scenario 2,1156,4,Strong Growth (FOMO),256,TRADING,126579.7,325427.5,153592.9,241774.8,938114.9,744143.6,198582.4,495651.7,736725.8,976554.4,502180.3,285446.5,2844965,40319.46,412265,47360.92,324389.7,435240,1451456,44473.35,126599.5,447364,376254.7,393167.1,98148.31,134167.4,149032.6,194959.8,104447.1,170740.2,141403,138608,166527.4,104586,173083.5,149103.3,114570.1,1164891,18635.28,16611.96,120007.4,292673.6,149.7411,1318704,4458152,35103.09,648347,913228.6,49321.09,48644.51
Scenario 2,1157,4,Strong Growth (FOMO),257,TRADING,127058.3,325507.3,153554.1,242658.6,936096.3,743531.6,198853.7,496307.8,736261.9,977064.1,501499.7,285468.8,2842100,40261.12,412451.7,47333.23,324515.8,435595.1,1449436,44482.91,126480.2,447482.6,376182.5,393150.3,98097.68,134197,149038.6,194991.2,104525.3,170573.3,141376.5,138628.7,166476.1,104646.9,172648.4,148866.9,114566.5,1166456,18670.4,16626.78,120177.8,292611.7,149.5315,1318368,4452948,35100.33,649162.4,912246,49223.15,48762.59
Scenario 2,1158,4,Strong Growth (FOMO),258,TRADING,127529.5,325495.5,153543.8,243515.3,934369.4,742304.4,199098.5,496659.1,735620.5,977905.2,501127.3,285442.9,2839476,40180.9,412780.3,47311.04,324938.3,436587.1,1449213,44511.22,126308.6,447481.4,376167.6,393243.2,98215.91,134154.6,149048.4,194935.6,104432.7,170501.5,141361,138588.6,166523.2,104631.1,172076.2,148698.4,114594.7,1168531,18696.92,16655.75,120170.1,292569.8,149.292,1318259,4454367,35105.85,650359.4,911364.8,49206.77,48816.01
Scenario 2,1159,4,Strong Growth (FOMO),259,TRADING,127934.2,325383.9,153555.2,244377.9,932285.9,740818.2,199328.3,497197.1,735358,978211.4,500918.8,285423,2836699,40100.09,412989.8,47255.6,325231,437700.3,1448025,44505.72,126303,447682.1,376168.1,393179,98196.23,134148.1,149030,194836.6,104397,170297.8,141308.9,138674.4,166444.3,104730.7,171671.8,148779.7,114472.6,1170446,18717.11,16667.67,120125.6,292532.8,148.8829,1318145,4457617,35124.54,650785.3,910163.4,49185.07,48937.3
Scenario 2,1160,4,Strong Growth (FOMO),260,TRADING,128351.2,325351.8,153492.7,245234.7,930212.6,739340.2,199566.8,497946.7,734962.1,978727.3,500378.9,285458.2,2833829,40043.09,412822.1,47255.67,325169,438639.2,1446935,44486.1,126053.9,447611.2,376103.2,393290.7,98090.15,134176.5,149019.4,194796.5,104338.6,170098.2,141140,138613,166505.5,104808.5,171043.9,148472.6,114284.8,1173178,18740.84,16668.91,120102.2,292555.1,148.6933,1318835,4463000,35137.07,651954.7,909042.7,49139.32,48999
Scenario 2,1161,4,Strong Growth (FOMO),261,TRADING,128794.3,325369.4,153522,246167.3,927861.3,738230.9,199805,498698.9,734419.1,977711.1,500337.6,285488.7,2829424,39937.35,412867.3,47215.74,325272.6,439386.5,1445348,44462.75,126001.1,447810.7,376143.5,393272.9,98138.68,134202.5,149008.5,194782.9,104490.2,169854.3,141003.3,138437.4,166458.5,104798.9,170530.4,148291.4,114212.5,1174515,18774.86,16683.55,120099.7,292475.2,148.324,1319152,4463467,35148.64,653087,907389.1,49100.65,49008.89
Scenario 2,1162,4,Strong Growth (FOMO),262,TRADING,129261.2,325275.7,153391.4,247227.5,925668.4,736689.9,200110.2,498955.2,734549.9,977681.1,500147.5,285597.4,2827143,39873.16,412470.4,47172.81,325591.5,440051.1,1444225,44488.31,125968.3,447883,375963.1,393181.1,98127.81,134178.1,148989.1,194800.3,104456.3,169706.9,140742.5,138415.1,166405.6,104820.4,169956.5,148209.2,114163.4,1175970,18800.49,16684.83,120078.9,292355.3,148.0546,1319627,4469148,35149.73,655143.5,906248.1,49005.58,49040.79
Scenario 2,1163,4,Strong Growth (FOMO),263,TRADING,129774.5,325089.4,153274.8,248066.5,923350.6,735511.5,200353.1,499553.8,734859.4,977670.4,499399.4,285635.8,2823026,39794.5,412466.6,47128.66,325472.1,440702,1443222,44475.31,125896.1,447898.6,375717.8,393095.7,98024.47,134123.2,148904.5,194719.2,104461.3,169502.5,140682.1,138490.2,166457.1,104841,169557.7,148048.8,114193.5,1176979,18836.02,16695.9,120319.5,292399.4,147.6355,1319040,4468495,35172.93,656376.2,905325.7,48945.89,49160.9
Scenario 2,1164,4,Strong Growth (FOMO),264,TRADING,130147.5,325032.6,153029.3,248803.3,920682.7,736056,200727.6,500051.4,735435.5,977691.6,499217.3,285761.8,2820586,39721.97,412360.3,47125.43,325640.7,441559.1,1441918,44474.37,125632.8,447989.9,375819.9,393069.8,98053.94,134100.9,148903.8,194658.4,104388.5,169189.1,140822.9,138228.3,166457.8,104845.6,169052.2,148093.8,114148.6,1178996,18849.91,16700.71,120244.6,292315.9,147.5057,1318804,4469314,35159.46,657961.9,905025.8,48871.85,49174.82
Scenario 2,1165,4,Strong Growth (FOMO),265,TRADING,130595.8,325183,152754.3,249446.2,918224.5,734192.6,200935.9,500247.1,734923,979153.4,499212.4,285783.4,2817300,39698.18,412716.7,47100.22,325065.3,441937.3,1440044,44487.36,125489.1,448119.5,375861.8,393033.6,98019.68,134104.5,148826,194647.6,104420.6,168988.6,140739.7,138241.8,166492.7,104901.6,168527.6,148135,114144.1,1179708,18896.82,16726.59,120497.4,292137.2,147.2862,1318544,4472516,35178.52,658815.3,903750.9,48851.09,49143.22
Scenario 2,1166,4,Strong Growth (FOMO),266,TRADING,131013.4,325163.1,152945.1,250191,916341.9,733047,201212.5,500914,734642.8,978823.7,498926.5,285888.9,2815395,39652.54,412367.5,47066.53,324906.4,442412.6,1439688,44507.01,125277.1,448071.3,375948.4,392869.6,98006.74,134107.1,148762.1,194715,104482.9,168713.3,140473.5,138120.7,166474.4,104948.1,168157.6,147958.1,114067.1,1181745,18928.6,16727.44,120525.7,292051.5,147.1265,1318913,4475051,35176.38,659840.3,902838.8,48777.4,49235.35
Scenario 2,1167,4,Strong Growth (FOMO),267,TRADING,131440.3,325031.1,152993.1,250811.3,913559.4,731787.7,201514.9,501623.4,733929.5,979151.8,498328,285894.2,2813717,39582.17,412044.2,47005.27,325016,442717.7,1439077,44509.49,125203.9,448040.6,375708.9,392971,97987.09,134066.6,148741.5,194740,104463.1,168407.8,140426.1,137975.1,166529.2,105040.5,167738.2,148003.8,114064.5,1183187,18945.94,16753.47,120415.4,291957.4,147.0267,1319337,4476574,35184.04,660900.5,901630.6,48764.76,49310.25
Scenario 2,1168,4,Strong Growth (FOMO),268,TRADING,131895.5,324972.2,152907.8,251741.1,911597.4,730764.4,201729.5,502464.9,734020.5,979089.2,497737.5,285936.5,2812218,39502.51,412113.6,46999.47,325305.5,443147.6,1437383,44520.4,125006.9,448041.4,375772.5,392830.8,97962.59,134025.3,148723.8,194698.4,104500.3,168179.4,140369.5,137846.6,166495.7,105045.3,167170.2,147888.9,113999.4,1184551,18963.03,16782.31,120517,291985.3,146.8171,1318966,4482166,35201.51,660684.9,900748.7,48746.24,49367.27
Scenario 2,1169,4,Strong Growth (FOMO),269,TRADING,132393.8,324942.4,152797.8,252628.3,909607.5,728752.8,202002.1,503226.7,733453,978507.7,497335.3,285922,2808048,39431.5,411797.8,46926.81,325540.8,444007.1,1437155,44512.51,124976.5,448174.9,375706.3,392889.9,98051.86,134013.6,148784.3,194729.6,104506.9,167972.7,140316.2,137761.6,166521.3,105017.2,166698.7,147775.5,113987.6,1185755,18987.59,16791.34,120433.2,291984.9,146.5776,1319328,4485432,35204.28,661794,899477.6,48682.74,49411.22
Scenario 2,1170,4,Strong Growth (FOMO),270,TRADING,132883.1,324898.4,152663.7,253723.9,907542.7,727805.6,202343.5,504111.9,732442.8,979891,497224,285903.9,2803325,39349.17,411666.6,46930.09,325677.9,444719.8,1436648,44515.92,124922.3,448319.2,375745.8,392994.7,97970.51,134036.7,148760.9,194729.6,104452.6,167616.4,140367.1,137618.9,166564.8,105029.7,166389.2,147820.2,113934.9,1187735,19016.54,16789.02,120686.3,291899.8,146.398,1319407,4486294,35206.04,662312.2,898183.6,48648.04,49507.47
Scenario 2,1171,4,Strong Growth (FOMO),271,TRADING,133372.4,324856.9,152489.9,254611.8,905038.3,725529.9,202769.2,504705.8,731751.6,980303.8,497050,285991.2,2800719,39265.63,411590.2,46874.71,325812.5,445203.9,1435844,44499.27,124682.6,448436.1,375652.4,393196.2,97913.75,134015.4,148698.2,194692.7,104466.9,167341.2,140159.8,137538.6,166558.5,105023.8,165876,147653.6,113860.8,1189734,19045.24,16811.34,120792.2,291899.9,146.2882,1320009,4491455,35209.05,662952.3,897164.1,48621.55,49557.61
Scenario 2,1172,4,Strong Growth (FOMO),272,TRADING,133801.1,324727.5,152402.1,255159.5,903087.4,724448.3,203111.9,505320.7,731690.1,981305,496141.3,285904.3,2795837,39224.28,411440.6,46810.83,325919.3,445609.7,1434987,44508.53,124592,448569.3,375606.4,393444.6,97844.81,134035.1,148631.2,194706.8,104505.7,167250.6,140054.2,137420.9,166522.8,105109.1,165382.3,147526,113874.1,1191230,19059.97,16832.04,120759.8,291818.9,145.7593,1320325,4494140,35202.65,663425.7,896482.1,48549.94,49580.96
Scenario 2,1173,4,Strong Growth (FOMO),273,TRADING,134276,324638.9,152412.3,256008,901363.2,722675.2,203487.4,506076.9,731217.4,980896.2,495547.5,285879,2790687,39175.66,411324.5,46765.09,325743.8,446207.3,1433992,44514.56,124515.4,448794.3,375556.4,393378.1,97913.14,134054.4,148551.6,194653.3,104456,167034.8,139964.5,137481.5,166484.3,105156,164939.3,147274.5,113856.9,1192759,19088.64,16839.97,120719.5,291714.9,145.4899,1320571,4495079,35205.69,663955.7,895045.3,48533.36,49626.65
Scenario 2,1174,4,Strong Growth (FOMO),274,TRADING,134757.5,324637.9,152276.5,257067.4,899192.6,721636.5,203674.1,506631.4,730473.9,981540.4,495203.7,285895,2787291,39124.4,411298.6,46721.51,325800.5,446868.3,1433104,44501.28,124426.9,448882.7,375576.4,393299.1,97826.75,134040.3,148522.9,194584.5,104397.2,166800.5,139952.7,137448.4,166497.8,105128.9,164503.8,147111.9,113801.6,1194183,19118.73,16842.39,120954.3,291629.3,145.0907,1320605,4497358,35212.12,664453.7,893932.3,48473.98,49724.71
Scenario 2,1175,4,Strong Growth (FOMO),275,TRADING,135216.2,324571.4,152366.1,258042.4,897557.6,720347.8,204056.4,506784,730888.4,981919.7,494483,285863,2784613,39077.04,411387.2,46683.02,325633.9,447896.3,1431604,44500.66,124404.1,448869.6,375715.4,393297,97768.53,134045.6,148430.5,194506.5,104464.6,166574.5,139681.9,137448.9,166461.2,105026.1,164131.7,147016.3,113797.7,1195404,19140.31,16845.82,120981.7,291596.6,144.8811,1320509,4500108,35226.28,666316,893243.6,48469.68,49819.17
Scenario 2,1176,4,Strong Growth (FOMO),276,TRADING,135681.5,324576.2,152137,258835.3,895922.9,720534.7,204321.8,507551.2,729956.8,981729.3,493965,285917.7,2781814,39031.81,411176.8,46632.32,325842,448615.1,1431399,44503.92,124368.4,448850.7,375616.3,393500.4,97625.33,134056.4,148435.4,194599.7,104388.2,166401.1,139556.7,137347.8,166467.6,105122.5,163632.2,146746.6,113739.4,1196984,19171.52,16857.34,121230.4,291620.1,144.7015,1320559,4504547,35226.27,666215.9,892371.1,48419.84,49887.92
Scenario 2,1177,4,Strong Growth (FOMO),277,TRADING,136166.4,324545.1,151853.8,259666.5,893598.6,720260.4,204628,507772.8,730289.6,982909.4,494079.6,285971.7,2777571,38976.93,411354,46639.92,325412,449590.5,1429994,44521.39,124283,449009.6,375571.2,393380.9,97561.35,134048.1,148392.5,194477.5,104451.4,166161.7,139555.9,137374.3,166430.6,105178.2,163122.7,146606.4,113731.9,1198156,19199.53,16850.75,121391.3,291534.5,144.6316,1320367,4501733,35229.86,668503.7,891017,48433.09,49913.83
Scenario 2,1178,4,Strong Growth (FOMO),278,TRADING,136674.2,324526,151983.8,260462.8,891528.3,719820.6,204809.3,508358.6,730868.9,982708.3,493626.8,286016.5,2774250,38885.87,411445.3,46629.54,325892.5,450400.4,1429340,44505.23,124130.1,449092.6,375430.8,393398.8,97537.52,134069.1,148351.3,194429.3,104414.6,165971.1,139551.3,137189,166456.8,105105.3,162623.3,146387.9,113726.7,1200662,19219.96,16855.84,121436.4,291544.4,144.6017,1320461,4507368,35238.43,669335.5,889738.7,48400.91,49982.26
Scenario 2,1179,4,Strong Growth (FOMO),279,TRADING,137145,324491.9,152009.7,261246.8,890065.5,718717,205146.4,509145.9,730028.3,983121.6,493600,285962.8,2772338,38816.07,411467.8,46608.42,325542.5,451121.7,1429177,44500.2,124111.2,449112.7,375216.3,393416.8,97452.35,134101.3,148367.3,194412.9,104417.4,165582.8,139377.8,137144,166436.6,105221.1,162294.9,146299.3,113684.2,1202273,19266,16875.99,121475.3,291407.6,144.5618,1320491,4506830,35260.08,671076.7,888627.1,48363.86,50000.72
Scenario 2,1180,4,Strong Growth (FOMO),280,TRADING,137574.4,324458.4,151867.7,262015.5,888327.8,717564.1,205337.3,509980.2,729784,982973.8,493053.2,286006.1,2769017,38767.12,411396.8,46590.1,325488.1,451374.3,1428506,44496.88,124043.5,449054.3,375183,393492.3,97511.89,134048.2,148364.2,194431.3,104439.2,165200.8,139296.1,137260.4,166455.8,105277.8,161912.6,146406,113638.9,1204071,19306.52,16866.83,121703.4,291398,144.3522,1320804,4516456,35258.3,672462.2,888130.9,48304.98,50033.74
Scenario 2,1181,4,Strong Growth (FOMO),281,TRADING,138045.1,324389.7,151705.4,263039.2,886067.7,716564.5,205563.7,510711.2,729765.9,982486.4,492548,286034.2,2765217,38702.9,411147.6,46588.11,325422.8,451892.3,1428218,44469.64,123952.5,449266.6,374961.1,393357.3,97402.85,134041.2,148380,194417.2,104378.3,165032.3,139145.4,137278.2,166479.4,105310.6,161454.8,146283.9,113547,1206029,19332.19,16862.03,121727.2,291360.7,144.0728,1320940,4523995,35278.23,673079.4,887908.6,48267.04,50063.02
Scenario 2,1182,4,Strong Growth (FOMO),282,TRADING,138441.4,324242.2,151783.6,263831.6,884202.3,714484.1,205854.3,511326.3,729145.7,982887.5,492452.8,286005.9,2763157,38656.32,411031.6,46569.34,325658.6,452798.8,1428360,44471.61,123691.4,449629.3,374993.7,393214.2,97326.1,134046,148287.3,194430.6,104425.7,164881.1,138946.9,137173.6,166525.4,105358.2,160900.4,146065.4,113572.3,1207630,19363.89,16875.09,121740.4,291195.5,143.7934,1320933,4529152,35287.25,674578.4,886856.9,48247.1,50082.47
Scenario 2,1183,4,Strong Growth (FOMO),283,TRADING,138873.2,324418.6,151663.3,264679,882004.8,712905.3,206141.1,511656.2,728404.5,984534.7,492245.2,286020.9,2760957,38583.11,411232.4,46496.4,325340.8,453484.7,1427442,44460.06,123464.9,449615.5,374948.9,393368.4,97191.98,134058,148213.3,194441,104408.9,164527.6,138936.6,137276.1,166448.5,105356.5,160306.4,146078.3,113529.9,1209275,19374.81,16853.32,122034.8,291141.9,143.5638,1320693,4527680,35271.24,675203.8,886421,48221.51,50124.3
Scenario 2,1184,4,Strong Growth (FOMO),284,TRADING,139342.3,324344.7,151336.4,265540.3,880147,711322.3,206516.3,512055.7,727895.8,985576.5,492072.7,285985,2758196,38517.64,410732.3,46495.79,325485.7,454032.6,1426398,44456.23,123418.9,449615.6,375037.9,393250.4,97152.2,134036.6,148213.7,194438.8,104387.1,164176,139041.8,137243.8,166429.5,105384.2,159711.7,145916.9,113435.2,1211586,19387.89,16857.51,122117,291064.8,143.4441,1320994,4532347,35268.9,676571.6,885062.3,48154.41,50155.03
Scenario 2,1185,4,Strong Growth (FOMO),285,TRADING,139794.9,324520.2,150938.4,266261.8,878523.2,710268.8,206824.6,512522.5,728070.1,984628.2,491638.6,285972.5,2753345,38424.78,410439.3,46497.75,325192.7,454695.2,1425216,44456.78,123349.5,449423.1,374831.7,393229.7,97243.47,134008.4,148242.7,194446,104405.9,164068.4,138685,137070,166400.3,105448.2,159157.9,145829.6,113387.1,1213253,19406.2,16827.91,122073.8,291045.3,143.1048,1321483,4538029,35260.84,677912.9,884491.3,48104.67,50224.77
Scenario 2,1186,4,Strong Growth (FOMO),286,TRADING,140226.1,324540.7,150938.3,266998.1,876702.9,709738.8,207080.6,513220.1,727164.6,985320.9,491352.8,286047.5,2751169,38365.44,410449.9,46536.7,325278.1,455244.7,1424365,44441.04,123276.7,449651.4,374621.8,393424.4,97236.18,134039,148264.8,194408.2,104385,163708.3,138464.4,137024.2,166397.9,105516.3,158684.1,145736,113298.4,1214943,19428.15,16860.9,122044.7,291021.9,142.6857,1321116,4535171,35252.41,678590.3,883358.4,48073.83,50190.33
Scenario 2,1187,4,Strong Growth (FOMO),287,TRADING,140650.6,324471.6,150729.1,267799.8,874761.6,708892.8,207318.1,513851.4,727180,985839.5,491506.3,286065.7,2747942,38272.02,410377.7,46471.95,325371.4,456177.3,1423528,44443.44,123225.5,449820.8,374618.3,393400.6,97325.95,134086,148290.5,194376.1,104407.2,163497.5,138391.2,137014.6,166309,105617.1,158189.2,145531.7,113241.2,1215859,19453.54,16859,122196.4,290864.6,142.3663,1321437,4540701,35243.75,679353.4,882876.4,48052.83,50250.23
Scenario 2,1188,4,Strong Growth (FOMO),288,TRADING,141134.8,324675.2,150717.1,268770.3,872583.5,708717.5,207685.7,514407.3,727046.3,985031.7,490950.2,286119,2744742,38220.52,410345.3,46439.12,325577,457349,1422545,44476.71,123039.6,450084.2,374433.7,393129.5,97337.92,134106.1,148260.3,194440.2,104380,163414.9,138589,137038.4,166343.1,105778.6,157657.2,145288.7,113192,1217397,19474,16876.31,122349.9,290906.2,141.9073,1321703,4545376,35234.2,679705.1,881340.6,48029.73,50299.46
Scenario 2,1189,4,Strong Growth (FOMO),289,TRADING,141549.2,324811.4,150449.8,269695,870557.6,708829.2,208119.7,514651.8,726573.9,985906.5,490366.7,286078.4,2740431,38154.57,410401.3,46394.34,325449.2,457692.7,1421645,44473.74,122960.7,450248.6,374369.6,393306.1,97319.28,134113.3,148211.2,194382.2,104366.1,163157.8,138446,137106.1,166364.4,105810.6,157125,145227.8,113195.2,1219040,19530.06,16870.85,122452.6,290830.1,141.5779,1322098,4553050,35252.1,680375.4,880016.8,48011.9,50351.16
Scenario 2,1190,4,Strong Growth (FOMO),290,TRADING,141962.2,324755.5,150268.6,270598.1,867715.3,708206.3,208349.7,515227.8,725882.4,986238.8,489855,286111.6,2737573,38090.62,410156.6,46361.38,325376.5,458107.4,1420791,44500.37,122657,450289.1,374418.2,393092.7,97189.71,134147.4,148193.8,194215.3,104430.5,162953.9,138169.8,137151.7,166442,105869.2,156598.7,145083,113218.7,1220278,19572.88,16888.01,122497.8,290790.5,141.4682,1322421,4558249,35248.68,681575.7,879022.6,47980.28,50410.14
Scenario 2,1191,4,Strong Growth (FOMO),291,TRADING,142410.3,324957.1,150137,271260.1,865102.9,707775.8,208506.6,515851.8,725220.7,986355.2,489492.3,286150.3,2735669,38020.96,410360.1,46328.32,325379,458679.4,1419607,44494.45,122761.8,450370.8,374293.5,393285.7,97099.84,134118.1,148119.5,194256,104493.5,162685.8,137972.3,136969.4,166469.9,105933.2,156139.1,144880.9,113127.5,1221836,19589.69,16893.69,122629.2,290688.8,141.2386,1322221,4562245,35246.77,683084.7,878673.1,47868.18,50526.59
Scenario 2,1192,4,Strong Growth (FOMO),292,TRADING,142935.7,325071.4,150013.2,272299.9,863079.3,706034.5,208793.9,516238.5,724744.8,986499,489038.2,286196.1,2732331,37918,409946.4,46311.74,325566.8,458964.7,1418343,44508.3,122694.4,450526.5,374186.8,393394.2,97045.7,134084.4,148082.5,194259.6,104576.6,162453.6,137810.8,136956.1,166418.3,105980,155797.1,144483.5,113044,1223238,19607.3,16922.11,122824.5,290593.7,140.9892,1322307,4562596,35261.62,684229.7,877585.3,47838.66,50613.21
Scenario 2,1193,4,Strong Growth (FOMO),293,TRADING,143383.7,325190.2,149636.3,273139,861228.6,704756.9,209049.7,517118.4,725133.7,986582.3,488561.4,286214.9,2729440,37852.83,409705,46283.07,325554.3,459521.2,1417418,44510.64,122596.7,450674.9,374160.8,393362.5,96987.86,134076.4,148085.9,194203.3,104542.7,162248.5,137793.4,136824.4,166395.8,106036.2,155269.2,144307.8,113063.7,1225438,19622.26,16974.16,122854.1,290547.3,140.6798,1322590,4562651,35260.86,684793.6,877333.6,47798.47,50659.98
Scenario 2,1194,4,Strong Growth (FOMO),294,TRADING,143864.8,325066.5,149530.5,273840.7,859996.4,703361.2,209274.4,517493.1,724257.3,986431.8,488282.4,286248.1,2727157,37763.98,409604,46317.01,325500.2,460372.3,1416244,44484.13,122480.4,450716.8,374117.7,393315.9,96896.15,134107.6,148069.4,194240.6,104546.5,161995.6,137467.2,136788,166414.5,105937.5,154763,144214.7,113033.3,1226710,19642.57,16993.88,123062.7,290571.4,140.7896,1322259,4564081,35268.15,685900.3,876225.1,47745.54,50734.3
Scenario 2,1195,4,Strong Growth (FOMO),295,TRADING,144288.4,324828.9,149321.1,274782.5,858011.1,702493.2,209429.7,517919.8,723808.8,986087.8,487098.2,286311.7,2725740,37679.47,409691.4,46281.26,325283.8,460917.1,1416353,44492.39,122400.8,450633.5,374176.1,393333.5,96865.73,134102.6,147973.9,194298.1,104556.5,161788,137395.6,136763.5,166344.4,105862.3,154203.5,144069.7,113041,1228196,19646.18,16987.54,122981.2,290666.5,140.4603,1322614,4564241,35297.58,686609.6,875263,47703.61,50795.42
Scenario 2,1196,4,Strong Growth (FOMO),296,TRADING,144744.8,325038.5,149296.2,275561.4,855731,701216.8,209754.8,518536.7,723576.3,985100.3,486122.9,286345.6,2722797,37634.61,409660.7,46202.36,325296.4,461476.3,1415418,44488.64,122201.4,450561.3,374151.5,393371.1,96880.82,134102.2,147979.8,194319.7,104604.2,161658.8,137308.1,136753.5,166391.4,105884.5,153729.3,143975.9,113107.1,1230141,19664.93,16982.49,123362.1,290646.7,140.2008,1322759,4561090,35297.48,688601.1,874386.5,47650.03,50900.06
Scenario 2,1197,4,Strong Growth (FOMO),297,TRADING,145163.6,324903.7,149174.2,276195.5,854184.3,699881.5,210084.6,519028.8,723564.3,986465.1,485437.8,286422.9,2718878,37564.98,409448.1,46150.8,325374.1,462104,1413904,44478.09,122060,450522,374073.8,393351.4,96954.06,134180.2,147947.9,194315.4,104604.2,161492.1,137288.7,136805,166335.3,105888.9,153344.5,143979.7,113069.7,1231443,19684.16,16968.46,123365.7,290604.1,139.8016,1322639,4560754,35313.21,688776.7,873136.9,47670.78,50959.38
Scenario 2,1198,4,Strong Growth (FOMO),298,TRADING,145607.2,324892.6,149024.3,276981.6,852275.1,698782.3,210300.5,519779.9,723228.1,986435.3,485260.1,286488,2716382,37512.16,409264.2,46071.74,325399.2,462634.6,1412773,44494.58,121779.9,450407.6,374086.2,393609.3,96920.52,134212.4,147898.1,194328.2,104579.2,161513.7,137098.4,136718,166368.3,106063.5,152814.3,143799.1,113044.2,1232630,19721.86,16960.58,123561.6,290573.4,139.5521,1322721,4564863,35316.76,689028.2,872012.9,47573.82,51037.77
Scenario 2,1199,4,Strong Growth (FOMO),299,TRADING,146086.3,324944.1,148905.6,277856.6,850593.1,697737.3,210527.6,520206.1,722573,986988.5,485069.8,286472.3,2713288,37408.77,408966.9,46010.53,325483.5,463182.1,1410415,44496.37,121872.7,450551.9,373977,393633,96940.76,134213.2,147871.3,194347.4,104559.4,161358.9,137045.5,136597.2,166345.9,106036.8,152281.4,143582,113021.7,1234459,19733.97,16962.82,123615.8,290601.3,139.1729,1323088,4570828,35319.75,689327,870949.7,47518.6,51121.79
Scenario 2,1200,4,Strong Growth (FOMO),300,TRADING,146527.4,324804.1,148680,278810.7,848688.9,696888.6,210694.1,520534.8,722373.3,988568,484873.6,286550,2709710,37335.25,408694.8,45969.35,325695.4,464021.4,1409463,44518.18,122020.5,450666.9,373805,393776,96816.42,134192.9,147850.4,194330.4,104570.3,161229.7,136905.7,136656.5,166404.4,106081.5,151821.9,143826.9,112944,1234809,19755.28,16980.33,123725.2,290525.2,138.7638,1323498,4572792,35331.14,690055.9,869574,47419.54,51216.46
Scenario 2,1201,5,Market Euphoria,1,TRADING,160668,331510.8,151437.5,309770.7,996529.4,747821.5,206929.8,501593.5,692291.9,995163.8,512050.6,299943.4,2980154,41340.33,431424.5,42965.73,331393.2,481172.4,1360966,48350.11,116462.8,456857.1,356368.8,404212.2,91521.7,140298.6,157685.1,198536.9,106451.4,171277,140787.8,141659.1,174699,106480.9,158608.2,131172.3,119020.6,1309281,17801.09,18184.57,123465.1,287878.7,137.08,1242286,4261008,37594.11,654430.9,908150.1,44802.67,52611.09
Scenario 2,1202,5,Market Euphoria,2,TRADING,160787.2,330945.2,151676,309677,996289.6,746655.5,206643.5,501849.3,693997.3,994692.9,511349.8,300438.2,2981028,41475.73,431362.1,42891.68,330797.5,481223.1,1358412,48211.61,116218.3,457397.2,356708,404218.7,91730.26,140498.8,157650.4,198489.7,106269.3,171798.6,140578.6,141634,174723.7,106591.8,158790.3,131146.1,119011.5,1310435,17806.01,18214.9,123472.2,287263.5,137.13,1244364,4253761,37578.43,654809.1,909355.4,44853.83,52625.11
Scenario 2,1203,5,Market Euphoria,3,TRADING,160732.5,330036,151991.3,309611.3,995107.6,745746,206514.5,502257.3,695763.3,995351.5,511077.5,300963.7,2982557,41551.19,431829.6,42866.18,330061.5,481496.7,1355612,48095.76,115998.4,457679,356115.1,404091.1,91963.05,140756.9,157617,198218.9,106037.1,172246.1,140455.3,141665.4,174730.7,106572.4,158979.2,131171.7,119037.1,1313505,17802.09,18244.09,123435.5,286717.1,137.33,1246951,4247649,37584.23,654545.3,909167,44864.78,52607.69
Scenario 2,1204,5,Market Euphoria,4,TRADING,160797.1,329489.8,152235.1,309640,992493.3,744522.8,206046.2,502627.7,697324.6,996071.7,510180.6,301887.9,2984518,41611.21,432660.5,42773.26,329615.7,481735.9,1352878,47972.64,115784,458118.2,355885.7,404030.8,92145.08,141090.2,157623.6,198229.6,105851.7,172445.4,140187.6,141662.7,174748.6,106561.7,159155.7,131193,119033.7,1315717,17814.85,18275.18,123435.5,286215,137.52,1248710,4238813,37612.16,654591.5,910486.6,44925.62,52644.06
Scenario 2,1205,5,Market Euphoria,5,TRADING,160856.4,328830.9,152463.7,309701.5,991394.2,743732.8,205821.7,502805.8,698925.9,996412.4,509445.5,302794.1,2983938,41645.47,432986.9,42724.5,329161.8,481934.8,1350215,47868.4,115501.6,458767.9,355875.8,404162,92310.58,141350.8,157633,198215.1,105705.7,172718.8,140023.4,141701.8,174793.4,106419.4,159463.4,131184.6,119042.1,1314860,17815.67,18311.96,123461.6,285617.8,137.82,1251617,4230074,37607.12,654877.6,910350.9,44922.79,52663.43
Scenario 2,1206,5,Market Euphoria,6,TRADING,160874.6,328216.4,152697.6,309636.3,989289.3,742082.8,205514.7,502833.9,700571.7,996712.8,508755.4,303606.6,2983723,41687.49,433710.2,42601.73,328714.9,482093.6,1347905,47795.55,115200.9,459024.6,355584.8,403837,92514.31,141499.1,157652.3,198090.6,105389.5,172887.5,139888.8,141738.1,174761,106184.1,159482.8,131202.1,119055.5,1315337,17824.57,18348.25,123427.2,285031.3,138.07,1253315,4223588,37593.16,654033.2,910590.3,44971.72,52658.49
Scenario 2,1207,5,Market Euphoria,7,TRADING,161035.7,327562.4,153015.8,309649.1,988035.7,740281.4,205077.5,503211.2,702494.1,996667.2,508020.8,304644.3,2983456,41688.97,434262.2,42700.12,328306.5,482492.3,1346006,47702.09,114937.3,459210,354830,403392.3,92752.05,141666.2,157664.2,197966.3,105249.1,173174.2,139856.6,141702.4,174712.4,106101.1,159808.6,131187.9,119003.5,1317499,17823.84,18370.49,123413.8,284595.7,138.24,1255204,4214723,37595.63,653854.8,912700.1,44957.96,52671.73
Scenario 2,1208,5,Market Euphoria,8,TRADING,161031.7,326894.7,153423.7,309690.8,985530.8,739198.1,204775.6,503490.6,704801.4,996369.3,507626.2,305554.7,2983858,41731.58,434562.9,42686.39,327971.8,482137.8,1344130,47612.83,114690.1,459487.7,354404,402954.6,92912.41,141760.4,157704.5,198093.7,105129.8,173561.2,139653.4,141694.5,174737,105981.6,160093.6,131218.7,118968.8,1319763,17831.55,18402.2,123402.5,284000.8,138.4,1257373,4206218,37594.93,654288.3,914444.7,45049.51,52676.12
Scenario 2,1209,5,Market Euphoria,9,TRADING,161131.4,326346.4,153736.3,309568.5,983699.4,737275.7,204445.7,504432.8,706345.6,996075.1,506458.9,306362.4,2982913,41822.4,434548.9,42711.89,328167.6,482516.8,1341882,47504.51,114400.2,459792.3,354348.9,402733.6,93079.98,141963.3,157677.1,198226.9,104920.3,173686.4,139331.7,141712,174765.5,105929,160289.8,131222.2,118991.9,1322745,17820.64,18432.63,123397.5,283385.8,138.55,1259870,4198119,37591.58,653906,914087.1,45002.71,52680.29
Scenario 2,1210,5,Market Euphoria,10,TRADING,161143.8,325564,154090.6,309466.1,983092.5,736150.3,203870,504933.8,707732.9,996735.1,505764.7,307114.4,2982576,41850.17,435246.9,42621.85,327785,483635.2,1339369,47392.06,114138.1,460041.4,353246.1,402573.6,93298.58,142050.2,157709.7,198229,104784.3,173956.6,139229.4,141762.8,174777.5,105832.7,160656.4,131230.3,118935.4,1324793,17824.66,18455.54,123419.6,282782.2,138.56,1261621,4190409,37597.06,652682.6,915756.3,45035.51,52718.31
Scenario 2,1211,5,Market Euphoria,11,TRADING,161129.3,324969.6,154487.5,309463.9,981782.8,735584.4,203811.5,505730.3,709433.7,997601.1,505398.7,307695.7,2981883,41899.4,436415.1,42609.54,327346.2,484302.4,1336631,47277.32,113828.3,460339.4,352528.9,402003,93488.04,142341.8,157642.9,198006.6,104650,173941.3,139108.6,141831,174804.6,105622.6,160806.7,131220.5,118965.4,1325298,17815.11,18480.88,123437.4,282344.7,138.6,1264112,4181957,37625.07,652522.8,915339.8,45104.12,52714.54
Scenario 2,1212,5,Market Euphoria,12,TRADING,161200.6,324363.9,154750.4,309443.7,980221.2,734022.8,203481.1,506402.1,711152.8,997805.2,504563.2,308698.2,2981696,41957.3,436728,42526.82,326835.5,483684.2,1333858,47160.82,113512.8,460499.6,352200.5,401412.3,93761.54,142667.6,157707.2,197995.7,104478.5,174136.1,139080.1,141822.6,174799.9,105615.4,160858.4,131230.1,119021.2,1330400,17813.38,18513.74,123431,281823.7,138.94,1266872,4173499,37631.11,651980,916095.2,45153.71,52700.66
Scenario 2,1213,5,Market Euphoria,13,TRADING,161407.2,323550.5,155103.5,309364,978923.7,732353.3,203538.5,507041.5,712922.4,998346,503771.9,309369.8,2982239,41988.3,436913.1,42418.32,326286.4,483219.3,1332359,47058.15,113223.2,460842,351739.9,401166.1,93980.91,142804.7,157732.7,198059.6,104356.4,174506.3,139065.1,141786.6,174814.5,105517,161068.8,131246.7,118994.9,1334099,17818.76,18548.57,123410.8,281184.5,139.26,1268402,4166617,37624.73,650755.6,916532,45100.86,52701.47
Scenario 2,1214,5,Market Euphoria,14,TRADING,161376,322817.1,155421.2,309342.9,977775.3,731578.3,203347,507586.6,714469.3,999597.8,502545.3,310226.6,2982305,42079.31,437963.2,42369.97,326331.6,483466.6,1329264,46932.07,112907.1,461400.7,351138.9,400430.8,94209.82,142988.8,157743.4,197844.9,104225.9,174551.6,138994.8,141784.8,174799,105459,161125.1,131274.1,118998.4,1334947,17810.41,18570.31,123433.4,280458.7,139.53,1270328,4158469,37588.06,650371.5,916452.5,45120.6,52723.29
Scenario 2,1215,5,Market Euphoria,15,TRADING,161415.5,322124.4,155728.9,309221,976132.4,730183.3,202758.3,508168.4,715978.3,1000260,501750,311097.6,2982681,42120.49,438447.4,42309.73,326161.2,483656.3,1326475,46846.92,112645.7,461692.1,350654.5,400203.1,94499.22,143274.1,157785.3,197406.8,104060.6,174925.2,138931,141777.7,174836,105216.4,161128.8,131259.4,119037.5,1338384,17807.37,18594.73,123421.8,279894.4,139.77,1272401,4149508,37609.19,650054.1,916987.6,45139.58,52705.77
Scenario 2,1216,5,Market Euphoria,16,TRADING,161476.4,321298.7,156190.9,309169.9,973923,728669.2,202321.8,508789.4,717354.3,1000140,501029.7,311612.3,2982836,42194.6,439072.9,42270.16,325921.4,483857.4,1324027,46738.8,112308.8,462072.8,350092.4,399905.8,94693.04,143627.7,157777.4,197262.7,103990.8,175266.1,138868.3,141750.5,174852.1,105146.8,161179,131265.1,119049.3,1339460,17801.46,18633.17,123398.8,279391.5,140.01,1274750,4141483,37625.6,650824.4,916560.7,45202.34,52671.47
Scenario 2,1217,5,Market Euphoria,17,TRADING,161537.5,320655.7,156478.3,309142.6,972611.1,727572.9,202086.9,509013.8,719140.2,999780.5,499987.4,312600.9,2981824,42210.7,439715.4,42163.21,325219.9,483538.6,1321832,46699.93,112096.3,462615,350026.6,399543.8,94966.63,143750.6,157809.9,197186,103770.6,175206.3,138808.8,141733.1,174812.8,105025.4,161257.1,131254.4,119028.4,1341807,17798.48,18666.32,123416,278864.1,140.21,1275585,4133670,37596.97,650767.5,916667.4,45229.7,52671.26
Scenario 2,1218,5,Market Euphoria,18,TRADING,161640.5,320151,156681.4,309198.3,971596.6,725916.9,201943.6,509610.2,720576.9,1001123,498713,313369.7,2980158,42319.53,440317.6,42109.75,324981.3,483606.4,1319476,46552.99,111853.9,462808.9,349449.7,399441.1,95152.46,143947.4,157755.1,196952.1,103655.9,175364.6,138584.4,141797.9,174813.9,104928.5,161394.2,131261.7,119061.3,1344211,17804.23,18686.17,123419.3,278528,140.16,1277013,4124305,37582.39,650536.9,916775.6,45271.75,52668.43
Scenario 2,1219,5,Market Euphoria,19,TRADING,161597.4,319503,157099.4,309236.5,969284.9,724766.8,201586.8,510267.1,722408.2,1001852,498063.8,314230.8,2980459,42423.07,441263.1,42058.61,324747.3,484255.6,1316779,46466.75,111580.5,463077.2,349311.9,399691.1,95369.92,144134.1,157782.3,196805.6,103455.4,175467,138513.9,141839,174853.8,105013.9,161602.8,131239.9,119005.8,1344606,17803.58,18741.28,123410.3,277959,140.38,1279109,4116503,37576.15,650655.4,918526.2,45282.74,52676.78
Scenario 2,1220,5,Market Euphoria,20,TRADING,161687.2,318768.3,157353.1,309089,967189.2,723553.6,201142,511170.6,724130.4,1002117,497822.6,315170.6,2981752,42457.56,442019,41987.89,324107,484098.7,1313519,46365.13,111330.9,463581.4,349105.5,399297.7,95596.28,144345.6,157758.1,196376,103397.9,175390.6,138374.9,141851.1,174851.2,104845.2,161727,131228.5,118984.9,1347305,17815.12,18784.72,123397.7,277461.6,140.42,1280994,4109787,37600.4,650123.7,918964.9,45345.87,52716.51
Scenario 2,1221,5,Market Euphoria,21,TRADING,161577,318133.2,157595.6,309192.5,965910.5,722574.1,200889.8,511578.3,725836,1002284,496610.3,315894.8,2981773,42528.91,442637.7,41830.92,323544,484426.3,1310606,46296.87,111069.1,463605.5,348385.8,398740.6,95837.79,144600.6,157734.6,196308.8,103234.3,175795.1,138186.6,141848.4,174840.7,104849.3,162072.9,131245.9,118987.8,1348963,17817.08,18791.47,123393.4,276873.4,140.64,1283350,4103456,37602.66,649226.5,919401.9,45389.48,52693.33
Scenario 2,1222,5,Market Euphoria,22,TRADING,161778.9,317353.8,157909.5,309226.1,963708.1,721557.9,200813.3,511784.8,727273.9,1002468,496883.3,316889.7,2982731,42572.28,442996.7,41776.45,323464.9,483861.3,1307639,46202.87,110819.1,463968.2,348106.7,399068.2,96107.83,144640.9,157791.9,196205.7,103067,176154.1,138073.1,141776.4,174817.1,104799.3,162345.5,131235.1,118996.1,1349231,17821.98,18813.99,123378.9,276153.3,140.76,1285331,4094507,37586.76,648547.6,920141.7,45448.35,52672.99
Scenario 2,1223,5,Market Euphoria,23,TRADING,161898.1,316596.4,158132.5,309229.9,962751,720022.9,200502.1,511904.9,728812.9,1001455,496060.5,317902.5,2981813,42631,443326.8,41730.84,323473.2,484360.3,1304593,46145.49,110560.8,464041.8,347531.6,398546.3,96354.15,144869.5,157828.1,196025,102809.8,176516.6,137835.4,141767.2,174845,104809.4,162307.3,131232.7,119028.3,1350723,17817.61,18850.25,123363.7,275509.5,141.08,1287779,4086472,37584.64,647831.3,921331.7,45509.31,52698.33
Scenario 2,1224,5,Market Euphoria,24,TRADING,161884.4,315965.3,158428.8,309107.2,961413.2,719251.7,200060.5,513080.9,730296.5,1001738,495533.4,318828.6,2981084,42732.74,444141.7,41701.71,322995.6,484582.7,1302008,46037.06,110268.4,464254.2,347111.2,398338,96607.4,145190.5,157776.9,195869,102547.9,176718.2,137705.5,141686.2,174878.2,104437.8,162444.2,131219.1,118974.8,1353049,17816.47,18884.21,123371.8,275140.6,141.02,1290235,4077468,37570.88,647866.6,921192.1,45518.5,52712.47
Scenario 2,1225,5,Market Euphoria,25,TRADING,161915.8,315476.6,158712.8,309051.3,960354.3,717405.3,199798.6,513496.3,732164.7,1001960,495158.2,319790.2,2980941,42769.4,444523.3,41641.88,322975.3,484427,1299443,45935.8,109999.7,464672.1,346879,397945.4,96774.7,145461,157769.2,195441.4,102382.7,177272.1,137481.5,141661,174827,104389.8,162667,131199.4,119014.8,1354558,17821.99,18907.65,123363.1,274586.3,140.94,1292992,4068351,37583.96,647528.9,920975.7,45532.17,52702.1
Scenario 2,1226,5,Market Euphoria,26,TRADING,162018.5,314884.3,158894.8,309015.6,958636.5,715182.1,199519.6,514102.1,733572.6,1003265,494230.5,320778.1,2981979,42923.73,445492.5,41626.94,322294.5,484121.1,1296696,45793.01,109749.5,464888,347334.6,397860.6,96994.72,145479.7,157780.5,195525.8,102230.3,177419.1,137396.8,141674.1,174795.7,104335.1,163077.8,131195,118947.4,1356607,17832.33,18939.56,123362.1,274071.9,141.19,1295144,4060652,37609.29,647896.2,921604.2,45540.18,52726.81
Scenario 2,1227,5,Market Euphoria,27,TRADING,162090,314088.7,159161.9,309084.8,957823.4,714251.1,199100.1,514942.8,735231.8,1004175,493107.9,321681.2,2980380,42902.19,446428.2,41521.26,321684.6,483332.3,1294054,45640.88,109474,465191.2,346987.7,397201.9,97139.15,145664.6,157780.7,195834,102064.6,177384.8,137071.7,141664.7,174745.9,104175,163127.7,131153.9,118929.3,1359451,17833.63,18984.64,123410,273361.4,141.17,1296756,4052791,37636.78,647863.8,922052.5,45569.63,52734.82
Scenario 2,1228,5,Market Euphoria,28,TRADING,162270.3,313447.5,159342.9,308937.3,956246.5,712657.2,198874.6,515708.9,736753.8,1004197,492978.9,322015.8,2981835,42921.06,446847.6,41467.01,320938.7,483600.5,1291220,45515.19,109157.7,465816.7,346494,397292.9,97322.48,145748.8,157783.4,195631.8,101910.7,177562.6,137018,141658.6,174732.4,104069.1,163179.4,131134.7,118921.8,1360436,17838.59,19014.23,123404.4,272816.7,141.16,1298858,4047136,37637.61,647152.9,924343.4,45593.9,52716.25
Scenario 2,1229,5,Market Euphoria,29,TRADING,162434,312850.4,159648.1,309094.1,954277.2,711368.7,198354.2,516192.6,738611.2,1004366,492798.1,322620,2982437,42969.42,447279.7,41442.42,320814.6,483906.3,1288734,45382.74,108859.6,466217.9,346279,397290.2,97487.79,145877.7,157775.6,195403.4,101776.3,177326.9,137066.6,141649.4,174712.1,103816.7,163520.9,131120.8,118936.1,1362841,17845.94,19047.59,123396.1,272276.8,141.34,1300810,4038855,37651.89,646124.8,923188.9,45651.96,52707.4
Scenario 2,1230,5,Market Euphoria,30,TRADING,162528.5,312170.3,160012.4,309125.2,952617.3,709694.6,198014.5,516582.6,740269.1,1005620,492366.4,323444.9,2980671,42966.85,448510.6,41459.41,320649.6,483852.6,1286714,45268.53,108611.4,466646.9,345986,396721.4,97695.73,146177.2,157750.2,195428.8,101567.7,177296.2,136830.2,141691.9,174693.5,103795.9,163636.7,131131.9,118949.2,1364434,17838.91,19072.61,123382.3,271622.5,141.42,1302835,4028685,37648.4,646792.4,923554.9,45691.47,52688.78
Scenario 2,1231,5,Market Euphoria,31,TRADING,162423.8,311525.1,160198.8,309089.5,951338,708584.4,197540.7,517254,741844.1,1005764,492127.4,324015.1,2981284,43006.22,448453,41384.81,319988.4,484291.6,1284434,45168.28,108367.5,467075.7,345887,396478,97899.4,146442.6,157692.8,195368.3,101385.4,177506,136764.1,141607.9,174676.6,103780.6,163717.9,131178.3,118952.9,1367301,17847.58,19083.69,123376.8,270955.8,141.51,1304917,4020666,37647.98,645764,923897,45725.13,52730.76
Scenario 2,1232,5,Market Euphoria,32,TRADING,162452.4,310856.3,160511.5,309026.4,949637.8,707371.9,197368.8,517956.9,743576.2,1006212,491312.7,324778.5,2981367,43022.98,449545.2,41403.69,319762.9,484167.7,1281865,45037.02,108032.1,467456.7,345946.6,396230.4,98145.6,146598.7,157772.4,195180.6,101194.8,177660,136496,141655.9,174687.4,103583.7,164050,131201,118893.8,1370583,17833.18,19127.05,123379,270484.6,141.86,1307412,4013391,37630.18,645438.4,924871,45792.22,52729.89
Scenario 2,1233,5,Market Euphoria,33,TRADING,162493.4,310133,160754.8,308987.1,947168.4,705578.9,197101.3,518657.3,745518.8,1007284,491032.6,325542.7,2982467,43111.07,449713.3,41383.89,319471.5,484095.9,1278889,44930.15,107734,467804.4,345620.8,396464.6,98332.57,146867.5,157751.5,195155,101071.8,177607.4,136424.7,141649.7,174723.8,103402.8,164314.2,131252.8,118872.6,1373678,17844.78,19159.09,123349.9,269911.9,141.88,1309231,4003677,37653.15,644981.3,925013.4,45794.86,52741.19
Scenario 2,1234,5,Market Euphoria,34,TRADING,162596.1,309331,161060.4,308975.2,945410.8,704627.4,196736.6,518903.8,747186.4,1006594,490698,326391,2980522,43263.34,450419.6,41342.49,318916.1,483777.5,1276286,44836.83,107439.4,467863,345771.4,396094.4,98543.54,147029.9,157804.6,195169.4,100840.4,177898,136314.6,141739.4,174829.3,103269.6,164135.4,131268.4,118875.8,1375100,17839.78,19208.31,123335,269371,142.02,1311132,3996673,37639.19,645388.9,925140.2,45874.71,52769.67
Scenario 2,1235,5,Market Euphoria,35,TRADING,162522.4,308643,161358.7,308954.1,943762.6,703656.6,196560.1,519417.2,748884.4,1007217,490672.7,327251.8,2980613,43341.46,450725,41236.56,318566.4,483525.3,1274486,44687.55,107131.1,468254.7,345042.1,395608.5,98781.26,147245,157815,195100.5,100598.7,178244.2,136178.9,141756.1,174777.1,103222.4,164166.7,131250.3,118841.7,1376702,17848.13,19246.07,123326.4,268824.7,142.1,1312284,3988751,37637.03,645122.6,925295.4,45896.77,52765.29
Scenario 2,1236,5,Market Euphoria,36,TRADING,162430.2,307971.1,161570.9,309003.8,942900.1,702072.7,196568.9,519826.5,750434.3,1007377,490374,328037.4,2979695,43461.97,451780,41136.11,318518.5,483437,1272088,44586.47,106875.1,468483.8,344934.5,395066.5,98995.82,147399.7,157880.8,194879.1,100394.6,178521.9,136051.1,141790.2,174839.5,103125.1,164388.1,131257.2,118804.2,1378188,17850.84,19281.5,123294.4,268223.8,142.18,1314243,3980280,37662.66,646385.4,926375,45929.19,52783.74
Scenario 2,1237,5,Market Euphoria,37,TRADING,162624.4,307418.3,161921.8,309105.4,941455.1,700736.1,196277.6,520350.9,752061.6,1007837,489818.9,328890.3,2977937,43566.13,452342.6,41052.36,318263.2,483395.6,1269587,44453.54,106551.7,468875,344597.9,394712.9,99186.71,147731,157886.3,195109,100206.5,178442.2,135798.7,141880,174860.8,102938.1,164470.8,131248.3,118823.7,1380065,17850.93,19307.18,123283,267579.6,142.4,1316193,3971758,37654.7,646265.3,927079.3,45935.81,52807.83
Scenario 2,1238,5,Market Euphoria,38,TRADING,162811.6,306659.6,162170.6,309179,940684.7,699434.2,195862.7,520467.6,753804.1,1008891,489015.8,329679.2,2978158,43599.4,453983.1,40958.8,318351.7,483228.8,1266904,44359.42,106289.8,469328.3,344402.1,394266.3,99378.38,147893.4,157847.5,194854,100031.6,178530.9,135672.6,141953.3,174833.6,102599.1,164518.2,131248.4,118786.3,1383210,17848.83,19328.16,123270.4,266948.8,142.55,1318081,3963722,37641.52,646208,928780.3,45981.27,52839.21
Scenario 2,1239,5,Market Euphoria,39,TRADING,162883.1,305929.3,162385.5,309107.4,940347.7,698030.6,195749.8,521284.4,755678.8,1009873,488203.9,330306.1,2978638,43676.76,454491.8,40922.95,317966.4,483773.4,1264584,44271.21,106005.4,469582.4,344043.8,393458.5,99610.24,148127.1,157802.2,194662.3,99837.69,178947.5,135594.6,141996.4,174772.1,102379.9,164733.6,131259.5,118764.1,1383697,17851.04,19353.16,123280.7,266288.7,142.58,1320506,3955436,37627.86,645409.8,930089.9,46002.09,52842.77
Scenario 2,1240,5,Market Euphoria,40,TRADING,162778.6,305236.8,162670.6,309121,937699.7,696913.7,195602.6,521905.5,757366.9,1010125,487586.2,330827.7,2977666,43730.06,454403.2,40789.42,317404.3,483881,1262049,44178.27,105772.3,470167.1,343633,393503.4,99893.1,148333.8,157781.2,194582.8,99719.95,179336.6,135636.5,141965.1,174743.4,102290.2,164985.1,131281.5,118733.3,1384624,17853.31,19378.18,123274.6,265610.1,142.6,1322222,3946923,37630.93,645260.9,930989.3,46062.52,52865.15
Scenario 2,1241,5,Market Euphoria,41,TRADING,162756.6,304488.8,163021.3,309144.5,936997.4,696305.6,195571.6,522744,759198.6,1010374,486411.4,331422.4,2977235,43740.23,454810.6,40772.62,316931.9,483267.2,1260463,44089.71,105439.6,470753.8,342891.9,393262,100134.5,148538.8,157831,194363.6,99598.99,179799.2,135438,141970.1,174707.5,102156.5,165202.1,131276.4,118700.4,1387927,17856.9,19411.27,123264.2,265189.4,142.78,1325008,3938946,37627.95,644944.9,933057.4,46085.35,52885.19
Scenario 2,1242,5,Market Euphoria,42,TRADING,162715.1,303876.8,163219.5,309308.4,935694.1,694637.5,195317.9,522884.8,761144.8,1010970,485730.3,331963.9,2976778,43805.36,456014.2,40719.51,316464,483239,1257928,43984.2,105115.3,471178,342574.4,393071.1,100372.9,148732.4,157853.8,194551.1,99441.96,180035.9,135325.9,141962.1,174727.7,102033.2,165306.1,131260.4,118721.5,1391028,17852.78,19455.98,123299.5,264757.7,143.1,1327009,3932136,37613.16,644381,934278.8,46154.79,52861.78
Scenario 2,1243,5,Market Euphoria,43,TRADING,162773,303237.1,163554.2,309214,934393.1,693697.6,195059.7,523324.7,762656.9,1011383,484710.9,332903.6,2977082,43803.7,456482.5,40714.78,315926.7,483348.4,1255079,43915.6,104842.5,471634.1,342016.5,392598.4,100584.3,148887.5,157893.9,194677.1,99226.76,180097.9,135168.8,141947,174627.9,101828,165565.5,131251.7,118724.4,1392697,17856.71,19468.25,123310,264066.1,143.43,1329289,3922592,37612.36,643596.6,934026.7,46186.29,52859.05
Scenario 2,1244,5,Market Euphoria,44,TRADING,162866.6,302584.4,163766.5,309307.1,932396.8,692626.1,194921.4,523481.2,764333.1,1011725,483827.6,333860.8,2975749,43776.11,457193.6,40732.54,315607.3,482878.3,1252568,43803.42,104587.5,471782,341414.4,391560.1,100818.8,149147.9,157891,194527.7,99095.24,180449.6,134993.7,141939.8,174621.3,101684.8,165584.6,131246,118753.7,1395407,17858.31,19498.54,123304.2,263538.1,143.66,1330349,3915353,37627.43,643155.4,933215.3,46264.26,52893.85
Scenario 2,1245,5,Market Euphoria,45,TRADING,162856.4,301750,164008.2,309275.1,931038.7,691902.8,194557,524299.2,766279,1011373,483726.6,335013.2,2978125,43859.11,457889.7,40701.61,314786.1,483327.4,1250004,43694.09,104329.4,472324.1,340975.3,391222.7,101075.8,149309.1,157898.9,194449.1,98880.2,180405,134764.1,141940.8,174574.8,101468.5,165762.9,131260.3,118766.7,1397033,17855.42,19517.73,123278.3,263036.8,143.79,1332753,3906645,37619.64,642568.4,933164.3,46272.86,52884.53
Scenario 2,1246,5,Market Euphoria,46,TRADING,162857.9,301059.1,164272.2,309250.6,928735.1,691230.8,194301.7,524875.3,768053.8,1012310,482442.9,335848.8,2978612,43898.84,458278,40610.05,314591.6,483488.4,1247932,43578.1,104023.3,472631.7,340451.9,390721.4,101335.1,149371.2,157840.7,194417.1,98658.56,180685.2,134583.2,141994.2,174546.6,101349.8,165697.3,131226.5,118808.3,1398146,17866.89,19560.23,123301.1,262414.3,144.03,1335718,3899061,37630.86,642009.6,933169,46289.6,52873.64
Scenario 2,1247,5,Market Euphoria,47,TRADING,162951.1,300478.7,164603.7,309223.6,925966.3,689691.7,193924,525301.8,769325.2,1012948,482276.9,336668.8,2978600,44017.57,458727.4,40557.04,314056.1,483816.3,1245268,43492.05,103763.6,472889.8,340321.2,390538.7,101532.1,149485.2,157902.7,194301,98558.78,180761.8,134459.4,141957.9,174603.7,101122.8,165804.5,131242.6,118809.4,1399765,17867.24,19592.76,123294.8,261980.8,144.24,1337323,3891296,37587.14,641911.9,932937.4,46332.34,52885.6
Scenario 2,1248,5,Market Euphoria,48,TRADING,162952.5,299819.5,164849,309155.8,924577.6,688197.4,193551.7,525776.6,770914,1013527,481566.6,337565.7,2977937,44107.99,459259.9,40564.38,313807.7,483558.4,1243051,43353.98,103524.6,473573.6,339746.8,390638.8,101760.6,149762.9,157911.1,194322.3,98389.04,181211.9,134263.3,141935.8,174684.1,101074.6,166340,131275.6,118769,1401793,17871.08,19625.82,123305.1,261335.5,144.44,1339027,3884163,37590.63,641468.2,931887.8,46403.31,52880.61
Scenario 2,1249,5,Market Euphoria,49,TRADING,163077.2,299242,165098.1,309244.7,923656.3,687502.2,193582.5,526238.5,772597.7,1012859,480701.8,338343.8,2978339,44139.07,459629.5,40503.22,312583.1,483209.2,1240361,43251.3,103223.8,474051.8,339454.4,390006.8,101994.3,149886.7,158009.3,194305.6,98221.08,181149.2,134003.6,141868.2,174674.3,100936.6,166617.5,131301.7,118750.4,1404963,17880.9,19658.27,123321.4,260901.4,144.64,1341194,3873912,37583.54,641053.7,932725.4,46434.34,52909.25
Scenario 2,1250,5,Market Euphoria,50,TRADING,163196.4,298415.2,165527.8,309256,922456.9,686475.8,193567.8,526606.7,774285.6,1013365,479982.8,339286.6,2978313,44188.64,460265.8,40528.21,312277.5,483047.4,1237950,43169.57,102932.4,474399.2,338986.4,389394.2,102212.2,149991.9,158065.9,194225.9,98101.29,181459.6,133905.5,141857.6,174613.1,100840.5,166526.5,131337.5,118712.4,1408377,17871.54,19687.28,123324,260196.5,144.7,1342672,3867780,37570.81,639910.4,933172.1,46475.27,52910.59
Scenario 2,1251,5,Market Euphoria,51,TRADING,163342.1,297670.5,165828.1,309303.3,921265.7,684867.3,193274.1,527038,775973.7,1013181,479508.7,340050.2,2977934,44242.18,461700.5,40498.43,311515.3,483184.4,1235825,43100.71,102633.5,474749.1,338383.1,388943.8,102417.9,150392.4,158071.4,194241.3,97914.97,181830.4,134101.1,141837.9,174545,100768.8,166677.5,131355.1,118721.5,1411364,17872.19,19706.72,123330.3,259784.1,144.85,1344094,3858714,37560.96,639241.5,932572.9,46475.32,52942.01
Scenario 2,1252,5,Market Euphoria,52,TRADING,163410.5,296999.6,166147.6,309242.7,919271.9,683557.7,193086.5,527304.8,777787.6,1013282,479256.4,340742.6,2979082,44269.13,462851,40416.35,311579.5,483314.7,1233940,42984.77,102340.2,475047,338160.2,388739.4,102615.2,150644.6,158060.5,194083.9,97707.27,181955.9,134057.3,141769.2,174518.5,100664.9,166866.9,131380.1,118734,1412788,17870.89,19708.92,123347.8,259135.8,145.2,1346843,3852378,37580.02,639009.5,933596.5,46547.46,52917.66
Scenario 2,1253,5,Market Euphoria,53,TRADING,163458.2,296392.7,166538.3,309249.3,917792,683334.2,192903,527727.6,779344.9,1014927,478759.5,341453.9,2978204,44304.82,463422.7,40356.8,311086.6,482664.8,1230744,42861.94,102063.1,475162.2,337254.9,388202.7,102772.9,150867,157991.8,194062.6,97522.94,182325.9,133837.1,141697.1,174560.6,100501.8,166935.4,131388.2,118708.5,1413972,17872.06,19725.08,123353.7,258627.5,145.42,1349013,3845769,37583.46,639385.7,934506.8,46560.5,52919.32
Scenario 2,1254,5,Market Euphoria,54,TRADING,163536.2,295661.9,166807.9,309335.7,916521.4,682087.2,192610.9,528620.5,780979.5,1015390,478256.9,342146.3,2978612,44411.8,463983.1,40345.5,311125.7,482081.5,1227757,42760.04,101776.1,475368.2,336960,387881.9,102960.9,151186.5,157997.2,193916.4,97249.62,182329.6,133623.8,141733.1,174507.4,100336.1,167220.5,131331.3,118703.7,1415234,17868.44,19746,123351.5,257920.2,145.55,1351778,3836495,37586.76,639387.2,935214.6,46567.15,52904.27
Scenario 2,1255,5,Market Euphoria,55,TRADING,163687.2,294947.3,167052.8,309175.6,915802.7,681299.5,192303.6,529333.6,782974.9,1016254,477936.5,342960.8,2977914,44523.02,464689.3,40322.17,310982.2,482121,1224571,42665.68,101549.8,475595.5,336442,387480.8,103198.5,151485.4,157977.5,194097.9,97095.7,182847.6,133620.2,141709.5,174524.9,99982.53,167571.5,131321.5,118709.1,1416848,17880.34,19780.93,123343.3,257319.2,145.64,1354278,3828930,37588.69,639450,936341.5,46591.12,52923.7
Scenario 2,1256,5,Market Euphoria,56,TRADING,163834.3,294190,167329.9,309159.3,913328.2,680319.5,192193.2,529829.5,784686.2,1016672,477824.5,343577.2,2978349,44528.79,465521.7,40248.8,310519.6,482632.8,1222182,42551.79,101237.7,475866.5,336461.7,387388.3,103400.3,151568.5,158038.7,194285.8,96943.22,183119.8,133475.1,141738.6,174544,99874.8,167576.1,131312.9,118742.5,1421924,17886.23,19829.37,123338,256818.2,145.96,1355820,3821518,37596.67,638984.9,937449.6,46646.2,52908.23
Scenario 2,1257,5,Market Euphoria,57,TRADING,163963.3,293462,167620.9,309250.7,912882.7,679012.3,192058.1,530488.1,786226,1016931,476952.3,344458,2978398,44613.75,465361.2,40151.23,310165.9,482732.6,1220028,42469.78,100981,476466.5,336186.7,386980.2,103624,151859.8,158056,194691.3,96777.27,183410.6,133311.4,141704.6,174487.3,99745.8,167785,131359.5,118783.7,1424559,17875.21,19861.67,123318.9,256047.9,146.12,1357573,3812944,37612.63,638047.4,936338.2,46695.23,52898.34
Scenario 2,1258,5,Market Euphoria,58,TRADING,164161.1,292692.2,167857.2,309308.1,911458.8,677773.5,191739,530749.3,787762.6,1016881,476594.5,345047.6,2980707,44649.62,466543.9,40142.18,309927.5,482507.8,1218360,42363.18,100718.3,476708.6,336056.3,386798.9,103877.7,152011.3,158097.4,194840.3,96621.39,183332.6,133146.5,141707.1,174500.2,99787.63,167911,131362.2,118775.1,1427091,17875.35,19892.14,123333.6,255455.7,146.08,1359602,3804961,37622.77,638020.2,937446.6,46704.62,52900.71
Scenario 2,1259,5,Market Euphoria,59,TRADING,164363.7,291995.4,168059.7,309063.4,909823.1,676436.5,191375.2,531347.7,789115.2,1017128,476718.1,345920.2,2978679,44743.15,467390.1,40204.17,310089.6,481933.2,1215223,42246.56,100433.7,477250.7,335560.4,386831,104113.9,152231.2,158050.1,194959.1,96452.32,183756.5,133007.3,141718,174512.7,99695.93,167942.9,131387.1,118781.8,1429079,17871.11,19941.92,123335.4,255090.3,146.25,1362041,3799184,37621.89,638161.3,937318.6,46766.23,52899.41
Scenario 2,1260,5,Market Euphoria,60,TRADING,164508.9,291244.4,168355.9,309021,908395.8,674985.7,191170.9,531956.1,790858.3,1017114,476733.5,346733.1,2978771,44808.51,467881.3,40103.32,309789.1,481912.8,1212606,42138.34,100150.9,477409.6,335438.6,386579,104329.3,152373.6,158078.1,194646.7,96259.7,184111.3,132675.2,141695.3,174499.6,99592.03,167782.6,131388.4,118742.1,1431570,17874.97,19970.06,123360.6,254667.1,146.47,1364551,3791444,37630.48,638704.9,937999.2,46814.42,52912.15
Scenario 2,1261,5,Market Euphoria,61,TRADING,164592.9,290661.2,168553.5,309112,906649.9,673676.9,191169.7,532331.7,792578.2,1016959,476006.5,347452.7,2979636,44912.44,468268.4,40055.44,309251.7,482041.3,1209286,42020.12,99950.71,478002.4,334829.5,385980.6,104559.5,152516.2,158111.1,194465.7,96021.74,184034.9,132577.2,141705,174472.4,99538.19,168062.7,131355.4,118765.4,1433072,17877.96,20016.49,123358.2,254113.1,146.59,1366803,3784748,37625.08,637975.7,938295.2,46891.02,52892.08
Scenario 2,1262,5,Market Euphoria,62,TRADING,164577.7,289931.9,168732.4,309081.4,904454.2,672370.8,190932,532930.1,794091.6,1017590,475557.1,348042.5,2981149,44943.21,469088.4,40017.71,308899.1,482209.4,1206745,41938.11,99671.86,478289.9,334467.3,385547.8,104781.9,152922.4,158205.7,194330.9,95891.67,184186.9,132515.4,141765.8,174447.4,99301.68,168170.9,131375.3,118770.5,1435102,17891.79,20041.69,123318.8,253507.9,146.63,1369791,3775203,37616.86,638321.7,940665.6,46964.99,52908.88
Scenario 2,1263,5,Market Euphoria,63,TRADING,164625.8,289329.7,169181,309167.7,903208.6,671003.1,190391.2,533805.4,795788,1017909,474597.3,348734.8,2983709,44940.01,469710.2,40038.22,308815.8,482721,1203840,41818.72,99398.16,478679.2,334053.7,385119.7,105025.8,153149.3,158211,194293.5,95715.36,184199.1,132333.4,141747.8,174382.4,99230.82,168271.1,131389.1,118787.7,1437216,17888.92,20069.88,123287.9,252963.8,146.93,1372517,3765801,37620.11,638198.7,941520.1,46998.22,52911.72
Scenario 2,1264,5,Market Euphoria,64,TRADING,164677.8,290346.1,169472.6,309186.8,902402.6,670015.1,190166.6,534143.8,797569.2,1018465,474137,349562.9,2984001,45013.43,470160.4,39959.69,308538.6,482468.5,1200534,41721.99,99123.43,479316.6,333860.5,384596.4,105190.7,153410.4,158240.7,194295.4,95584.98,184409.5,132121.3,141775,174359.1,99057.27,168398.8,131412.9,118756.7,1440357,17887.41,20116.58,123303.2,252224.5,147.13,1374108,3757472,37612.33,637782.4,941300.6,47077.67,52922.44
Scenario 2,1265,5,Market Euphoria,65,TRADING,164675.8,291256.8,169763.6,309056.7,901820.8,668091.6,189746.2,535018.9,798911.1,1018787,473710,350332,2985384,45117.5,470695.8,39901.11,308383.9,482258.2,1197706,41629.54,98811.09,479598.6,333457.4,384149.2,105434.2,153622.3,158269.6,193964.1,95394.82,184571.1,132027.5,141774.2,174356.3,99031.21,168708.4,131428.6,118790.8,1439227,17891.7,20127.96,123306.9,252997,147.22,1375796,3749227,37591.59,637487,942619.8,47099.87,52904.73
Scenario 2,1266,5,Market Euphoria,66,TRADING,164853.7,292263.3,170115.3,309100.7,900321.7,665953.6,189607.7,535035.6,800924.6,1018438,473275.3,351231.7,2985598,45109.18,470985.1,39879.96,307971.8,482396.7,1195375,41543.82,98602.84,480363.9,333429.7,383921.5,105673.9,153929,158309.9,193763.9,95208.83,184779.9,131782.4,141714.1,174351.3,98855.14,168740.4,131445.4,118783.5,1442466,17898.55,20166.04,123291,253865,147.26,1377319,3743313,37595.79,637977.6,942205.8,47145.59,52940.73
Scenario 2,1267,5,Market Euphoria,67,TRADING,164892.3,293216.5,170480.4,309134.4,897635.9,664798,189294.7,535573.6,802854.1,1019286,473079.3,352100.2,2984206,45273.05,471894,39811.03,307576.7,482586.1,1192321,41447.34,98285.28,480537.3,333271.8,383751.4,105902.2,154143.7,158373.8,193658.1,95087.15,185261.6,131764.1,141737.4,174373.5,98832.24,168651.4,131412.8,118772.3,1443907,17889.54,20208.91,123284.8,254427.7,147.36,1379682,3737107,37602.62,637805.9,943015.1,47193.34,52927.34
Scenario 2,1268,5,Market Euphoria,68,TRADING,164999.5,293987.8,170748.4,309039.8,896650.2,663417,188767.5,536307,804191.8,1018663,472420.3,352826.5,2982609,45338.25,472552.3,39758.66,307068.2,482108.4,1190294,41336.89,98020.17,481225.9,333246.6,383513.3,106175.8,154343.4,158364.6,193595,94855.47,185499.8,131584.8,141731.1,174329.6,98797.29,168608.7,131405.7,118773.4,1445583,17890.76,20245.07,123314.5,255092.4,147.82,1381577,3729581,37615.79,638078.4,944640.9,47253.95,52948.65
Scenario 2,1269,5,Market Euphoria,69,TRADING,165121.6,295032.9,171008.6,308957.7,894960,662482.1,188591.6,536487.6,805712.4,1018916,472060.1,353632.9,2983584,45343.55,473422.1,39687.82,307392.9,481775.5,1187714,41237.02,97808.32,481820.3,333206.4,382707.4,106414.4,154514.6,158374.2,193523.4,94704.8,185658.2,131390.8,141857,174270.7,98730.12,168849.7,131426.8,118814.9,1447489,17885.28,20283.12,123330.5,255770.7,148.01,1383128,3719694,37622.91,637732.4,945621.1,47284.19,52954.03
Scenario 2,1270,5,Market Euphoria,70,TRADING,165075.1,295987.7,171321.6,308985.2,893344.3,661500,188342.8,536980.6,807309.6,1019448,471541.2,354586.6,2983031,45399.38,473435,39642.33,307279,481072.6,1185443,41123.04,97554.75,481858.2,333457.4,382769.5,106675.3,154717.3,158383.5,193132.9,94559.78,185721.7,131284,141858.5,174251.5,98680.47,169083.1,131429.7,118729.1,1448878,17880.63,20317.06,123354.5,256458.3,148.24,1385750,3713069,37607.71,637637.2,947535.7,47256.77,52960.51
Scenario 2,1271,5,Market Euphoria,71,TRADING,165122.8,296991.9,171602,308847,891739.2,659687.2,188094.7,536884.9,808989.7,1020434,470895.4,355701.3,2985064,45514.63,473603.3,39578.87,307233.2,480676.9,1183228,41037.85,97268.18,482139,333056.1,382363.4,106877.3,154919.2,158401.9,192982,94416.09,186031,131387.5,141817.4,174202.8,98666.74,169054.8,131426.1,118696.6,1450065,17872.43,20305.99,123362.9,257266.1,148.26,1388189,3705812,37597.75,637069.9,947581.9,47314.69,52952.78
Scenario 2,1272,5,Market Euphoria,72,TRADING,164864.8,297944,171960.7,308842.7,890458.8,658411.2,187966,536152,810582.1,1021587,470437.6,356726.5,2985869,45621.28,473785.6,39544.27,306929.2,480329.3,1180439,40936.76,96985.53,482347.6,332895.9,382594.2,107108,155181.8,158443.7,193220.5,94208.91,186402.2,131163.1,141774.9,174266.6,98509.62,169019.5,131446.4,118769.7,1453397,17883.13,20339.26,123312.2,257992.7,148.59,1390984,3696324,37573.84,637406.4,949034.2,47192.36,52931.48
Scenario 2,1273,5,Market Euphoria,73,TRADING,164736.3,298770.9,172262.8,308834.8,888205.5,656788.3,187786.2,535822.4,812378,1022509,469058.5,357087.4,2988506,45664.64,473931.2,39529.75,306787.7,480728.2,1177483,40833.12,96711.43,482740.2,332206.3,382608.7,107338.7,155356.3,158437.9,193076.5,94043.63,186721.5,131065.4,141830.5,174298.6,98303,169178.4,131468.3,118758.5,1454266,17895.43,20361.16,123294.3,258696.8,148.75,1393677,3687908,37579.32,638271.2,949868.5,47085.2,52942.09
Scenario 2,1274,5,Market Euphoria,74,TRADING,164523.6,299684.6,172505.5,308790,886532.1,654977.9,187656.9,535560,813966.4,1022936,468126.7,357605.8,2986672,45706.09,474593.5,39486.2,306486.9,480774.4,1174462,40691.26,96428.41,482621.7,332607.6,382617.9,107536.2,155655.3,158448.7,193223.8,93969.71,186634.2,130926.5,141730.6,174260.8,98113.76,169232.3,131463.2,118778.1,1456875,17903.24,20379.29,123300.8,259498.3,149.1,1395620,3680624,37571.7,639215.9,950653.4,47041.67,52938.54
Scenario 2,1275,5,Market Euphoria,75,TRADING,164380.3,300576.8,172675,308645.8,884518.6,654064.7,187438.1,535328.8,815541.5,1023981,467391.8,358644.1,2985916,45788.63,474713.6,39555.06,306076.2,480807,1171655,40585.71,96165.8,482592.1,332385,382625.7,107753.6,155819.8,158413.1,193694.2,93802.89,186803.8,130805.6,141771.8,174235.6,97882.88,169646,131477.4,118755.8,1461073,17908.83,20401.93,123299.7,260429.7,149.38,1397340,3674612,37603.04,640221.3,951300.8,46964.15,52924.46
Scenario 2,1276,5,Market Euphoria,76,TRADING,164159.1,301383,173058.6,308527.6,883191.1,653284.5,187082.3,534688.9,816946.9,1023094,466872,359427.7,2986472,45777.35,475457.2,39514.01,306168.9,480283.9,1168990,40510.71,95856.61,482488.5,332229.4,382175.4,108004,155982.6,158402.6,193969.7,93659.33,187225.7,130642.2,141774.1,174171.8,97895.85,170073.2,131513.3,118757.8,1464041,17918.48,20428.58,123320.2,261207.4,149.41,1399576,3667885,37622.34,641144,953715.6,46854.47,52934.86
Scenario 2,1277,5,Market Euphoria,77,TRADING,163949.5,302467.7,173390.5,308437.5,881776.9,652590.1,186866.1,534673.7,818522.6,1023764,466067.6,360143.2,2984212,45850.92,476163.6,39547.61,305708.1,480040,1165849,40432.41,95535.85,482898,331846.6,381787.2,108156,156288,158470.8,194415.2,93402.34,187526.5,130632.1,141778.4,174147.1,97722.93,170416.7,131496.7,118761.4,1465181,17916.12,20445.16,123331.9,261883.3,149.55,1402229,3660227,37630.88,642021.3,955217.4,46695.16,52947.99
Scenario 2,1278,5,Market Euphoria,78,TRADING,163798,303471.9,173614.9,308492.5,880692.8,651947,186554.9,534203.6,820303.9,1024313,464989.5,361114.9,2984393,45900.44,477170.8,39471.5,305464.6,479888.8,1162674,40347.97,95303.11,483019.3,331068.6,381233,108310.5,156438.4,158437.5,194699.6,93227.6,187731.4,130351.7,141708.1,174208.4,97524.41,170735,131480.7,118779.1,1467294,17913.68,20467.15,123331.7,262511.9,149.8,1404948,3652521,37632.64,643717.3,955273.5,46516.66,52940.63
Scenario 2,1279,5,Market Euphoria,79,TRADING,163442.7,304435.7,173853.1,308420,878552.5,650698.8,186280.3,533641,822311.7,1024653,464883.2,362195.7,2985437,45929.52,477448.6,39353.2,305321,479333.6,1160098,40281.59,95025.82,483310.6,330711.2,381267.6,108599.2,156490.6,158446.3,194806.3,93019.7,187841.6,130238.3,141731,174223.1,97440.24,170630.8,131495.7,118768,1470836,17917.38,20497.26,123329.7,263020.5,149.95,1406000,3644439,37599.23,644110.1,957248.1,46391.51,52948.29
Scenario 2,1280,5,Market Euphoria,80,TRADING,163139.9,305374.7,174133.6,308433.4,877617.5,649301.4,186018.6,532843.2,824017.2,1024385,464234.6,362651.7,2987295,45994.67,478322.3,39298.52,304555.9,479727.4,1157424,40180.44,94759.17,483743.5,330070.5,380725.8,108791.3,156768,158439.6,195205.5,92787.39,188390.9,130252.7,141759.4,174199.9,97317.45,170564.2,131476.1,118762.1,1474503,17923.27,20531.33,123346.1,263627.7,150.04,1408268,3637925,37600.42,644343.2,956814.6,46304.19,52946.51
Scenario 2,1281,5,Market Euphoria,81,TRADING,162976.7,306292.7,174451.9,308383.3,876413,648145.7,185682.4,532678.9,826081.2,1023934,464004,363533.7,2987473,46102.43,479057.1,39307.97,304179.6,479493.9,1154681,40076.38,94512.07,484058.7,329724.4,380146.6,109077.5,156874.2,158472.4,195610.3,92612.66,188648,130093.5,141766.9,174161.6,97064.57,170562.9,131486.7,118751.7,1474780,17930.69,20576.48,123331.9,264397.7,149.89,1410566,3629556,37625.79,645201.6,956903.8,46212.14,52935.07
Scenario 2,1282,5,Market Euphoria,82,TRADING,162722.9,307271.8,174645.2,308363.5,875094.5,646626.7,185380.6,531739.2,827967.7,1024256,463816.6,364282.3,2987613,46114.04,479598.1,39229.61,303636.7,479118.5,1151962,39975.24,94250.97,484171.4,329590.1,379497.3,109325.6,157161.3,158553.6,195745.3,92486.39,189203.6,129941.4,141718.2,174192.9,96930.85,170758.8,131529.5,118747.9,1478157,17923.17,20607.09,123358.7,265210,150.05,1411568,3621284,37611.29,646601,957530.3,46194.55,52944.75
Scenario 2,1283,5,Market Euphoria,83,TRADING,162433.6,308383.1,174920,308417.5,874289.8,645535.4,185271.6,531344.7,829635.4,1024862,463347.9,365097.9,2984987,46160.19,480154.3,39146.86,303052.6,478704.7,1149551,39883.96,93943.99,484554,329125.7,379231.1,109463.7,157425.2,158521.3,196101.3,92308.97,189235.1,129818.3,141775.6,174223.7,96748.6,170854.8,131562.2,118749.6,1479518,17927.17,20653.78,123317.6,265710.7,149.87,1414449,3612514,37626.51,646656.8,957990.4,46130.33,52899.53
Scenario 2,1284,5,Market Euphoria,84,TRADING,162213.9,309291.8,175208.2,308405,872014.8,644017.6,185070.6,530720,831300,1026125,462894,365708.9,2986125,46243.35,481216.3,39091.77,302843.5,478779.6,1146680,39785.62,93616.08,484747.1,329222.1,379110.8,109635.1,157700.7,158561.2,196251.3,92171.89,189347.4,129738.3,141769.7,174252.4,96596.58,171093.3,131532.3,118732.2,1483134,17926.33,20688.92,123325,266467.4,149.83,1417557,3604980,37632.5,647110.6,958389.6,46060.92,52913.1
Scenario 2,1285,5,Market Euphoria,85,TRADING,162079.7,310332.3,175424.9,308409.9,870055,646166.9,184956.3,529998,832511.8,1027585,462203.8,366821.1,2987010,46401.01,481967.9,39026.12,302518.2,478854.4,1144022,39702.56,93340.55,485051.4,328420.1,379013.7,109867.8,157804.4,158495.5,196590.2,92031.65,189416.8,129597.4,141789.8,174204.5,96611.78,170977.6,131557.5,118762.3,1486213,17931.4,20703.1,123346.9,267031.3,149.97,1419551,3595363,37654.03,646800.4,960147.7,45949.83,52937.64
Scenario 2,1286,5,Market Euphoria,86,TRADING,161944.4,311255.6,175826.2,308462.8,868490.7,648271.9,184600,529936,834181.7,1028167,461800.6,367412.2,2988052,46437.58,483062.8,38983.7,301820.7,478269,1141657,39667.85,93067.95,485194.1,328213,378741.3,110127.5,157997.9,158543,196879.4,91811,189880.1,129385.8,141779.2,174215,96567.42,171099.2,131581.5,118802.3,1487875,17923.97,20710.56,123339.2,267748.9,150.04,1421446,3587838,37680.61,647700.2,960887.5,45876.75,52920.61
Scenario 2,1287,5,Market Euphoria,87,TRADING,161870.7,312194.7,176093.5,308488.6,865876.1,650655.8,184414.3,529420.7,835749.8,1028793,460800.1,368492.9,2988194,46499.81,484061.5,38978.6,301743.4,478356.2,1138863,39557.91,92816.33,485467.4,327630.3,378212.3,110330.3,158334.7,158572.8,197147.3,91638.84,190127.1,129193.9,141676.1,174251.5,96461.77,171457.8,131606.6,118801.4,1489715,17921.79,20735.95,123335.9,268421.2,150.1,1423063,3579672,37685.74,648592,961598.5,45802.71,52896.13
Scenario 2,1288,5,Market Euphoria,88,TRADING,161624.6,313055.1,176365.9,308527.8,865465.3,653042.1,184120.7,529192.2,837695.6,1029505,459943.1,369161,2987244,46618.21,484520.2,39010.2,301685.7,477942.6,1136084,39431.36,92564.02,486071,327431.4,377531.9,110579,158538,158554.1,197621.1,91435.57,190626.9,128939.5,141666.4,174195.1,96440.55,171347.8,131631,118849.8,1491662,17928.14,20767.13,123323.5,269166.2,150.36,1425052,3571144,37703.34,649011.7,960785.3,45729.84,52898.32
Scenario 2,1289,5,Market Euphoria,89,TRADING,161432.5,313985.8,176679,308468.4,863278.6,655655.7,183962.5,528499.2,838925.1,1030530,459185.7,370151.9,2988331,46705.94,485391.6,38938.71,301511.6,477568.1,1133324,39328.14,92281.82,486685.5,326896.4,376925.5,110835.9,158697.8,158596.5,197831.5,91304.16,190786.9,128935.1,141676,174175.6,96284.02,171088.2,131675,118871.5,1494316,17931.96,20792.52,123360.1,269965.9,150.67,1427408,3563887,37692.66,650278.8,963635,45596.2,52917.4
Scenario 2,1290,5,Market Euphoria,90,TRADING,161294,314873.5,177050.5,308362.9,862669.7,657587.8,184001.1,527940.8,840540.3,1031630,458841.3,371061.8,2989034,46793.59,485476.9,38867.21,301204.1,477501.4,1130842,39234.75,91978.16,486331,326442.4,376747.5,111023.1,158741,158578.5,198142.3,91112.65,191042.3,128924.6,141702.2,174135.9,96275.98,171514.8,131705.3,118886.4,1496377,17909.81,20817.61,123324.1,270781.6,150.62,1429254,3557617,37693.63,650908.2,966471.9,45478.93,52915.56
Scenario 2,1291,5,Market Euphoria,91,TRADING,161241.9,315775.7,177345.4,308303.4,862080.9,660088.1,183696.7,526779.4,842227.4,1032275,458036.9,371652.1,2985750,46845.99,486236.8,38828.42,301438,476799.1,1128202,39133.55,91677.92,486892.6,325761.7,376239.6,111298.3,158884.3,158643.9,198615,90944.32,191383.8,128831.1,141707.9,174132.2,96140.89,171736.2,131706.6,118948.7,1497307,17911.65,20837.82,123332.8,271497.7,150.94,1430748,3551080,37687.88,651678.9,968117.6,45360.58,52926.77
Scenario 2,1292,5,Market Euphoria,92,TRADING,161143.5,316746,177655.8,308265.8,864329.3,662150.5,184164.2,525935.7,844083.3,1033190,459666.7,372822.5,2985282,46768.97,485675.2,38910.91,301881.1,477001.9,1125371,39031.44,91378.25,486887.8,326389.8,376819.1,111511.6,158609.6,158635.7,198811.4,90750.67,190726.3,129233.4,141735.6,174108.5,96323.32,171834.8,131670.9,118934.4,1493675,17903.16,20863.32,123324.6,272180.9,150.66,1432242,3542159,37703.95,652039.1,965947.3,45292.28,52884.44
Scenario 2,1293,5,Market Euphoria,93,TRADING,160827.9,317745.4,177861.6,308335.2,866204.6,664801,184718,525304.2,845635.2,1032803,460553.8,373619.1,2985711,46596.15,484272,38977.39,302770.3,476677.7,1121831,38971.21,91132.24,486941.2,327142.7,377263.4,111745.8,158268.7,158701.7,198857.8,90547.13,190467.6,129601.8,141753.1,174135.4,96462.85,171427.8,131662.8,118985.8,1490449,17903.73,20885.27,123302.9,272937.7,150.3,1434942,3533588,37700.62,653585.6,963433.4,45145.88,52882.14
Scenario 2,1294,5,Market Euphoria,94,TRADING,160532.2,318637.7,178070,308323.1,868235.5,667442.9,184919.2,524165,847435.9,1033314,461300.8,374497.7,2984427,46502.54,482666,39043.43,303581.8,476490.1,1119548,38864.91,90848.12,487363.3,327811.1,377668.9,112025.8,158093.4,158772.1,199021.3,90447.2,190139.8,129647.7,141747.3,174109.4,96602.96,171070.6,131642.5,118969.3,1487710,17902.23,20928.41,123297.2,273575.1,150.1,1436654,3526198,37696.34,654907.5,961585.2,45083.58,52859.58
Scenario 2,1295,5,Market Euphoria,95,TRADING,160242.9,319614.3,178302.9,308235.3,870692.3,669552,185514.5,523474.1,848805.1,1034090,462097,375267.1,2985236,46407.46,481779.6,39091.52,304055.3,476674.6,1117297,38769.75,90587.27,487782.3,328479.7,378305.4,112197.6,157749.5,158816.3,199262.9,90257.8,190027.8,129788.9,141678.6,174072.3,96715.28,170837.8,131664.7,119018.7,1485933,17905.19,20964.84,123302.8,274423.8,149.78,1439181,3518738,37692.03,654877.1,961051.7,44954.29,52835.65
Scenario 2,1296,5,Market Euphoria,96,TRADING,160136.8,320549.5,178533.7,308355.6,873317.4,671205.6,185843.6,522791,850685,1034214,463149.8,375901.8,2985371,46402.94,481816.2,39246.49,304377.7,476597.4,1114909,38645.68,90276.56,487793.7,328779.1,379010.9,112424.5,157551.3,158828,199380.4,90047.86,189756.7,129877.5,141643.2,174048.4,96806.18,170790.5,131655.7,119023.5,1481522,17908.11,20995.4,123275.9,275153,149.58,1441419,3509946,37714.76,656030.6,959101,44872.95,52850.83
Scenario 2,1297,5,Market Euphoria,97,TRADING,159989.2,321448,178824.7,308402.3,874578.9,673377.1,186188.7,522019.4,852503.4,1034350,464075,376485.9,2986249,46331.3,481082.8,39271.47,305104.8,475788.3,1111685,38529.3,90065.33,488179,329599.7,379313.6,112676.3,157354.2,158792.5,199330.9,89939.88,189751.8,130059.6,141645.5,174053,97081.67,170430.2,131653.8,119015.2,1479031,17912.48,21039.67,123263.6,275967.7,149.53,1442911,3502144,37717.85,656582.4,957449.5,44767.16,52833.71
Scenario 2,1298,5,Market Euphoria,98,TRADING,159647.7,322486.7,179071.9,308548.8,876515.2,675872.8,186656.8,521249.3,854386.3,1034647,465151.9,377472.3,2986801,46231.48,480479.9,39353.94,305531.4,475669.7,1109372,38468.72,89759.65,488590.4,329974.6,379845.6,112963.9,157063.2,158861.6,199878.8,89790.24,189591.6,130215.8,141682.3,174048,97315.45,170277.6,131686.2,118977.1,1475365,17927.77,21068.95,123263.5,276746,149.1,1445131,3494004,37693.46,657422.8,956552.6,44639.27,52844.04
Scenario 2,1299,5,Market Euphoria,99,TRADING,159252.3,323511.2,179276.1,308499,880357,677901.8,186840.6,520657.3,856416.3,1034821,466068,378474.3,2985333,46091.39,479654.7,39450.74,306381.4,475446.6,1106937,38387.72,89503.71,488336.4,330800.3,379801.4,113165.6,156726.8,158874.4,200066.6,89625.8,189472.6,130463.2,141700.6,174058.9,97479.6,169911.4,131692.1,118952.9,1472668,17927.26,21106.85,123250.4,277538.4,149.08,1447687,3485654,37703.52,657851.2,956428.3,44541.23,52853.17
Scenario 2,1300,5,Market Euphoria,100,TRADING,159034.5,324431.8,179613.5,308541.5,882278.6,679927.6,187193.9,519793,858254.3,1035838,466940,379007.5,2984329,46041.75,478987.4,39538.84,306812.9,475560.4,1104053,38255.53,89257.88,488703.9,331306.1,380113.4,113376.5,156491.3,158940.8,200339.4,89414.67,189008.7,130522,141683,174101.9,97703.37,169589.5,131681.5,118932.1,1470625,17925.28,21115.54,123245.1,278236.4,148.74,1449211,3477297,37706.83,658638.7,955435.9,44502.63,52863.83
Scenario 2,1301,5,Market Euphoria,101,TRADING,158790.2,325452,179968.5,308587.6,882960.9,681555.1,187483,519266.6,859798.2,1035912,467781.5,379714.4,2984799,45925.17,478184.5,39566.76,307396.8,475432.4,1100994,38155.95,88951.93,488802,332204.9,381230.5,113575.2,156293.7,158962.6,200507.8,89225.18,188659.7,130710.8,141720.5,174105.5,97957.81,169474.1,131693.6,118952.9,1468089,17915.92,21147.91,123273.5,279038.6,148.48,1451570,3470279,37716.78,659749.8,954741.9,44412.6,52864.7
Scenario 2,1302,5,Market Euphoria,102,TRADING,158639.7,326597.8,180186.1,308590.6,885171.6,683452.4,187788.6,518681.7,862015.9,1037817,469282.5,380677.8,2985350,45908.69,477877.9,39607.51,307477.4,475502.9,1098492,38052.46,88653.98,489148.6,332951.8,382235.6,113845.6,156107.8,158916.8,200702.3,89005.53,188323,130955.4,141721,174132.1,98078.96,169170.1,131722.8,118948,1463830,17924.74,21192.21,123281.3,279688.3,148.15,1453767,3461301,37712.46,660661.5,953022,44306.85,52833.6
Scenario 2,1303,5,Market Euphoria,103,TRADING,158417.1,327466.4,180400.8,308614.8,886916.8,685280.7,188241.2,518021,863656.2,1038095,470780.4,381195.1,2985101,45833.09,476948,39694.8,308475.1,475343,1096143,37959,88390.77,489343.2,333593.7,382415.1,114094.9,156015.7,158893.7,200854.8,88802.42,188442.2,131251.3,141695.6,174109,98357.23,168761.3,131756.4,119018.6,1461953,17923.93,21237.22,123278,280599,148.11,1456261,3453386,37718.45,661027.3,951657.9,44171.65,52849.33
Scenario 2,1304,5,Market Euphoria,104,TRADING,158283.3,328457.6,180635.2,308632.2,889109.9,687667.6,188643.1,517209,865254.3,1038183,471856.2,382287.4,2984021,45845.47,477071,39785.83,309185.1,475128.6,1094172,37837.5,88116.12,489420.6,334815.2,383417.8,114324.6,155543.1,158896.9,200884.1,88632.91,188205.3,131452.6,141678.2,174176.5,98625.9,168570.8,131738.4,119000.7,1459206,17924.39,21261.48,123262,281370.6,147.94,1459023,3446735,37717.06,660894.1,950372.3,44075.59,52869.82
Scenario 2,1305,5,Market Euphoria,105,TRADING,158012.5,329381.5,180941.6,308708.1,891531.3,689707.4,189188.1,516725.3,866704.5,1038944,472945,383046.2,2984223,45787.63,476089,39858.4,309870,474447.9,1091775,37742.88,87843.16,489481.3,335045.9,384181.5,114462.9,155376.8,158921.2,201097.4,88469.35,188266.3,131685.1,141629.4,174163.2,98971.15,168186.4,131717.2,118985,1455659,17929.05,21267.6,123264.9,282321.4,147.51,1460439,3437546,37721.06,661441.4,948686.6,43943.18,52876.05
Scenario 2,1306,5,Market Euphoria,106,TRADING,157897.5,330339.6,181163.2,308643.4,893613,691923,189477.2,516210.5,868756.7,1039331,473542.7,383966,2982894,45685.63,475499.1,39901.82,310673.2,474973.3,1088769,37607.13,87576.38,489709.3,335714.9,384807.3,114722.4,155150.2,158927.2,201336.1,88285.86,187958.5,131929.7,141620.7,174130.3,99247.95,167842.9,131719,118991.6,1451356,17926.39,21301.29,123272,283034,147.15,1461764,3429776,37741.73,662848.7,947369.7,43851.77,52850.49
Scenario 2,1307,5,Market Euphoria,107,TRADING,157531.3,331323,181536,308710.5,896767.5,694259.1,189811.1,515039.3,870541,1039703,475205.6,384508.7,2981727,45601.38,474246.3,39965.82,311636.6,474297.2,1086228,37533.93,87293.95,489612.8,336631.9,384656.1,114920,154842.5,158952.2,201567.1,88131.77,187668.8,132183.2,141600.7,174089.4,99409.83,167742,131699.4,119057,1449705,17927.92,21343.56,123256.9,283780.2,147.12,1464325,3422260,37749.25,662950.4,946164.3,43703.59,52867.99
Scenario 2,1308,5,Market Euphoria,108,TRADING,157418,332122.3,181872.1,308804.8,898765.8,696667.2,189997.3,514913.2,872472.7,1040840,476295.6,385322.1,2982111,45515.22,473873.1,40047.47,311970.8,474382.4,1083716,37441.87,87068.74,489972.4,336906.4,384859.3,115184,154527.5,159035.4,201698.5,87907.1,187490.7,132391.1,141583.5,174121,99558.06,167808.6,131723.6,119056.6,1446002,17934.88,21370.66,123253.7,284523.5,146.8,1466357,3415663,37771.29,663588.9,944048.2,43610.34,52864.62
Scenario 2,1309,5,Market Euphoria,109,TRADING,157354.3,333113.6,182167.1,308668.1,900576.9,698229.2,190566.1,514086,874125.1,1042178,477053.2,386253.3,2981239,45420.25,473198.4,40125.05,312747.4,474143.6,1081081,37363.49,86794.65,489885.7,337747,385425.7,115361.3,154371.1,159074.2,202184.2,87736.46,187355.6,132470,141573.4,174061.8,99771.54,167578.9,131743.5,119010.5,1441482,17950.82,21395.44,123239.6,285258.7,146.56,1468834,3408881,37796.96,664672.4,942338,43475.1,52868.19
Scenario 2,1310,5,Market Euphoria,110,TRADING,157200.6,334031.4,182503.3,308749,902197.5,700394.8,191076.8,513381.5,875722.3,1042880,478219.8,386831.8,2981517,45342.08,472032,40212.76,313428.7,474353,1078663,37270.9,86519.03,490171.7,338781.6,385986.9,115562.7,154267.3,159132.4,202449.4,87462,187106.8,132797.5,141565.4,173958.2,99844.6,167308.7,131779,119000.5,1437654,17950.31,21418.07,123274.3,285991.4,146.2,1471074,3401049,37788.17,665500.9,939713.7,43354.92,52880.17
Scenario 2,1311,5,Market Euphoria,111,TRADING,157036,334883,182743.8,308747.2,904600.8,702233.2,191487.5,512758.6,877708.2,1043742,479546.5,387103.5,2982048,45275.63,470784.2,40272.39,314059.2,473907.1,1075955,37176.08,86246.09,490276.6,339593.4,386588.1,115756.8,154067.8,159158.8,202981.3,87307.49,186879.4,133062.5,141547.2,173924.9,100080,166965.1,131777,118977.9,1433987,17956.1,21462.24,123251.7,286658.7,145.99,1473010,3393942,37775.12,665851,938815.4,43226.72,52874.3
Scenario 2,1312,5,Market Euphoria,112,TRADING,156951.2,335826.9,183020.8,308801.1,906480.1,703940.7,191875.2,511960,879269.7,1045373,479847.5,387652.3,2980706,45190.94,469894.1,40409.56,314583.5,473798.4,1073710,37033.42,85956.15,490146.3,340487.4,386816.8,115996.2,153738.1,159148.8,203236.4,87194.14,186194.4,133325,141566.9,173898.3,100405.3,166574.9,131765.1,119022.6,1429113,17966,21488.85,123264,287500,145.8,1475384,3387724,37751.63,666168.6,936359.8,43111.37,52873.29
Scenario 2,1313,5,Market Euphoria,113,TRADING,156674.2,336770.4,183395.3,308837.1,908595.8,706128.1,192234.3,511230.3,880900.5,1046027,480497.4,388289.2,2979538,45162.02,469043.9,40466.59,315524.1,473841.5,1070703,36912.59,85718.4,490565.6,341150,387203.8,116149.3,153418.4,159233.9,203604,87054.21,185913.9,133490.2,141606.4,173898.8,100607.4,166028.9,131788.6,118999.4,1427150,17963.71,21513.96,123277.7,288397.8,145.66,1476214,3380591,37735.07,666178.9,933764.1,43012.52,52901.6
Scenario 2,1314,5,Market Euphoria,114,TRADING,156464.2,337749.7,183475.8,308778.8,910319.5,707997.1,192392.9,509810.6,882585.9,1045264,481836.4,388866.8,2981768,45152.22,468997.2,40582.58,316109,473952.1,1067834,36845.79,85412.9,490845,342261.4,387497.8,116397,153173.8,159205,203851.8,86895.09,185580.7,133580.4,141579.3,173878.1,100827.2,165688.6,131812.2,118957.6,1424079,17956.11,21535.18,123276.3,289160.6,145.28,1478118,3373143,37773.26,667112.7,931508.6,42947.43,52883.5
Scenario 2,1315,5,Market Euphoria,115,TRADING,156126.1,338641.8,183813,308830.2,912080.9,710369.5,192644.4,508931.8,884634.3,1046598,483183.4,389795.8,2980855,45086.82,468387.4,40641.56,316611.1,473102.6,1065205,36758.85,85179.75,491015.9,343164.6,387593.5,116572.4,152944.9,159190.5,203971.9,86738.15,184941.8,133898.4,141594.3,173844.9,101219.2,165265.1,131822.7,119005.6,1420741,17953.74,21554.91,123270.6,289909.4,144.9,1479898,3366004,37771.88,668382.6,930649,42894.63,52905.27
Scenario 2,1316,5,Market Euphoria,116,TRADING,155941.8,339711.6,183940.2,308897.9,913124.3,712587.4,192891.8,508170,885995.1,1046526,484216.7,389926.5,2981282,45013.36,467628.2,40710.21,317366.9,473368.2,1062764,36679.11,84887.45,491059.9,343787.7,387595.5,116816.5,152710.7,159198.7,204192.7,86556.04,184597.1,134134.4,141635.5,173825.9,101470,165072.1,131807,118983.7,1418374,17959.95,21572.33,123265.7,290515.6,144.6,1481526,3358719,37791.48,669211.8,929607.9,42805.1,52907.23
Scenario 2,1317,5,Market Euphoria,117,TRADING,155714.9,340612.5,184131.3,308709.9,914431.4,714489.9,193070,507451,887779.3,1047106,485292.1,389926.5,2981671,44943.01,467561.2,40798.78,318206.5,473272.4,1060200,36587.36,84627.04,491500.5,344397.9,387545.5,116987.6,152396.8,159200.1,204170.1,86415.74,184353.7,134313.2,141603,173873.1,101518,165037.7,131836.7,118996.4,1414513,17955.32,21618.05,123255.9,291110.1,144.46,1483846,3351801,37788.18,670271.8,928645,42685.36,52910.4
Scenario 2,1318,5,Market Euphoria,118,TRADING,155480.2,341544,184386.7,308834.7,916960.1,716749.5,193519.7,506982.6,889515.6,1048694,486462,389926.5,2980596,44850.72,466627,40884.14,318876.1,473517.7,1057701,36512.88,84355.98,491794.5,344976.8,388001.3,117271.7,152240.1,159246.1,204304.4,86205.81,184142.3,134544.4,141587.6,173785.9,101612.1,164826.1,131815.2,118937.6,1411360,17954.36,21641.04,123247.3,291770.9,144.32,1486632,3344940,37795.23,670616.7,927153.2,42619.13,52889.42
Scenario 2,1319,5,Market Euphoria,119,TRADING,155265.5,342459.8,184624.7,308849.2,917990.2,719629.5,193664.1,506322.5,891298.2,1049217,487308.5,389926.5,2981327,44792.92,465360.6,40970.96,319203.4,472941.1,1055354,36416.65,84082.48,491921.6,346178.2,388701,117555.7,151910.9,159182.7,204798.9,86007.56,184029.2,134769.9,141562.7,173854.1,101753.2,164755.8,131786.4,119018.6,1410159,17942.39,21671.13,123219.8,292542.9,144.04,1488448,3336503,37820.8,671428.8,925256.6,42530.02,52886.79
Scenario 2,1320,5,Market Euphoria,120,TRADING,155160.4,343481.2,184958.7,308762.2,918592.8,722030.9,194013.8,505495.3,892822.8,1050210,488618.4,389532,2981185,44725.09,464939.7,41085.76,319544.7,472501,1053203,36319.57,83782.69,492127.2,346858.9,389079.3,117683.8,151747.7,159222.8,205069.9,85860.87,183593.1,135016.8,141605.9,173830.4,102022.7,164741.8,131776.6,119005.9,1407216,17947.1,21677.9,123213.6,293201.4,143.83,1490780,3328646,37809.6,672765.1,926014.1,42482.7,52908.06
Scenario 2,1321,5,Market Euphoria,121,TRADING,154846.4,344483.9,185259.9,308785.1,920398.9,723604.8,194117.5,504884.9,894616.6,1051402,489760.1,388933.8,2979361,44637.89,463983.3,41148.25,320399.4,471299,1050499,36206,83550.19,491985.5,347713.3,389755.2,117888.6,151516.6,159184.5,205301.7,85621.52,183384.8,135046.2,141597.9,173782.4,102246.8,164613.5,131781.6,119090.5,1404381,17953.26,21712.68,123223.4,294023.2,143.8,1492634,3320104,37819.54,673842.9,925560.8,42358.28,52910.4
Scenario 2,1322,5,Market Euphoria,122,TRADING,154592.7,345511.4,185634.5,308757.1,922382.2,726199.6,194684.1,504247.8,896442.8,1052546,490472.3,387943.5,2977856,44587.01,463627.5,41246.26,320785.5,471654.6,1047741,36104.5,83293.11,492464.2,348212.4,390267.3,118068.5,151218.2,159214.2,205585.9,85404.67,183024,135183.7,141656.8,173663.7,102557.6,164288.9,131808.9,119077.5,1402268,17954.41,21732.08,123270,294605.5,143.73,1495258,3311960,37845.59,674663.9,923819,42256.56,52897.59
Scenario 2,1323,5,Market Euphoria,123,TRADING,154485.5,346453.9,185958.9,308733.7,923899.1,728727.4,194956.8,503697.5,898400,1054009,491564,387564,2979268,44416.71,463051.1,41309.21,321777.2,471661.1,1045648,36033.91,83051.51,492924.7,348950.2,390870.8,118222.8,150983.6,159180.1,205994,85235.64,182574.3,135497.2,141669.6,173658.6,102782.6,164085.3,131762.1,119024.3,1398644,17947.09,21744.19,123252.2,295319.3,143.61,1496623,3305271,37828.85,675552.8,922810.4,42141.49,52905.35
Scenario 2,1324,5,Market Euphoria,124,TRADING,154303.5,347583,186177.3,308703.8,926144.1,731037.4,195310.8,503139.7,899765.4,1054220,493151.3,387296.7,2978386,44300.48,461845.8,41372.99,322597.2,471066.5,1043124,35934.77,82795.12,493013,350030.1,391759.7,118415.4,150656.9,159287.7,206211.8,85042.51,181930,135743.7,141632.4,173693,103091.1,163696.8,131756.2,119028.9,1397958,17949.42,21783.8,123251.6,296058.4,143.51,1498851,3299024,37810.41,675084.7,921725.9,42032.07,52907.57
Scenario 2,1325,5,Market Euphoria,125,TRADING,154079.7,348383.3,186424.9,308767.7,929042.2,732714.1,195663.1,502559.5,899979.5,1054980,494192.4,387341.3,2979180,44271.11,460614.5,41544.63,323251.3,470993.9,1040370,35857.33,82550.42,493223.5,350945.5,392663.8,118652.4,150422.3,159232.1,206526.2,84862.52,181602.2,135973.9,141532.5,173705.8,103205.9,163413.3,131730.5,119038.1,1394455,17945.3,21830.1,123276.6,296864.9,143.15,1499942,3289533,37825.06,675543.1,918453.9,41894.86,52902.5
Scenario 2,1326,5,Market Euphoria,126,TRADING,153845.3,349374.9,186558.1,308815.9,931004.2,735056,195938.3,502369.4,899979.5,1055365,494987.2,387006.8,2978786,44214.29,459865.7,41623.85,323842.8,470259.1,1037968,35729.65,82243.15,493242.1,351112.7,393115.7,118978.2,150177.4,159230.2,207043.8,84667.03,181455.2,136283,141476.9,173737.5,103452.8,163529.6,131745,119015.4,1392830,17951.81,21832.11,123261.5,297664.8,142.9,1501804,3282829,37830.29,675571.5,917268.7,41786.51,52920.13
Scenario 2,1327,5,Market Euphoria,127,TRADING,153667.6,350308.6,186783.3,308919.7,933112,736595.2,196188.1,501653,899541.3,1056282,495923.5,386529.4,2979142,44115.63,459211.5,41712.08,324389.3,469908.8,1035699,35630.56,81919.97,493767.5,351339.3,393627.9,118898.1,149883.3,159171,207472.4,84497.65,181161.3,136457.5,141454.1,173799.5,103594.9,163379.1,131727.6,119014.8,1388957,17944.47,21850,123245.3,298336,142.6,1504235,3274379,37838.99,675481.9,916979.1,41707.03,52925.09
Scenario 2,1328,5,Market Euphoria,128,TRADING,153517,351354,186961.5,308904.4,934922.1,738387.3,196747,500714.7,898088,1056317,497630.3,385995.7,2979391,44015.49,457799.4,41815.61,325177.1,470400.4,1033109,35532.16,81523.96,493733.2,351956.4,394574.5,118752,149658.8,159139.3,207615.8,84290.76,180647.3,136655,141418.6,173801.9,103808.7,163279.4,131734.4,119040.6,1385186,17954.08,21882.87,123232.5,299089.4,142.32,1506849,3265674,37835.26,676272.4,913823.8,41650.53,52907.84
Scenario 2,1329,5,Market Euphoria,129,TRADING,153372.5,352242.6,187243.4,308927.2,937044.4,740424.8,197058.8,500325.4,897027,1057325,498856.5,385367,2977492,43992.79,456938.2,41941.72,325714.8,470163.2,1030070,35435.12,81867.83,494132.4,352840.3,394343.8,118652.7,149406.2,159194.3,207830.3,84116.85,180357.2,136744.3,141451.5,173751.1,103893.6,162859.2,131714.1,119033.2,1382540,17955.52,21923.93,123217.6,299619.8,142.19,1508942,3258873,37848.07,676498,912387.4,41567.33,52905.03
Scenario 2,1330,5,Market Euphoria,130,TRADING,153190.5,353129,187548.4,309018.9,939461.7,742458.5,197490.3,499456,896405.1,1058123,499718.3,384875.8,2977397,43871.94,456235.8,42006.19,326506.9,469705.1,1028098,35320.9,81995.69,494379.5,353821.9,395213.8,118488.4,149094.4,159186.3,208150.2,83907.35,180124.3,137054.7,141399.8,173741.5,104222.4,162826.7,131722.5,119062.8,1379678,17953.16,21937.14,123225.9,300505.9,142.01,1511060,3250317,37822.81,676846,911366.9,41491.97,52881.97
Scenario 2,1331,5,Market Euphoria,131,TRADING,153133.7,353977.3,187893.8,309027.4,942747.9,744751.8,198033.6,498505.1,895212.8,1059120,500655.3,384204.7,2978529,43742,455622.2,42038.44,327309.3,468907.3,1025425,35208.64,82191.48,494336.3,354562.6,395159.6,118381.7,148788.5,159234.6,208581,83769,179725.7,137178.3,141414.5,173744.2,104405,162391.7,131729.5,119050.1,1375680,17958.05,21957.77,123236.8,301235.2,141.86,1513067,3243836,37836.88,678155.9,910363.7,41370.61,52900.82
Scenario 2,1332,5,Market Euphoria,132,TRADING,152946.1,355150.2,188155.8,309077.5,945095.6,747506.4,198544.8,497503.1,894173.9,1059653,500867,383913.9,2979110,43647.19,454613.7,42061.16,327799.6,468652,1022943,35086.18,82324.19,494543.2,355554.4,395478,118204.2,148557.9,159205.3,208694.7,83586.67,179640.3,137380.8,141372.8,173774.5,104557.2,162335.1,131749.9,119042.7,1372583,17954.85,22002.88,123291.8,301993.5,141.65,1514586,3236383,37846.19,679613.2,908225.9,41241.07,52896.93
Scenario 2,1333,5,Market Euphoria,133,TRADING,152706.8,356077.8,188464.1,308846,947668.4,749589.4,198840.8,497024.4,892734.6,1059100,501925.8,383216.4,2979146,43519.05,454152.6,42169.66,328363.4,468110.8,1019667,34982.84,82518.53,494815,356468.5,396119,118068.4,148380.6,159226.7,209014.8,83417.17,179083.7,137596.3,141325,173852.1,104502.7,161899.1,131769.2,119063.4,1370292,17958.48,22036.22,123259,302734.2,141.36,1516538,3227762,37880.87,680314.4,907209,41166.07,52906.37
Scenario 2,1334,5,Market Euphoria,134,TRADING,152420.1,356882.8,188665.4,308907.9,949840.9,751489.9,199013.6,496103.6,891430.3,1060972,502655.5,382581.3,2979198,43387.62,453572.8,42245.93,328880.2,467683.6,1017350,34926.09,82629.4,495526.4,356853.5,396679,117924.1,148088.2,159260.9,209278.4,83230.84,178830.7,137889.3,141361.4,173901.2,104712.5,161662.5,131754.4,119089.6,1367255,17960.82,22077.94,123219.2,303557.3,141.01,1518400,3220419,37889.9,681258.7,904644.8,41069.44,52892
Scenario 2,1335,5,Market Euphoria,135,TRADING,152303.1,357865.8,188944.1,308855.9,950652.7,754077.7,199504.1,495437.7,890081,1061477,504385.2,381606.9,2980462,43353.13,452480.6,42296.56,329397.1,468008.7,1014642,34809.32,82757.46,495814.2,357414,397321.6,117823.4,147698.4,159278.4,209453.5,83060.65,178368.7,138175.3,141364.9,173902.7,104807.5,161406.7,131772.7,119073.3,1363191,17958.23,22104.7,123190.4,304168.5,140.66,1521413,3212588,37899.13,681260.4,902606.4,40979.35,52888.69
Scenario 2,1336,5,Market Euphoria,136,TRADING,152216.1,358802.6,189241.4,309088.7,952210.1,756541.2,199816.9,494846.2,888998.9,1062357,506071.5,381219.2,2982397,43282.93,452072.6,42369.98,330430.4,467783.3,1012420,34746.85,82885.44,496113.9,357608.7,398325.3,117647.5,147488.1,159269.4,209495.9,82900.47,177863.1,138545.6,141359,173843.5,104992,160884.1,131774.8,119116.8,1359547,17957.96,22141.31,123179.7,304849.4,140.48,1523190,3204617,37895.12,682113.2,900438.9,40945.22,52890.68
Scenario 2,1337,5,Market Euphoria,137,TRADING,151958.2,359813.8,189525.5,309146.1,953102.3,759444,200069.9,494012.5,887415.4,1062519,507124.3,380670.4,2982238,43208.42,451690.2,42519.5,331026.2,467604.8,1009785,34619.61,83068.55,496492.8,358177.4,398759.8,117530.6,147149.7,159313.8,209882.8,82746.39,177621.7,138780.5,141367.5,173874.4,105106.4,160769.5,131787.7,119151.8,1357714,17962.43,22160.1,123176.1,305454.3,140.26,1525153,3196749,37888.17,682376.4,900527.9,40840.52,52899.17
Scenario 2,1338,5,Market Euphoria,138,TRADING,151688.5,360742.1,189814.5,309165.4,954989,761451.4,200475.4,493394.3,886539.2,1063746,507743.4,380064.3,2981574,43183.69,450477.1,42560.21,331174.9,467441,1007013,34517.64,83199.02,496449.5,358729.3,399254.7,117414.7,146926.3,159322.7,210163.5,82575.07,177316.5,139237.4,141355,173901.7,105434.5,160736.5,131744.1,119110.7,1353887,17968.69,22171.65,123179.8,306018.8,140.1,1526268,3189737,37895.43,683152.7,898136.9,40804.2,52906.15
Scenario 2,1339,5,Market Euphoria,139,TRADING,151333.8,361661.3,190015.8,309173.7,956370,763679.6,200736,492696.9,885275.8,1063962,509006.7,379615.9,2981294,43088.04,449584.2,42635.63,331921.7,468029.1,1003899,34429.13,83317.73,496550.7,359210,399769.6,117282.1,146671.5,159345,210326.3,82413.1,177102.5,139397.3,141332.4,173935.7,105636.1,160661.6,131768.8,119112.4,1350270,17964.05,22213.85,123203.7,306720.1,139.8,1527921,3181566,37875.89,683590.1,897914.6,40721.71,52921.1
Scenario 2,1340,5,Market Euphoria,140,TRADING,151141.3,362626.8,190395.3,309297.5,958975.1,765527.1,201231.8,491583.1,884147.4,1064626,509514.4,379240.2,2981183,43092.39,449591.2,42722.64,332562,468106.6,1001290,34317.94,83433.86,496850.6,359712.6,399987.6,117105.7,146321.7,159341.5,210527,82265.99,176709.1,139851,141325.8,173963,105707.7,160183.7,131823.9,119096.1,1345629,17974.75,22250.9,123187.3,307474.7,139.58,1529952,3172907,37888.07,684774.2,896168.1,40636.34,52927.23
Scenario 2,1341,5,Market Euphoria,141,TRADING,151012.8,363714.7,190699.6,309337.6,962669.7,767514.5,201621.6,490974.6,883318.1,1065425,510520.8,378585.2,2982792,43011.6,448838.9,42808.93,332777.5,468166.5,998900.1,34234.81,83557.69,497253.9,360565.7,399890.5,116959.7,146105.7,159376.2,210994.6,82119.06,176233.4,140013.3,141393.1,173953.7,106046.4,160037.7,131845,119063,1343142,17977.1,22277.29,123211.9,308195.2,139.28,1532498,3163745,37887.71,685052.1,894587.3,40576.68,52900.86
Scenario 2,1342,5,Market Euphoria,142,TRADING,150873.2,364699.6,190936.5,309305.2,965563.9,769379.6,202043.6,490154,881910.8,1066320,511291.6,378168.3,2982134,42918.26,448805.5,42856.64,333145,468123.5,995791.6,34134.61,83696.56,497455.2,361930.9,400174.7,116847.4,145788.9,159402.9,211368.9,81912.31,175743.3,140440.4,141370.3,173938.9,106346.3,159701.7,131832.9,119090,1340357,17978.63,22313.57,123221.3,308791.5,139.01,1533879,3156308,37901.27,685562.7,892997.4,40458.44,52905.34
Scenario 2,1343,5,Market Euphoria,143,TRADING,150576.6,365760.3,191263.5,309434.5,968064.3,771756.7,202517.4,489170.3,881121.3,1065892,511988.9,377763.6,2983266,42851.19,447595.8,43004.81,333474.8,467671.8,993294,34044.83,83816.47,497669.5,362154.5,400574.8,116721.1,145596.3,159406.5,211169.8,81831.89,175375.9,140638.2,141378.4,173977.5,106467.3,159553.3,131851.4,119106.3,1336503,17987.42,22322.84,123194.9,309559,138.86,1536281,3147295,37918.12,685524.2,890770.6,40381.48,52903.1
Scenario 2,1344,5,Market Euphoria,144,TRADING,150394.1,366995.1,191554.7,309380.4,969906.7,774181.4,202883.4,488025.7,879970.9,1066868,513218.4,377227.1,2983729,42773.47,446637.8,43068.62,334272.5,467340,991116.9,33942.76,83949.44,497901.3,362573.9,400947.7,116570.8,145288.9,159460.6,211412.1,81641.45,175056.3,140926.4,141334.7,173974.9,106582.2,159412.7,131826.7,119114.9,1332821,17989.92,22335.76,123211.2,309973.8,138.64,1538463,3139983,37918.3,685916.6,889503.2,40277.18,52902.19
Scenario 2,1345,5,Market Euphoria,145,TRADING,150206.2,368077.7,191777.2,309356.8,972700.8,777302.8,203266,487241.7,879070.6,1067857,514548.8,376804,2984180,42701.29,446257,43092.18,334556.7,466424,988859.3,33845.08,84126.47,497947.4,363220.1,401639.3,116408.5,144981.5,159506.5,211370.5,81411.46,174698.7,141174.9,141337.9,173865.5,106776.5,159088.5,131808.8,119162.9,1330974,18000.67,22380.53,123189.4,310940.3,138.37,1540656,3132990,37922.26,685620.2,887738.8,40183.33,52934.6
Scenario 2,1346,5,Market Euphoria,146,TRADING,150098,368884.8,192101.8,309453.7,975029,779338,203735.9,487284.3,878158.1,1068571,515468.7,376183.5,2984273,42628.74,445276.7,43171.01,335351.5,465278,986533.9,33937.99,84251.98,498262.2,363457.5,402280.3,116287.2,144694.2,159451.2,211570,81238.54,174649.8,141336.8,141377.7,173835.7,106935.8,158982,131789,119124.1,1329428,18010.05,22431.03,123167.3,311756.1,138,1543136,3125669,37933.6,686890.4,887317.7,40053.63,52935.79
Scenario 2,1347,5,Market Euphoria,147,TRADING,150151.2,369853.9,192458.4,309602.9,977877.2,781221.3,204157.6,487453.4,877240.4,1066419,516170.8,375622.5,2985292,42597.33,444083.8,43228.8,335698.4,466342.6,983922.7,33994.8,84394.05,497665.7,364312.8,402501.6,116153.3,144471.3,159474.1,211440.7,81090.93,174523.1,141758.6,141436.4,173785.4,107115.3,158612.5,131827.1,119078.9,1327176,18004.14,22466.28,123128.5,312486.5,137.93,1544140,3117284,37929.07,685640.7,884857.4,40028.75,52930.67
Scenario 2,1348,5,Market Euphoria,148,TRADING,150159.4,370537.3,192845.8,309524.2,980172.4,783066.5,204620.3,487718.3,876178.8,1064712,516763.8,374770.4,2985895,42506.05,442948.2,43335.94,336548.3,466681.1,981206.7,34073.22,84520.21,496567.8,365412.3,403110.6,115979.9,144188.9,159419.4,211083.7,80890.57,174165,142054.8,141404.7,173775.5,107454.5,158622.8,131836.3,119043.5,1323161,18000.95,22500.63,123128.5,313183.8,137.78,1546257,3108914,37920.5,684266.9,883384.5,40037.88,52914.89
Scenario 2,1349,5,Market Euphoria,149,TRADING,150273.2,371524.5,193178.2,309449,982101.8,784331.6,204960.2,488209.7,875321.7,1062578,517963.2,374102.4,2986703,42393.94,441553,43396.74,336763.1,466661,978068.7,34124.3,84651.43,495699.9,365938.1,403486.7,115829.3,144065,159387.6,210854,80711.45,173820.7,142315,141380.3,173755.7,107768.5,158387.8,131859.8,119007.9,1319442,18000.78,22537.06,123081.9,313600.2,137.51,1548062,3101129,37916.13,683101.1,882481.2,40044.07,52904.44
Scenario 2,1350,5,Market Euphoria,150,TRADING,150466.9,372480.6,193508.7,309496.9,984929.1,786832.8,205070.3,488562.3,874657.7,1062258,518390,373842.4,2985923,42351.81,441233.5,43483.37,337196.9,467151.2,975784.6,34197.57,84882.8,495027.3,366617.7,404089.5,115596.5,143842.1,159343.5,210283.7,80556.21,173447.5,142485.2,141340,173728.9,107954.2,158144.3,131886.2,119027.2,1315283,17995.58,22568.28,123082.6,314277.2,137.26,1550985,3093905,37925.8,682218,880439.2,40121.46,52886.4
Scenario 2,1351,5,Market Euphoria,151,TRADING,150466.9,372480.6,193508.7,309496.9,984929.1,786832.8,205070.3,488562.3,874657.7,1062258,518390,373842.4,2985923,42351.81,441233.5,43483.37,337196.9,467151.2,975784.6,34197.57,84882.8,495027.3,366617.7,404089.5,115596.5,143842.1,159343.5,210283.7,80556.21,173447.5,142485.2,141340,173728.9,107954.2,158144.3,131886.2,119027.2,1315283,17995.58,22568.28,123082.6,314277.2,137.26,1550985,3093905,37925.8,682218,880439.2,40121.46,52886.4
Scenario 2,1352,5,Market Euphoria,152,TRADING,150539.5,373386.7,193814.2,309467,986758.1,789037.8,205505.1,488774.6,873547.7,1061303,519575.1,373427.5,2987453,42234.35,440734.1,43565.73,337956.4,467254.5,973014.6,34293.51,85053.18,494329,366910,404621,115493.8,143506.2,159340,210157.6,80337.32,173162.5,142882.8,141368.8,173707.5,108215.1,157758.9,131885.4,119003.7,1313171,18001.49,22592.47,123068.7,315231.4,136.9894,1552811,3085368,37922.68,680532.4,878248.3,40130.81,52872.8
Scenario 2,1353,5,Market Euphoria,153,TRADING,150803.1,374146.8,193942.9,309426.5,989011.7,790584.8,205813.7,489444.6,872232.7,1059744,520252.6,373039.5,2987057,42225.28,440198.6,43684.22,338134.5,468069.8,970823,34387.95,85228.02,493468.7,367147.7,404597,115328.5,143301.7,159370.1,209718.3,80174.91,172615.9,143202.6,141448.9,173722.3,108357.9,157535.8,131893,119040.1,1309755,17995.32,22626.26,123064.6,316008.5,136.7589,1554907,3076595,37923.44,679924.3,876605.5,40131.54,52919.91
Scenario 2,1354,5,Market Euphoria,154,TRADING,150792.3,375139.4,194203.9,309462.5,991109.8,792504.1,205963.9,489716.8,871175.2,1059072,520788.7,372815.8,2987542,42145.53,439126.5,43848.4,338467.5,468432.8,968145.8,34459.83,85393.98,492339.1,367561.4,404522.2,115268.2,142983.4,159377.4,209468.7,80001.4,172578.2,143425.8,141498.1,173799.5,108589.3,157293.2,131908,118968,1306032,17997.71,22673.44,123065.1,316732.4,136.5384,1556939,3068515,37936.89,678537.3,874593.2,40111.23,52934.24
Scenario 2,1355,5,Market Euphoria,155,TRADING,150899.8,376268.5,194577.3,309439,992172.3,794631.3,206173.3,490235.4,870115,1057858,521992.8,372574.9,2985768,42025.04,438289.4,43937.33,338854.1,468921.7,965350.1,34504.62,85536.58,491624.4,368567,405097.7,115153.3,142667.5,159384.3,209265.3,79815.88,172710.9,143612.1,141570.8,173841.9,108682.5,156601.6,131897.6,119038.1,1303434,17989.54,22700.52,123069.5,317452.4,136.3179,1558635,3060571,37918.88,677006.2,875016.7,40104.25,52962.59
Scenario 2,1356,5,Market Euphoria,156,TRADING,151111.8,377113.3,194918.3,309461,994421.9,796539.6,206365.7,490709.3,869464.5,1056909,523395.6,372352.7,2987275,41935.25,437479,44036.4,339427.3,469337.9,962556.5,34607.11,85701.92,490765.2,369437,406054.1,115006.5,142566.4,159330.9,208941.8,79668.52,172441,143890,141606.8,173913.6,108615.4,156685.5,131893.5,119045.4,1302083,17983.65,22704.99,123066.8,318198.3,135.8969,1560917,3053068,37893.31,675968.1,875410.3,40117.62,52991.17
Scenario 2,1357,5,Market Euphoria,157,TRADING,151195.6,378191.5,195139.5,309365.6,996087.2,798859.7,206629.5,491219.6,868148.6,1056684,524385.4,371922.2,2986129,41901.44,436503.7,44211.04,340110.5,469277.9,959653.9,34725.33,85870.62,490220.7,369785.9,406660,114916.3,142342.5,159342.6,208291.8,79426.84,172118.5,144120.9,141642,173906.9,108741.1,156666.5,131933.5,119026.1,1298493,17994.06,22717.46,123069.9,319067.3,135.6464,1563342,3045239,37902.33,674722.8,875456.8,40140.26,52990.55
Scenario 2,1358,5,Market Euphoria,158,TRADING,151318.1,379197.6,195473.2,309433,998318,801834.3,207189.1,491580.7,866830.5,1055950,525082.3,371316.8,2986651,41821.88,435471.1,44206.27,340718,469676.6,955295.3,34804.77,86041.35,489706,370215.7,407360.1,114833.7,142047.7,159372,208118.5,79290.1,171716.3,144270.8,141624.6,173951.2,108865.3,156408,131949.1,119007.5,1296064,17998.11,22745.73,123071,319572.7,135.496,1564495,3036975,37886.62,673549.7,875162.6,40158.18,53017.12
Scenario 2,1359,5,Market Euphoria,159,TRADING,151398.2,379981.3,195794.9,309481.3,1000131,803464.6,207735.3,492165.6,865959.3,1055149,526604.7,370553.5,2989248,41846.08,434711.8,44227.2,341050.9,470678.1,959563.5,34860.84,86177.22,488807.9,369895.1,407992.6,114771.2,141735.7,159387.5,207842.1,79134.25,171563.3,144373.9,141632,174009.9,109184.6,156519,131943.8,119001,1292624,17996.28,22784.22,123077.3,320426,135.2655,1567550,3030234,37872.88,673094.9,873368.8,40167.94,53020.47
Scenario 2,1360,5,Market Euphoria,160,TRADING,151518.2,380928.6,196626.6,309491.8,1001592,806015.6,207921.1,492656.9,864713.3,1053849,527853.8,369961.2,2987279,41861.19,433691.6,44290.07,341512,471329.3,962552.6,34941.34,86312.02,487985.5,370679.9,408065.7,114662.5,141551.4,159368.9,207758.2,78977.53,171208.8,144553.8,141693.4,174082.2,109210.6,156241.2,131953.5,118990,1289264,17987.73,22833.46,123085.3,321014.2,135.025,1569779,3021796,37859.33,672278.4,872141.5,40207.44,53009.88
Scenario 2,1361,5,Market Euphoria,161,TRADING,151646.2,381936,196031,309397.9,1004694,808633.6,208274.3,493175.5,863173.6,1052978,529106.4,369512.8,2985631,41753.87,432997.7,44430.21,341917.9,471707,964814.4,35007.8,86446.61,487328.1,371544.7,408510.4,114484.9,141158.8,159323,207537.1,78848.67,170897.4,144625.6,141719.6,174054.9,109400,156254.6,131959.1,118953.9,1286861,17977.82,22887,123096.3,321750.4,134.6942,1571348,3014896,37871.98,672346.6,870765.5,40178.24,53007.09
Scenario 2,1362,5,Market Euphoria,162,TRADING,151773.3,382993.1,195901.8,309346.2,1005815,811214.1,208634,493729.1,862030.6,1051896,529627.5,369002.3,2984988,41671.6,432549.5,44507.86,343082.2,473005.3,967132.9,35085.09,86612.9,486743,371870.3,409093.5,114356.8,140959,159357.9,207155.6,78641.02,170649.9,144677.7,141711.7,174052.7,109531,155972.8,131937.2,118943.8,1285012,17959.81,22928.08,123116.4,322390.9,134.5038,1573960,3007942,37868.48,671503.9,869295.6,40143.95,52978.58
Scenario 2,1363,5,Market Euphoria,163,TRADING,151901.8,384080.1,195677.2,309325.4,1009701,813397,208895.2,493745.6,860362.1,1050598,530425.9,368528,2985387,41596.16,431450.8,44588.04,343852.1,474127.4,969587.5,35141.11,86743.47,486160.1,372797.9,409419,114162,140799.8,159300.8,207004.6,78471.93,170279.6,144857.1,141792.6,174097.5,109564.1,155765.8,131943.2,118973.9,1282100,17967.8,22967.69,123138.3,323084.8,134.4236,1575450,3000206,37859.27,670382.2,867088.2,40187.85,52969.39
Scenario 2,1364,5,Market Euphoria,164,TRADING,152048.4,385038.6,195421.2,309353.8,1011631,816094,209178.9,494335.1,859212.8,1048685,531229.4,368331.9,2983071,41595.84,430652.3,44647.44,344609.6,474538.8,972145.4,35242.46,86917.31,485909.8,373277.7,409458,114052.4,140553.8,159277.5,206352,78275.74,170160,145061.4,141726.1,174088.6,109687.3,155188,131970.3,118947.3,1279485,17967.67,23003.81,123151.5,323726.8,134.0628,1578189,2993953,37829.06,669585.5,866851.1,40156.47,52976.92
Scenario 2,1365,5,Market Euphoria,165,TRADING,152035.2,386000.4,195001.5,309402.1,1013234,818050.5,209475.1,494769.9,858159.1,1047398,531638.8,367866.6,2981779,41519.44,430224.9,44638.38,345316.5,474463.4,975084.3,35283.24,87069.92,485341.2,374173.1,409802.1,113933.3,140363.8,159295.8,205969.3,78117.24,170029.8,145220.7,141770.2,174102.7,109880.3,154792.2,131942.1,118982.8,1276020,17972.3,23044.08,123151.5,324441.7,133.9726,1580223,2989553,37795.92,668242,866242.3,40145.12,52964
Scenario 2,1366,5,Market Euphoria,166,TRADING,152203.7,386934.8,194718.2,309348.1,1015282,819494.8,209904.9,495033.2,857081,1045923,532644.3,367516,2980639,41413.08,429248.7,44751.26,345710.4,474842.8,977464.6,35345.15,87235.47,484453.7,374535.2,410469.4,113814.6,140113.2,159292.6,205619.6,77945.6,169615,145503.4,141770.9,174138.7,110144.3,154831.8,131925.8,118980.4,1272019,17967.64,23082.68,123136.5,324888.5,133.702,1582327,2989553,37800.17,667269.6,865897.4,40156.98,52961.19
Scenario 2,1367,5,Market Euphoria,167,TRADING,152444.3,387983,194498.1,309185.8,1016745,821129.7,210348.2,495923.3,855791.7,1044827,533634.5,366890.7,2978765,41330.98,428382.9,44892.74,346659.5,475949.7,979869.6,35409.96,87369.61,484011.7,375294.7,411157.4,113649,139946.7,159218.8,205089.2,77702.15,168737.7,145614.6,141825.8,174143.1,110188,154619.6,131917.2,119004.3,1269393,17950.79,23095.04,123164.3,325491,133.3512,1583440,2989553,37771.48,665756.7,864483.6,40206.61,52966.51
Scenario 2,1368,5,Market Euphoria,168,TRADING,152610.8,388990.7,194183.8,309075,1017383,823807.7,210447.8,496436.2,854656.9,1042963,535107.4,366622,2978304,41270.65,427300.8,45033.06,347261,476650.8,982433.5,35496.03,87574.41,483405.2,375925,411452.4,113507.7,139720.2,159266.2,204612.1,77533.68,168357.5,145993.9,141789.2,174171.2,110293.6,154357,131918.4,119007,1266346,17956.84,23115.6,123193.5,326173.1,133.1407,1586480,2993040,37773.49,664344.3,862377,40284.17,52982.45
Scenario 2,1369,5,Market Euphoria,169,TRADING,152865.8,389998.6,193943.8,309093.9,1019637,826444.4,210652.7,496613,853522,1043260,536486.3,365871.6,2979412,41240,426469.5,45137.57,347668.6,477177.8,984758.2,35562.85,87735.03,483017.5,376688.1,411921.4,113414.4,139482.2,159310.1,204523,77438.47,168084.9,146166.2,141853.6,174214.8,110332.2,154057.3,131903.1,119012.4,1262477,17948.97,23172.81,123217,326863.7,133.1407,1587850,3002341,37770.45,662200.9,860195.5,40353.25,52977.96
Scenario 2,1370,5,Market Euphoria,170,TRADING,152991.7,391108,193612.7,309193.8,1020848,828374.2,210906.1,497202,852383,1041092,538249.9,365453.3,2978108,41227.51,425480,45120.26,347896.8,477207.8,987788.5,35606.3,87877.43,482211.8,377238.6,412535.6,113324.3,139164.8,159316.7,204169.8,77258.3,167725.3,146240,141837.4,174195.9,110531.1,154007.4,131919,118975.9,1258966,17944.74,23196.91,123253.1,327456.6,133.0705,1590003,3009407,37751.76,660480.5,858087,40377.14,53005.67
Scenario 2,1371,5,Market Euphoria,171,TRADING,153259.8,392260.9,193355.9,309256.8,1022789,830585.2,211214.5,497533.7,851164.6,1039544,539737.7,364869,2977717,41144.64,425197.6,45203.49,348461.4,477745.8,990355.4,35679.1,88080.36,481532.1,377836,412903.5,113194.7,138889.1,159228.7,203946.4,77068.54,167433.8,146494.3,141831.5,174165.6,110696,154042.8,131908.7,118955.5,1256691,17948.95,23240.18,123270.2,328016.5,132.7999,1592011,3019282,37729.87,659761.1,856469.5,40393.48,53031.09
Scenario 2,1372,5,Market Euphoria,172,TRADING,153332.2,393315.2,193164.5,309391.7,1024094,832691.8,211513,498245.8,849747.5,1038486,541372.6,363897.3,2978173,41070.2,424548.1,45324.35,349125.6,477680.5,992425,35720.85,88273.3,480537.7,378262.6,413306.8,113046.4,138726.3,159197.2,203709.5,76868.91,167125.9,146463.2,141816.8,174202.1,110865.6,153527.7,131889.6,118948.5,1254041,17952.86,23268.91,123270.8,328947.1,132.4692,1594401,3027076,37724.94,658984,854761.4,40434.77,53050.38
Scenario 2,1373,5,Market Euphoria,173,TRADING,153398.6,394377.6,192893.5,309472.9,1025905,834940.4,212067.5,498433.4,848746.7,1036739,541835.8,363265.7,2977075,41033.03,423445.3,45379.24,350206.3,478348.3,995125.1,35804.38,88422.76,479959.1,378382.1,413712.5,112891.5,138392.4,159153.6,203467.3,76739.97,166666,146677.3,141890.8,174256.6,111102.1,153105,131908.9,118916.9,1251274,17937.05,23295.65,123294.9,329677.4,132.3389,1596455,3034673,37729.83,657561.5,854658.1,40435.81,53030.74
Scenario 2,1374,5,Market Euphoria,174,TRADING,153432.2,395536.7,192754.1,309515.9,1028450,837375,212298.1,498827.9,847376.9,1035473,542149.3,362983.5,2977679,40878.6,423481.6,45460.04,350981.1,478487.5,997658.2,35887.06,88592.66,478880.4,378762.3,414760.2,112741.9,138204.3,159127.4,202977.7,76593.69,166340.3,146972.3,141968.1,174281.5,111359.6,152948.8,131909.7,118942.3,1249011,17938.82,23338.09,123299.6,330439,132.1284,1598224,3043349,37737.51,656921,852494.7,40425.02,53045.16
Scenario 2,1375,5,Market Euphoria,175,TRADING,153595.8,396292.5,192511.5,309407.4,1031090,839312.5,212860.1,499127.2,846224.2,1034642,542969,362879.5,2979570,40883.38,422626.7,45606.78,351480.9,478635.2,1000469,35989.65,88772.1,478097.7,379181.2,414997.3,112655.3,137932.4,159073,202534.6,76480.86,166052.9,147059.7,141958.8,174337.6,111387.6,152620.3,131903.4,118953.4,1245923,17938.77,23361.87,123294.8,331083.9,131.8077,1600558,3049602,37749.03,656002.6,850903.7,40447.66,53067.49
Scenario 2,1376,5,Market Euphoria,176,TRADING,153725.9,397279.2,192276.9,309350.4,1033452,841536.5,213313,499382.6,845018,1033579,544351.8,361888.7,2977037,40819.91,421809.5,45674.66,352279.6,478541.2,1002943,36046.74,88939.15,476979,380173.9,415670.9,112513,137622.1,158973.2,202142,76320.78,165977.6,147178.2,142068.5,174401.9,111535.5,152579.7,131915,119027.5,1244550,17934.78,23413.54,123326.5,331848.3,131.6273,1602637,3056442,37737.23,654486.8,849126.6,40487.22,53083.65
Scenario 2,1377,5,Market Euphoria,177,TRADING,153863.8,398165.6,191979.7,309442.3,1035991,843131.7,213735.5,499734.6,843357.2,1032525,544739.4,361547.5,2975801,40754.26,421160.1,45686.1,352968.3,479299.1,1005217,36132.17,89073.55,476305.4,380391,416507,112421.9,137429,158954.8,201804.8,76161.61,165799,147263.1,142053.8,174513.7,111629.8,152295.8,131965,118995.6,1240834,17943.34,23455.3,123340.7,332517.7,131.4268,1604251,3065537,37733.22,654106.7,846527,40495.14,53095.35
Scenario 2,1378,5,Market Euphoria,178,TRADING,153960.8,399050.7,191709.3,309403.7,1036810,844709,213940.6,500106,842122.9,1032278,546410.8,361165.1,2975299,40624.08,420692.1,45711.68,353130.8,479450.3,1008184,36170.21,89181.29,475580.4,380675.5,416564.5,112300.3,137188.3,158901,201725.6,76080.95,165332,147498.6,142127.7,174456,111820.2,152147.9,131938.4,118983.8,1236919,17943.33,23454.57,123337.4,333294.8,131.3567,1606686,3073989,37736.05,652498.1,845456.5,40542.75,53087.75
Scenario 2,1379,5,Market Euphoria,179,TRADING,154144.7,399969.7,191498.5,309526.6,1039312,847432.8,214288.8,500498.6,840951,1031752,547110.6,360661.2,2973573,40580.09,419867.5,45725.28,353626.4,479815.7,1010798,36252.09,89341.03,474735.9,381630.4,417438.7,112195,136850.2,158850.8,201328.5,75930.26,165100.4,147678.6,142116.5,174471.2,112081.2,151842.4,131927.5,118957.7,1234677,17952.35,23481.04,123360.1,333875.8,131.1662,1608768,3080947,37740.33,650754.4,844909.7,40543.89,53053.56
Scenario 2,1380,5,Market Euphoria,180,TRADING,154245.5,400839.7,191214.8,309502.4,1040901,849536.8,214556,500592.4,839625.3,1029787,547905.8,360073.7,2974614,40512.45,418556.6,45839.24,354484,480769.4,1012670,36315.55,89479.38,474366.9,381967.5,418640.8,111985.8,136695.5,158869.5,200925.7,75739.99,164730.5,147978.7,142121.8,174515.6,112547.5,151589.6,131932,118971,1231950,17945.29,23522.1,123363.9,334810.3,131.1562,1610894,3090477,37737.58,650037.1,843791.1,40519.52,53077.91
Scenario 2,1381,5,Market Euphoria,181,TRADING,154359.8,401788.5,190902.2,309587.2,1042856,851637.2,214826.1,501228.1,838297.5,1030118,548504.5,359611.4,2973083,40436.09,417668.6,45919.45,354949.4,481784.5,1015540,36396.4,89620.85,473799.7,382536.4,419009.8,111916,136429.5,158785.2,200628.8,75648.96,164201.2,148187.3,142272.8,174561.9,112824.9,151320.1,131921.7,119013.4,1229282,17953.24,23542.99,123363.6,335546.2,131.0159,1612732,3099085,37721.24,648952.5,842269.1,40509.32,53078.24
Scenario 2,1382,5,Market Euphoria,182,TRADING,154527.2,402558.3,190673.1,309531.8,1044175,854380,215160.1,501371,837442,1028877,550072.4,359238.9,2973035,40339.33,416992,45965.64,355930.9,482298.9,1017782,36451.58,89830.61,473070.5,383352.6,420098.4,111836.5,136258,158754.4,200738.1,75466.82,163720.9,148344.2,142261.9,174644.1,113013.3,151131.2,131901.1,118958,1225430,17937.35,23572.74,123369.3,336242.7,130.6952,1612732,3107413,37694.75,646757.1,841137.9,40529.06,53094.32
Scenario 2,1383,5,Market Euphoria,183,TRADING,154538.2,403516.1,190269,309504.6,1045579,856035.1,215779.8,501616.7,836249.8,1026836,551101.2,358706.4,2973644,40330.31,416018,45989.02,357079,482890.3,1020456,36543.25,89973.76,472403.4,384200.5,420520.2,111748.6,136023.4,158769.8,200286,75291,163463.8,148291.9,142215.7,174643.5,113292.9,151134.8,131921.1,118912.8,1222976,17916.56,23586,123350,336753.3,130.635,1612732,3115966,37691.04,646266.5,841020.7,40526.73,53053.8
Scenario 2,1384,5,Market Euphoria,184,TRADING,154720.2,404591.5,190084.7,309441.7,1048540,858621,216235.9,501884.9,834862.1,1024961,551991.8,358186.1,2971287,40304.06,415047.8,46075.44,357253.8,483197.3,1022857,36594.35,90172.27,471918.5,384955.2,421225.7,111605.9,135705.9,158783.8,200112.9,75070.36,162955.7,148266.1,142250.6,174745.3,113437.5,150706.4,131987.4,118966.9,1220491,17923.53,23586,123378.9,337423,130.3544,1611009,3124210,37683.07,645751.5,839701.3,40469.91,53041.78
Scenario 2,1385,5,Market Euphoria,185,TRADING,155027.8,405589.9,189819.9,309538.2,1049424,861160.9,216616.1,502336.5,833753,1022625,553590.1,357417.1,2971878,40335.05,414709.9,46222.75,357561.1,483408.3,1025557,36653.82,90346.71,470754.3,385537.1,421618.9,111495.6,135417.6,158733.4,199563,74710.31,162243.8,148495,142226.9,174727.3,113760.6,150598.9,131997.7,118951.4,1217767,17922.09,23548.88,123390.2,338045.1,130.1439,1607654,3131280,37679.11,644109.5,838576,40478.8,53070.05
Scenario 2,1386,5,Market Euphoria,186,TRADING,155242.3,406400.2,189610.1,309453.8,1050382,863150,216989.4,503040.2,832694,1021544,554837.4,356771,2971114,40298.33,413952.6,46342.79,358886.4,483936.5,1028548,36748.04,90452.88,470188,386297.4,422342.6,111346.6,135136.3,158714,199278.6,75149.1,161987.6,148772.2,142215.5,174742.5,114100.2,150626.9,132018.3,118965.3,1216177,17913.59,23503.86,123409,338716.1,129.9435,1605705,3137354,37676.58,643555.3,836225.6,40510.84,53089.35
Scenario 2,1387,5,Market Euphoria,187,TRADING,155290.7,407277.7,189278.2,309443,1052816,865749,217108.3,503553,831563.6,1020002,555777.9,356145.8,2971719,40236.64,413052.5,46394.48,358919.5,484263.3,1031114,36823.68,90582.37,469194.5,386459.8,422960.8,111236.9,134973,158700,198901,75398.21,161872.3,148966,142206.2,174725.7,114159.5,150151.9,132008.2,118948.6,1212613,17912.16,23442.01,123429.6,339549.3,129.7731,1603932,3146327,37666.21,642782.9,834733.8,40495.76,53125.79
Scenario 2,1388,5,Market Euphoria,188,TRADING,155306.4,408200.6,188945.7,309511.8,1054611,868328.5,217651.4,503904.7,830346.7,1019097,557052.7,355786.8,2972180,40212.82,411798.4,46471.84,359141.9,484599.9,1033792,36881.72,90714.51,468473.4,386946.6,423462,111155.9,134699.3,158724.7,198595,75636,161562,149143.1,142134.6,174823,114304.2,150126.7,132035.1,118957.3,1208897,17916.2,23394.27,123451.9,340280.9,129.4925,1600913,3153840,37668.25,641784.1,833209.1,40453.13,53126.57
Scenario 2,1389,5,Market Euphoria,189,TRADING,155684,409093.8,188700.4,309563.2,1056016,871028.5,218260.9,504513.7,829374.6,1018371,558094.6,355544.1,2971795,40143.35,411224.5,46495.06,360203.2,485125.7,1036724,36952.99,90862.82,467894.2,387544.9,424102.4,111026.7,134264.2,158724.7,198464.5,75896.21,161255.1,149339.3,142117.1,174849.1,114428.2,149838.9,132047.3,119008.1,1206743,17909.72,23323.62,123472,341069.9,129.3622,1598777,3162599,37641.02,641168.7,831096,40501.51,53147.11
Scenario 2,1390,5,Market Euphoria,190,TRADING,155933.1,409948.9,188395.9,309567.8,1057853,873182.4,218741.8,505101.2,828143.1,1017951,558956.9,355185.7,2971794,40042.4,410484.7,46623.98,360858.1,485123.9,1039323,37053.99,91061.21,467408.8,388248.6,424798.9,110898.8,133910.9,158730.8,198160.2,76186.27,160847.6,149554.8,142135.3,174929.2,114781.6,149506,132039.8,118957,1203049,17908.2,23262.77,123450.6,341670,129.2118,1596021,3170098,37627.35,639434.1,829484.3,40508.23,53164.52
Scenario 2,1391,5,Market Euphoria,191,TRADING,156108.3,410753.3,188008.7,309571.4,1059800,875547.7,218984.3,505376.4,826912.4,1017235,559627.8,354614.6,2971552,39930.85,409946.7,46728.83,361422.1,485497.2,1042556,37151.72,91225.06,466816.9,388995,424955.5,110743.7,133696.3,158780,197855.5,76478.65,160435.5,149879.7,142168.7,174950.3,114932.3,149297.4,132045.4,118955.4,1200663,17909.67,23216.42,123445.7,342559,129.0414,1592713,3180047,37625.21,638503,826855.2,40526.8,53203.53
Scenario 2,1392,5,Market Euphoria,192,TRADING,156153.8,411578,187708.8,309595.4,1060405,877805.7,219264.9,505525.1,825562.3,1015896,560906.5,354288.8,2971013,39845.45,408852,46879.07,361995.8,485742.4,1044815,37250.15,91418.19,466015.9,389768,424833.2,110561.5,133287.9,158779.1,197746.2,76764.11,160175.4,150071.2,142165.1,174977.9,114962.2,148912.1,132058.8,118961.6,1198353,17910.15,23174.31,123474.8,343342.6,128.9111,1590303,3187489,37615.46,637763.4,827385.5,40569.7,53198.96
Scenario 2,1393,5,Market Euphoria,193,TRADING,156272.3,412570.2,187450.1,309543.5,1061304,879631.9,219362.3,506394.6,824364.6,1014844,561713.8,353938.2,2968234,39827.39,408043.9,46992.37,362723.6,487030.3,1047418,37310.6,91556.2,465388,390056.9,425159.3,110390,132963.5,158748.4,197610,77029.36,159779.9,150356.4,142158.5,175016.6,114988.3,148778.1,132079.9,118963.3,1195204,17914.1,23155.47,123485.9,344160.1,128.6906,1586878,3195812,37614.96,636428.6,826356.4,40618.57,53179.3
Scenario 2,1394,5,Market Euphoria,194,TRADING,156245.7,413387.8,187257.9,309617,1064436,881840.3,219934.9,506841.7,823097.2,1013667,563338.7,353683.3,2970529,39688.53,407504.3,47110.66,363263.8,487760.6,1050794,37398.54,91669.7,464635.1,390984,425525.8,110270.5,132681.8,158746.1,197109.4,77288.59,159331.1,150587.4,142164.5,175021.1,115148.6,148626.5,132034,118952.9,1192973,17913.44,23116.05,123484,344968.6,128.4501,1584867,3203212,37603.53,635457.7,825135.3,40614.31,53172.44
Scenario 2,1395,5,Market Euphoria,195,TRADING,156267.9,414460,187056.7,309611.6,1065986,884602.7,220373,506995.4,822087.9,1012774,564460.1,353204.1,2970724,39622.37,406592.7,47114.92,363829,487933.3,1053448,37524.64,91794.53,463852.5,391777.3,425374.9,110188.7,132282.6,158743.6,196567.4,77519.92,159050.2,150963.9,142164.7,175045.3,115430.1,148665.2,132076.5,118947.2,1188830,17919.31,23052.95,123516.3,345774.6,128.2296,1582155,3212792,37588.4,634435.4,823967.1,40610.98,53157.27
Scenario 2,1396,5,Market Euphoria,196,TRADING,156464.7,415461.9,186835.1,309618.8,1069123,885834.7,220524.2,507310.3,821107.3,1012048,565816.7,352912.3,2969126,39604.64,405583.1,47142.7,364276.7,488866.9,1055656,37573.74,91922.89,462950.8,392515.5,425897.5,110067.5,131948.4,158728,196248.6,77756.13,158680.6,151299.5,142194,175041.6,115553.5,148292.1,132096.6,118962.6,1186443,17918.45,22998.34,123528.5,346626.1,127.9991,1579027,3220132,37591.75,634256.7,822530.8,40687.57,53135.03
Scenario 2,1397,5,Market Euphoria,197,TRADING,156649.8,416343.8,186490.7,309724.3,1071806,888043.1,220747.9,507789.1,819370,1010885,566731.3,352290.4,2968053,39532.87,403857.3,47285.72,364899.5,489422,1057822,37671.85,92098.24,461934.2,392981.5,426693.4,109953.9,131625.7,158784.8,195994.7,78019.67,158422,151469.6,142255.2,175071.4,115837.5,147990.1,132097,118973.6,1184162,17914.26,22953.41,123534.4,347048.5,127.8187,1575930,3227980,37587.93,633847.3,821795.3,40711.67,53137.84
Scenario 2,1398,5,Market Euphoria,198,TRADING,156803.2,417374,186266.9,309723.2,1074902,890024.8,221303.3,508119.2,818210.2,1009514,567734.7,351618.3,2967650,39385.37,403119,47378,365401.3,489949.9,1059689,37703.3,92243,461342.9,393587.5,427120.5,109783.1,131405.8,158824.5,195608.8,78283.7,157768.5,151846.2,142248.7,175083.2,115906.4,147845.2,132089.1,119039.5,1180756,17914.56,22927.01,123522.7,347746,127.5581,1572978,3236073,37587.92,632893.5,820345.9,40759.1,53180.2
Scenario 2,1399,5,Market Euphoria,199,TRADING,157060.4,418228,185859.1,309729.4,1075633,891800.7,221457.2,508666.2,817255,1007957,568330.8,350871.7,2968841,39325.14,402630.8,47469.15,365978.6,490546.2,1062453,37779.52,92435.69,460623.5,393975.4,427543.2,109673.7,131190.4,158833.5,195410.9,78559.42,157732.1,152052.4,142315.1,175132.6,116119.7,147640.2,132146.3,119039.9,1176993,17913.42,22879.94,123502.4,348281,127.3276,1571535,3244070,37578.03,631720.7,818621.2,40757.43,53175.62
Scenario 2,1400,5,Market Euphoria,200,TRADING,157224.6,419127.1,185610.3,309668.6,1077474,893745.9,221873.3,508834.6,815869.3,1006584,568860.3,350090.2,2968880,39258.21,402193.4,47526.15,366840.4,491023.2,1064966,37840.66,92557.29,459902.2,394718.8,427675,109509.5,130909.1,158765.9,195290.4,78859.53,157252.3,152373.6,142318.1,175068.8,116403,147519.4,132169.8,119053.2,1173912,17901.18,22822.98,123489.5,348932.8,127.1672,1570069,3251289,37564.64,631988.8,817990.6,40764.1,53189.44
Scenario 2,1401,5,Market Euphoria,201,TRADING,157205.9,418937.1,185313,309642.7,1080444,896400.7,222187.9,509260.3,814602,1005326,569758.9,349433.8,2969982,39212.88,401473.2,47666.94,367317.5,491402.4,1067902,37918.66,92721,459257.2,395251.4,427854.5,109448.8,130762.5,158713.5,195124.7,79103.67,156928.6,152505.9,142283.2,175107.5,116422.6,147404.2,132183.4,119038.5,1170820,17893.85,22788.42,123507.5,349609.2,126.6561,1567233,3259285,37543.27,631601.5,816073,40778.3,53191.99
Scenario 2,1402,5,Market Euphoria,202,TRADING,157487.7,418729.9,184967.8,309611.5,1082450,898432.7,222505,509434,813628.2,1003947,571257.3,349100.9,2966374,39107.15,400837.1,47731.75,367359.8,491780.4,1070167,37974.03,92884.01,458325.9,395840.9,428283.2,109326,130352.2,158685.1,194795.5,79341.02,156784.9,152651.9,142268.2,175115.2,116671.8,146913.2,132174.5,119060.5,1168198,17891.19,22731.21,123497.9,350056.7,126.4556,1564566,3266343,37525.82,630729.2,814351.2,40854.08,53175.93
Scenario 2,1403,5,Market Euphoria,203,TRADING,157603.8,418534.5,184677.9,309561.5,1084841,900329.7,222696.5,510074.7,812650.4,1002225,572569.1,348375.3,2965703,39089.18,400164.6,47736.63,368149,492115.7,1072390,38039.62,93001.08,457565,396343.1,428370.2,109137.3,130064.8,158684.8,194264.4,79610.52,156416.2,153193.5,142234.6,175082.9,116718.6,146903.9,132180.5,119048.8,1167120,17893.79,22672.96,123520,350797.7,126.1048,1562834,3272948,37526.85,630474.5,813310.4,40890.57,53160.2
Scenario 2,1404,5,Market Euphoria,204,TRADING,157700.3,418273.9,184289.4,309530.6,1086072,902401.7,222961.7,510356.1,811474.8,1001127,573988.2,347896.1,2966780,39006.27,399607.7,47784.49,368819.1,492686.3,1074472,38117.91,93179.37,456924,396899,429372.3,108989.6,129797.3,158622.3,193870,79842.71,156137.9,153397.7,142271.9,175076.1,117016.4,146447.9,132188.2,119065.3,1162607,17901.13,22635.81,123567.9,351437.7,125.9244,1560349,3281766,37526.57,629535.3,812667.8,40904.91,53166.24
Scenario 2,1405,5,Market Euphoria,205,TRADING,157892.6,418043.4,183963.8,309538.5,1087950,904650.3,223392.6,510622.3,810192.1,999173.4,574967.2,347683.4,2965509,38936.45,399230.6,47827.17,369231.7,493404.8,1077214,38158.13,93325.22,456545.4,397770.3,430003.3,108900.8,129579.4,158616.9,193389.4,80083.61,155909.5,153703.1,142276.1,175055.3,117185,146224.4,132236.8,119028.4,1160332,17905.11,22617.37,123572.8,352160.4,125.734,1557588,3289274,37519.65,628476.5,810134.2,40960.1,53166.95
Scenario 2,1406,5,Market Euphoria,206,TRADING,158169.1,417683.7,183757.5,309551.9,1088683,906830,223924.8,511089.6,809176.5,997982,576085.4,347596.8,2963492,38888.16,398249.6,47985.22,369995.2,493786.5,1080383,38226.35,93478.9,455935.8,398070.7,429958.6,108861.8,129241.6,158644.5,192958.7,80356.74,155606.1,153689.9,142354.1,175074.5,117523.4,146205.3,132257,118972,1159049,17894.09,22573.44,123592.3,352946.2,125.4533,1556095,3297923,37505.52,627000,807993.4,41012.03,53187.51
Scenario 2,1407,5,Market Euphoria,207,TRADING,158301.8,417386.5,183475.3,309429.5,1088207,909353.2,223970.1,511167.8,808253.1,996220.9,575113.9,346919.1,2964789,38952.11,398565.3,47947.57,369230.8,494517.9,1083186,38264.94,93672.08,455080.8,397468.6,430077.1,108755.2,129384.9,158652.1,192553.7,80619.15,155731.1,153523.5,142376.3,175038.8,117414.9,146190.1,132305,119005.8,1161275,17882.82,22522.77,123617.3,353614.6,125.5636,1552608,3305836,37497.84,625761.1,808713.3,41011.42,53196.07
Scenario 2,1408,5,Market Euphoria,208,TRADING,158451.8,417158.3,183203.7,309521.5,1086063,911053.9,224042.4,512126.5,807140,995106.2,573766.6,346407.8,2964131,38981.68,398932.4,47878.05,369258.4,494609.2,1085426,38330.57,93828.01,454472.6,397098.3,429844.7,108625,129395.6,158731.6,192268.3,80883.09,155736.7,153218.1,142378.4,175102,117362.8,146236.8,132329.7,119045.7,1163364,17872.9,22456.63,123615.8,354311.6,125.6337,1549433,3314852,37485.86,624808,809898.9,41034.3,53196.21
Scenario 2,1409,5,Market Euphoria,209,TRADING,158654.6,416862.2,182835.7,309459.1,1084536,913691,224185.3,512405.3,806125.5,993476.1,572351,345627.2,2964109,39012.03,399917.4,47858.84,368140,495242.9,1088571,38381.76,93993.35,453989.7,396873.5,429716.1,108475.2,129459,158766.3,191684.9,81147.95,155651.2,152971.6,142368.5,175125.9,117121.7,146568.8,132359.2,119080.4,1165731,17879.75,22411.71,123644.7,354899.7,125.7139,1546341,3323126,37461.47,623233.5,811779.1,41035.88,53217.24
Scenario 2,1410,5,Market Euphoria,210,TRADING,158714.6,416677.1,182585.9,309207.7,1082809,915541.7,223831.4,513043.3,805011.8,991394.7,571428.3,345255.9,2962225,39032.46,400272.1,47744.25,367750.9,494901.5,1091292,38461.65,94209.25,453155.7,396496.4,429873.6,108308.5,129525.9,158894.4,191367.1,81403.58,155758.6,152937.6,142434,175180.1,116968.7,146806.2,132366.6,119059.2,1167927,17878.46,22350.59,123650.3,355558.3,125.7239,1543431,3331369,37442.11,622478.7,811979.9,41072.31,53244.96
Scenario 2,1411,5,Market Euphoria,211,TRADING,158871,416429.5,182380.4,309132.7,1080607,917285,223901.1,513725.1,803798.5,989878.7,570544.6,344558.1,2960148,39113.38,400485,47689.32,366821.4,495837.8,1093660,38507.97,94349.13,452255.1,396556.6,429463.9,108186.8,129672.3,158953.2,191176.2,81650.15,155870.3,152887.9,142529.3,175157.1,117143.8,147119.3,132380.1,119008.1,1170586,17881.42,22300.62,123655.1,356345.3,126.0447,1541019,3339085,37449.77,621722.4,813775.5,41050.7,53254.44
Scenario 2,1412,5,Market Euphoria,212,TRADING,159065.9,416142.6,182080.2,309216.7,1079980,919586.9,223669.4,513711.3,802933,989283.5,569255.7,344089.9,2958543,39136.06,400422.9,47690.16,366376.3,496425.6,1095699,38587.5,94471.71,451540.3,396464.1,428966.6,108016.2,129706.8,158920,190854.8,81869.06,156207.7,152902.2,142499.7,175223.6,117102.8,147342.1,132417.9,119044.5,1172982,17865.48,22245.8,123625.9,357079.4,125.9545,1538636,3347817,37462.75,621297.1,814261.5,41068.35,53257.59
Scenario 2,1413,5,Market Euphoria,213,TRADING,159192.8,415876,181727,309258.9,1079757,922224,223720.7,514098.9,801453.3,987329.5,568592.6,343181,2958572,39239.85,401135.7,47579.62,365811.9,496761.4,1097801,38680.13,94596.07,450898.5,396192.6,428990.9,107870.3,129825.8,158913.4,190340.2,82101.67,156330.1,152704.1,142511.6,175293.5,117124.9,147729,132400.2,119023.4,1173527,17862.39,22193.1,123640.8,357758.3,125.9444,1535923,3355415,37467.5,619805.6,816118.7,41052.24,53250.74
Scenario 2,1414,5,Market Euphoria,214,TRADING,159292.5,415589.4,181473.4,309202.5,1078851,924433.7,223580.8,514419.6,800626.6,985721.4,567131.1,342475.5,2958242,39272.19,401676.5,47486.72,365275.9,497822.4,1099964,38779.62,94777.63,450208.5,395469.5,428722,107738.6,129853.5,158907.8,190101.8,82327.47,156485.4,152592.5,142545.6,175311.5,117092.6,147907.1,132409.3,118976.2,1176935,17863.42,22141.7,123629.1,358671.6,125.8442,1532436,3363168,37460.93,617817.1,817701,41106.38,53241.09
Scenario 2,1415,5,Market Euphoria,215,TRADING,159407.1,415387.7,181118.2,309268.4,1076075,926572.2,223479.5,514626.6,799290.1,984477.6,566708,341874.9,2958273,39322.92,402129.2,47490.54,365055.8,498861.5,1102064,38864.11,94957.77,449168.9,394576.6,429020.7,107666.3,129753.4,158901.3,189502.1,82580.6,156661.9,152294.8,142526.3,175344.1,116797.2,148099,132392.1,118980.1,1176895,17866.66,22098.99,123632.8,359613.9,125.8943,1530253,3371420,37455.98,616074.5,818337,41085.09,53232.82
Scenario 2,1416,5,Market Euphoria,216,TRADING,159470.3,415109.4,180803.5,309382.9,1074612,928965.3,223261.1,515388.9,798261.6,983102.4,566302.6,341376.4,2958944,39356.46,402302.1,47266.46,364555,499080.4,1104373,38933.6,95085.1,448356.9,393744,429250.3,107524.6,129810.5,158864.7,188898.1,82827.83,156818.6,152342.3,142459.4,175322.9,116754.7,148092.8,132389.2,118957.1,1178235,17865.27,22045.22,123654.3,360437.4,126.0647,1527484,3379628,37450.65,614739.2,821084.7,41096.86,53226.02
Scenario 2,1417,5,Market Euphoria,217,TRADING,159661.8,414672.6,180539.3,309409.5,1072790,931809,222959.3,515709.1,797294.3,982128.6,565071.5,340702.8,2956522,39390.9,402490.8,47321.59,364776.3,499528.4,1107304,39029.27,95259.7,447853.1,393561.5,428983.3,107328.2,129857.9,158852,188407.7,83106.28,156895.9,152229.3,142452,175372.4,116613.1,148409.2,132388.3,118946.9,1180304,17868.28,21977.85,123686.7,361185.3,126.3253,1524909,3387791,37437.82,613975.1,822620.5,41158.43,53231.76
Scenario 2,1418,5,Market Euphoria,218,TRADING,159751.4,414267.7,180300.5,309348.9,1072447,933679.2,222880.5,515689.3,796075.9,980137,564234.3,340546.9,2954998,39437.64,402922,47308.22,364493.5,500397.4,1110424,39086.21,95395.02,447193.7,393203.3,429742,107194.3,129923.7,158806.4,187978.5,83313.02,156986.4,152332.6,142443.7,175422.3,116603.2,148718.8,132408.7,118997.3,1182055,17860.81,21940.85,123699.9,361785.1,126.5157,1523501,3397354,37441.37,613418.5,823306.2,41186.47,53233.25
Scenario 2,1419,5,Market Euphoria,219,TRADING,159991.6,414187,180027.7,309351.6,1070920,936792.5,222771.5,516118,795065.2,978423.5,563492.7,340338.8,2954139,39504.45,403191.2,47306.81,363952.9,500816.4,1112483,39175.82,95584.8,446552.5,392543.3,429127.5,107046.2,129950.1,158761.9,187308.1,83558.32,156912.8,152192.4,142451.9,175452.3,116335.6,148864.2,132421.5,119006.1,1182439,17869.55,21880.05,123719.1,362335.5,126.5558,1520498,3406030,37436.1,611851.9,824521,41205.65,53227.13
Scenario 2,1420,5,Market Euphoria,220,TRADING,160039.5,413843.7,179723.5,309386.2,1070011,938186.7,222544.2,516895.5,793922.5,977653.1,563122.4,339601.8,2954170,39564.84,403665,47196.51,363439.3,501307.4,1115769,39254.56,95773.1,446100.6,392399.2,428788.1,106982.4,129983.8,158800.2,187020.6,83750.17,157220.9,152138.5,142480.7,175482.8,116172.9,148794.3,132394.5,119032.7,1182468,17867.92,21848.37,123693.6,363190.6,126.7162,1518231,3414051,37426.99,611085.9,825188.4,41190.38,53227.12
Scenario 2,1421,5,Market Euphoria,221,TRADING,160264.9,413833.4,179506.9,309356.4,1068624,940226.7,222331.9,516922.6,792980.2,977214.9,562141.9,339045,2952097,39599.56,403396.7,47171.21,362889,501803.7,1118424,39351.81,95897.4,445198.4,391954.5,428561.2,106914.2,130092.8,158813.1,186865.4,84007.02,157165.1,152004.1,142470.4,175451.4,116179.7,149048.5,132382.4,119087.9,1183848,17866.3,21803.13,123704.4,363719.8,126.9968,1515169,3424334,37428.33,610234.2,825833.2,41217.1,53248.93
Scenario 2,1422,5,Market Euphoria,222,TRADING,160426.1,413374.3,179178.2,309317.7,1067937,942068.9,222247.2,517070.4,792596.3,976263.3,561233.8,338386.2,2951443,39618.06,403582.2,47172.97,362031.1,501995.2,1121241,39429.71,96030.84,444266.9,391847,428283.7,106786.6,130208.3,158817.1,186770.8,84298.04,157155.4,151985.6,142462.1,175466.5,116007.7,149529.4,132404.9,119111.8,1185545,17868.59,21767.58,123736.9,364522.7,126.9868,1512050,3432019,37432.87,608401.6,827385.2,41248.24,53285.64
Scenario 2,1423,5,Market Euphoria,223,TRADING,160505.3,413192.5,178933.6,309292.5,1066447,944543.5,222213,517492.6,791405.8,975372.4,560125.1,337631.8,2951906,39691.44,403485.6,47124.61,361044.4,503342.6,1123595,39483.77,96151.08,443398.5,390940.3,428279.1,106702.4,130332.4,158835.9,186353.3,84549.18,157370,152090,142440,175453.3,116121.8,149955.6,132447.7,119119.1,1186782,17866.82,21720.68,123729.2,365066.2,127.097,1508882,3439036,37421.06,607418.8,828807.4,41239.43,53301.08
Scenario 2,1424,5,Market Euphoria,224,TRADING,160579,413006.2,178670.2,309272.8,1065058,946491.2,222074.1,518250.5,790169.2,974267.3,559535.2,336961.4,2951652,39697.65,403514.3,47100.97,360544.9,503973.3,1125735,39542.76,96296.1,442685.8,390426.3,427899.6,106584,130377,158847.4,185991.6,84856.06,157355.3,152043.2,142480.8,175496.3,116001.4,150254.3,132461.6,119168.1,1186493,17863.21,21655.16,123745.3,365803.3,127.2073,1506217,3445911,37417.88,606128.7,828018.7,41299.9,53319.01
Scenario 2,1425,5,Market Euphoria,225,TRADING,160854.8,412850.8,178536.7,309234,1063857,945670.2,221998.6,518629.8,789003.7,972601.2,558222,336610.8,2951869,39775.35,403300.7,46979.94,360326.8,504339.4,1128706,39605.14,96461.89,442117.8,389701.8,428243.5,106443.8,130320.6,158819,185715.5,85138.41,157694,151873,142562.2,175552.5,115952.5,150328.9,132500.4,119115,1187407,17855.47,21613.79,123743.6,366290.9,127.2674,1503066,3453471,37432.29,605522.1,828487,41349.89,53318.8
Scenario 2,1426,5,Market Euphoria,226,TRADING,161090.4,412532.4,178283.8,309253,1062533,944135.3,221852.8,518701.9,787909.1,970752.3,557039.7,336091.4,2950038,39842.61,403872.5,46899.51,359954.2,504763,1131630,39702.8,96600.94,441335.5,389435.4,428193.4,106321.5,130442.9,158830.7,185137.7,85386.61,157718,151872.1,142597.6,175596.2,115818.3,150903.7,132497.6,119057.3,1189106,17853.86,21553.83,123782.3,366897,127.3977,1501127,3459809,37426.08,604861.9,830451,41340.77,53343.29
Scenario 2,1427,5,Market Euphoria,227,TRADING,161119.9,412252.9,178038.1,309224.2,1060808,943378.9,221758.7,518762.1,786955,971510.1,555909.8,335907.2,2950139,39912.26,404206.6,46863.57,359227.7,503658.4,1134185,39804.32,96727.84,441468.8,388697.7,428016.1,106209.1,130532.6,158787.3,185140,85664.89,157971.5,151853.3,142611.3,175619.7,115784.9,150908.5,132531.6,119039.6,1191164,17855.98,21501.77,123778.1,365988.9,127.5481,1499073,3467783,37395.32,604733.4,832830.8,41375.79,53336.93
Scenario 2,1428,5,Market Euphoria,228,TRADING,161209.5,412067.2,177800.5,309154.1,1058470,942150.6,221428.7,518367.6,785780.6,970830.3,555181.2,335220.7,2950666,39949.36,404118,46810.24,358244.1,503290.5,1136868,39917.13,96862.54,442079.7,388549.6,427950.4,106073.5,130633.4,158807.8,185538.4,85889.96,158069.3,151706.6,142713.9,175659.7,115628.1,150918.3,132583.3,119074.5,1194063,17862.5,21459.97,123789.6,365759.2,127.6683,1497403,3475585,37394.35,605179.7,833494.9,41390.41,53326.93
Scenario 2,1429,5,Market Euphoria,229,TRADING,161264.7,411772.7,177592.1,309131.5,1057861,941367.5,221169,517742.9,784798.2,970853.5,553946.5,334770.7,2950735,40023.25,404134,46765.44,357998.2,503144.4,1139482,39985.45,97025.83,442158.7,388234.7,427659.8,105973.3,130732.2,158792.5,185889.8,86160.56,158319.1,151760.4,142687,175638.4,115519.7,151042.9,132601.1,119121.1,1195277,17868.91,21407.92,123816.9,365000.1,127.8287,1495297,3482693,37401.03,605091.6,835718.6,41440.89,53331.02
Scenario 2,1430,5,Market Euphoria,230,TRADING,161264,411514.2,177211.1,309221.8,1057071,939689.1,221085.6,517684.1,783442.2,969815.6,552691.4,334099.5,2950524,40030.76,404070.1,46756.49,357432.3,502671.2,1141528,40085.41,97117.04,442315.3,387856.6,427251.8,105886.6,130829.4,158829.5,186297.3,86524.49,158484.1,151540.9,142718.4,175645.4,115507.4,150978.1,132632.9,119145.7,1196876,17857.37,21351.59,123816.5,364550.1,127.8588,1492821,3492283,37389.16,605332.9,836797.9,41476.51,53325.32
Scenario 2,1431,5,Market Euphoria,231,TRADING,161304.2,411398.3,176896.6,309203.1,1056066,938231.1,220609.3,517175.5,782244.8,969866.7,552343.1,333209,2949426,39985.26,404655.9,46705.98,356593.7,502278.9,1144517,40161.28,97309.55,442558.8,387477.9,427437.6,105764.7,130817.7,158790.7,186625.6,86768.43,158629.9,151457.2,142755.5,175670.6,115432,151131.5,132663.2,119134.1,1198873,17866.67,21295.51,123809,364038.2,128.0893,1489581,3499255,37377.23,605807,837473.6,41543.19,53317.59
Scenario 2,1432,5,Market Euphoria,232,TRADING,161342.4,411067.2,176623.7,309154.4,1053894,937212.4,220542.9,517112.3,781425.1,969840.9,551795.1,332835.2,2950187,40027.81,405493,46686.94,356434.4,501328.5,1146919,40246.49,97443.8,442735.9,387426.9,427720.8,105633.2,130947.2,158768.7,186896.1,87051.34,158589.2,151529.2,142770.1,175672.9,115416.5,151166.3,132670.6,119079.3,1199937,17857.96,21251.43,123795.2,363362.2,128.3298,1487560,3507404,37358.82,606563,839530,41620.8,53308.5
Scenario 2,1433,5,Market Euphoria,233,TRADING,161423.1,410843.1,176407.3,309103.6,1053170,936510.1,220499.8,516626.6,780129.8,969618.4,550885.5,332598.3,2949393,40012.01,406422.7,46654.36,355663.5,500506.5,1149378,40286.85,97579.61,442842.5,386951.2,427668.9,105461.4,131028,158770.2,187118,87340.61,158713.3,151288.7,142820.1,175681.9,115295.9,151377.4,132670.5,119045.1,1200872,17848.01,21209.04,123818.3,362832,128.3799,1486749,3515408,37361.19,607283.3,840835.1,41652.82,53316.86
Scenario 2,1434,5,Market Euphoria,234,TRADING,161570.5,410399.7,176234.9,309009.7,1051562,936433.7,220388.7,516533.2,778998.2,969512.1,550001.9,332301.6,2949549,40072.69,406897.9,46613.88,355697.9,500326,1152139,40329.54,97724.64,443315.2,386442.3,427839.9,105298.4,131186,158760.7,187234.2,87522.47,158787.3,151473.1,142838.2,175757.9,115345.7,151603.5,132708.7,119017.6,1203382,17843.84,21173.82,123813.5,362471.7,128.5102,1484488,3522998,37360.53,607961.3,841981.2,41723.83,53311.45
Scenario 2,1435,5,Market Euphoria,235,TRADING,161517.6,410077.4,176092.9,309179.9,1049829,934237.5,220343.7,515883.3,778181.1,968688.5,548787,331631.4,2947906,40101.31,407288.6,46544.5,354616.7,500599.4,1154889,40395.16,97825.47,443392.2,386064.4,427967.8,105140.9,131277.8,158749.6,187337,87722.13,158971.8,151370.1,142841.8,175762.9,115328.5,151796.4,132713.9,118937.9,1205081,17829.11,21142.14,123823.7,362052.2,128.7107,1482481,3531901,37337.54,608852.7,843388,41762.39,53324.82
Scenario 2,1436,5,Market Euphoria,236,TRADING,161586.2,409891.4,175909,309277.2,1048117,932872,220150.2,516167.1,777098.2,969147.3,547874.4,331077.7,2948709,40159.61,407481.3,46512.99,354102.2,500186,1157920,40467.89,98005.26,443551.5,386149.8,427742.8,104984.8,131439,158711,187745.2,88028.56,158956.2,151311.7,142842,175804.2,115182.1,152067.4,132732.9,118953.1,1206074,17811.59,21105.55,123859.5,361541.6,128.7608,1479384,3539554,37338.41,609048.4,845588.5,41826.83,53362.8
Scenario 2,1437,5,Market Euphoria,237,TRADING,161654.4,409483.8,175571.6,309212.9,1046458,931841.3,220053.4,515628.9,775838.7,969443.3,547109.4,330562.2,2947601,40181.71,408024.1,46482.47,353527.8,499500.6,1160219,40597.21,98242.11,443525.5,385899.8,427938.3,104838.4,131580.2,158697.5,187798.2,88324.44,158908.7,151290.7,142874.4,175817.2,115133.7,152286.9,132763.1,118924.8,1207699,17813.03,21069.17,123895.7,360878.1,128.7007,1477187,3547397,37341.09,609260.3,846723.7,41911.86,53384.25
Scenario 2,1438,5,Market Euphoria,238,TRADING,161879.8,409348.3,175303.7,309179,1045678,929808.7,219961.4,515641.2,774687.3,968927,546608.5,330088.8,2947986,40256.06,408577.2,46447.31,352512,499371.1,1163219,40657.52,98422.14,443679,385994,427699.2,104709,131617.3,158656.4,188044.1,88614.18,159007.6,151336.6,142832.8,175843.3,115098,152346.9,132759,118884.7,1209580,17807.51,21047.73,123912.7,360419.4,128.8009,1475345,3556404,37348.52,609365.8,849138.8,41943.76,53395.06
Scenario 2,1439,5,Market Euphoria,239,TRADING,161919.9,408898.3,175052.6,309355.8,1045796,928876,219758.4,515811,773687.9,969077.3,545323.1,329557.9,2947639,40245.4,409158.4,46375.23,352072,498895.1,1166210,40753.52,98519.64,444139.2,385261,427833.7,104515.2,131691.4,158685.9,188246,88894.07,159132.6,151204.3,142866.7,175899.4,114867.8,152508.5,132792.5,118918.8,1209383,17816,21010.46,123899.8,360164.4,129.0515,1473709,3565038,37331.45,610274,850234.7,41992.7,53418.31
Scenario 2,1440,5,Market Euphoria,240,TRADING,162073.9,408887.1,174823.5,309431.4,1044345,927422,219543.5,515769.1,772472.6,968755.3,544552.3,329200.8,2945796,40258.67,409532.9,46363.94,351630.5,498438,1169220,40825.67,98634.48,444211.5,384905.7,427663.9,104394.3,131653.4,158712.7,188218.3,89249.54,159293.2,151259.6,142974.4,175902.6,114740.5,152599.8,132814.9,118859.2,1210569,17819.19,20972.06,123929.2,359676.2,129.1016,1471256,3574312,37335.97,610764,851924.4,42001.98,53415.63
Scenario 2,1441,5,Market Euphoria,241,TRADING,162071.4,408650.5,174656.4,309426.3,1043242,926697.9,219303.6,515668.4,771126.3,969083.8,543795.4,328636.1,2945043,40290.59,410108.2,46374,351208,497724.7,1172023,40908.24,98775.53,444461.4,384780.9,428005.4,104292,131826.9,158761.4,188506.7,89529.74,159423.2,151050.5,143022.4,175877.7,114581.6,152824,132835.3,118888.5,1211313,17811.57,20922.41,123918.9,359265.4,129.1016,1468731,3582524,37314.21,611517.8,854276.4,42050.74,53420.71
Scenario 2,1442,5,Market Euphoria,242,TRADING,162135.2,408568,174438.6,309437.6,1041676,925650.3,219143.4,515458.4,769905.1,969067.8,542670.3,328241.7,2945281,40364.53,410711.9,46411.17,351019.6,496954.1,1174425,40975.75,98890.88,444716.6,384531.2,427135.8,104203.7,131922.1,158772.5,188646,89769.4,159783.2,150972.3,142997.7,175847,114499,153085.4,132838.3,118844,1212792,17816.28,20891.65,123905.7,358788.4,129.2218,1465701,3592037,37300.01,611807.4,855198.5,42080.47,53432.32
Scenario 2,1443,5,Market Euphoria,243,TRADING,162151.2,408186.4,174153.2,309453.4,1039608,924579.3,219169,515504.6,768760.5,968549.3,541172.9,327513.1,2944831,40386.21,411039,46312.25,350406.5,496473.5,1177104,41048.25,99016.87,444867.6,383721.1,427392.4,104046.2,131994.9,158806.3,189112.1,89988.74,159886.8,150903.9,143008.2,175879.8,114313.8,153157.9,132845.3,118842,1213916,17814.19,20831.2,123902.1,358243.7,129.2419,1463401,3600268,37305.36,613034.8,857648.9,42118.51,53429.14
Scenario 2,1444,5,Market Euphoria,244,TRADING,162239.7,408155,173852.3,309543.4,1037900,923809.1,219075,515259.1,767419,968738,540192.1,326988.7,2945563,40428.39,411616.1,46234.11,350198.1,495845.9,1179501,41103.29,99142.78,445030.1,383958.2,427271.4,103908.5,132138.5,158851.3,189190.3,90258.91,159772.9,150665.3,142954.2,175934,114151,153213.4,132875.6,118812.7,1214760,17800.26,20771.28,123916.7,357879.2,129.4123,1460214,3606174,37282.93,613910.5,860277.8,42132.61,53439.11
Scenario 2,1445,5,Market Euphoria,245,TRADING,162356.4,408052.1,173520.2,309503.9,1035132,923300.4,219225.2,515060,766212.8,968233,539148.5,326519.7,2944850,40475.47,411994.2,46176.03,350227.3,495178.7,1181593,41125.67,99297.71,445307.8,383678.6,427000.7,103841.7,132405.9,158861,189446.6,90566.23,159810,150645.2,142967,175961,113933.4,153222,132877.9,118824.9,1215460,17790.38,20725.03,123920.1,357519.8,129.5626,1457863,3613708,37269.01,614739.1,861733.5,42142.3,53436.63
Scenario 2,1446,5,Market Euphoria,246,TRADING,162391.4,407808.6,173275.5,309602,1033585,922264,219156.1,514745.6,765164.7,968859.2,538241.9,326072.9,2945550,40502.38,412170.4,46049.17,350130.8,494935.7,1184065,41203.7,99434.56,445379.8,383311.8,426569.5,103709.4,132475.1,158876.6,189748.3,90894.95,159855.8,150571.3,143008.4,175959.2,113666.7,153348.3,132905.3,118810.7,1216365,17789.12,20687.07,123912,357181.4,129.743,1455416,3620688,37271.56,615379.7,862725.6,42172.01,53402.56
Scenario 2,1447,5,Market Euphoria,247,TRADING,162556.6,407699.5,173030,309831.8,1032441,920550.6,218948.9,514788.7,763927,968039.3,536948.3,325354.9,2946800,40541.45,412264.4,45937.2,349127.1,494555.8,1186832,41274.09,99629.75,445398.1,382623.2,426091.4,103579,132475.9,158830.6,189806.3,91187.76,159992.8,150495.2,143021.9,176020.8,113504.4,153480.5,132880.5,118760.8,1217293,17785.56,20624.41,123915.6,356763.9,129.8533,1452759,3629566,37252.47,616593.2,864700.4,42204.86,53399.91
Scenario 2,1448,5,Market Euphoria,248,TRADING,162573.8,407442,172792.8,309895.6,1032199,919511.3,218667.2,514647,762588.3,968414.1,536147.4,324912.3,2945007,40591.96,412482.3,45890.74,348618.9,494264.7,1189618,41349.81,99756.11,445223.9,382307.5,426188.4,103435.7,132624.4,158853.1,190105.8,91442.7,160112.7,150430,143018.4,176037.8,113555.4,153583.5,132883.4,118742,1218770,17781.86,20584.24,123943.8,356311.5,129.8733,1451057,3636936,37273.58,617054,865807.9,42287.65,53403.76
Scenario 2,1449,5,Market Euphoria,249,TRADING,162646.2,407250,172576,309837,1030971,918339.5,218616.4,514928.8,761723.8,967644.1,535481.7,324289.8,2946932,40665.36,412483.3,45821.11,347937.3,493739.6,1191310,41436.95,99922.42,445166.2,382127.3,426246.1,103339.4,132756.7,158863.4,190329.1,91760.07,160256.7,150297.9,142969.3,176026.2,113327.5,153548.6,132889.2,118715.1,1220832,17793.78,20539.28,123965.1,355698.7,129.8432,1448056,3646325,37277.06,617677.5,868268.6,42318.05,53405.3
Scenario 2,1450,5,Market Euphoria,250,TRADING,162691.9,406993.7,172243.4,309843.5,1030458,917435,218429.3,515076.4,760647.9,968037.5,534768.2,323682.6,2946897,40710.47,412789.9,45736.96,347167.3,493455.2,1193809,41495.94,100095.4,445374.1,381467.7,425881.6,103147.7,132931.5,158918.3,190411.8,91961.43,160551.4,150262.9,142996.5,176081.5,113321.2,153723.6,132889.4,118716.8,1222683,17802.45,20516.46,123943.9,355117.4,129.9234,1446344,3655496,37280.78,617336.5,868474.7,42362.73,53401.15
Scenario 2,1451,5,Market Euphoria,251,TRADING,162836.6,406831.2,172065.9,309948.4,1029360,916476.5,218202.8,514572.3,759201.8,968680.7,533122.2,323204.6,2948765,40812.74,412924.5,45721.09,346667.2,493253.8,1196210,41596.98,100238.5,445765.8,381107.3,425507,103026,132934.2,158849.3,190914.1,92204.09,160828.2,150207.9,142924.3,176150,113289.3,154141.7,132882,118730.5,1224436,17797.14,20462.73,123958.7,354497.8,130.0237,1443580,3664324,37261.31,617253,869419.8,42424.56,53401.58
Scenario 2,1452,5,Market Euphoria,252,TRADING,162993.6,406681.2,171834.7,309934,1027951,915214.3,217916.9,514275.6,758000.8,968940.7,532004.1,322431.4,2948302,40843.25,413231,45721.19,346613.2,493005.5,1198529,41630.38,100382,445778.2,380860.5,425777.7,102864.4,133030,158784.7,191107.8,92472.24,161047.4,150115.4,142899.6,176152.8,113301.9,154343.6,132869.8,118736.8,1226273,17804.87,20433.36,123936.5,353965.4,130.1139,1441703,3672578,37253.08,618671.8,871177.2,42457.91,53375.62
Scenario 2,1453,5,Market Euphoria,253,TRADING,163190.1,406453.2,171624.7,309956.2,1025888,914202.3,217770,513968.2,756880.6,968423.7,531437.5,321916.2,2947848,40895.76,413653.4,45693.49,345980.7,492641.6,1201069,41708.97,100471.3,445622,380220.3,425623.8,102738.3,133146.6,158785.5,191403.3,92741.62,160901.1,150009.9,142944.7,176178.4,113280,154539.4,132905.3,118786.4,1228146,17802.43,20390.6,123940.7,353622.3,130.2442,1439847,3679880,37248.23,618493.8,873089.6,42516.08,53362.59
Scenario 2,1454,5,Market Euphoria,254,TRADING,163241.7,406259,171370.7,310060.7,1025507,913070.6,217714.8,513267,755702.9,969153.3,530339.7,321441.8,2947066,40893.66,414059.4,45703.17,345433.9,491971.9,1203864,41806.62,100624.4,445915.6,379725.8,425855.7,102593.3,133212.2,158824.1,191610.2,93040.16,161107.7,149961.5,142949.2,176126,113054.4,154856.5,132882.8,118794.3,1230915,17808.39,20335.87,123964.3,353190.7,130.3043,1437171,3687062,37241.58,618710.1,874146.6,42537.73,53352.34
Scenario 2,1455,5,Market Euphoria,255,TRADING,163237.6,406057.7,171003.1,309870.2,1024726,911165.6,217528,512877.3,754763.7,969254.7,529476.2,320812.4,2947210,40938.88,414298.6,45651.43,345567.4,491687.2,1206733,41932.6,100861.4,445933.6,379514.1,426273.9,102467.3,133370.2,158794.7,192004.1,93294.78,160972.8,149925.4,142981,176181.6,112898.1,154873.3,132925.1,118813.6,1232806,17813.22,20282.84,123953.6,352714.1,130.2742,1435525,3694701,37228.45,619397.8,875928.8,42638.05,53367.02
Scenario 2,1456,5,Market Euphoria,256,TRADING,163161.2,405846.2,170636.4,309861.2,1023770,910015.3,217628.4,512370.5,753334.2,968836.4,528356.2,320522.4,2945921,41013.9,414284.7,45640.5,345162,491179.5,1208997,42024.06,101032.2,446307.9,378908.9,426319.5,102317.7,133453.7,158749.1,192356.8,93602.72,160946,149765.7,143026.3,176205.6,112929.1,154840.6,132941.3,118805.3,1234280,17808.39,20219,123986.8,352491.2,130.3945,1431745,3702450,37214.2,619406.4,877241.7,42704.83,53390.61
Scenario 2,1457,5,Market Euphoria,257,TRADING,163296.4,405475.1,170320.4,309933.3,1022776,909229.5,217360,512435.8,751668.3,969000.5,527096.1,319891.1,2945980,40991.15,414395.9,45649.53,344227.5,490787.8,1211749,42096.55,101154.6,446369.7,378554.1,426638.2,102219.8,133562.8,158758.3,192644.1,93894.07,161173.5,149595.1,143035.6,176227.6,112748.7,154987.5,132955.4,118818.4,1236381,17810.98,20174.5,123997.3,351999.8,130.5849,1429122,3707473,37215.61,619909.3,878207.7,42696.65,53382.11
Scenario 2,1458,5,Market Euphoria,258,TRADING,163355.2,405080.4,170024.1,309812.1,1022210,908369,217283.4,511809.5,750596.9,969111.8,526282.4,319514.6,2948889,41014.42,415293.9,45578.17,343594.4,490221.1,1214132,42143.57,101287.3,446831.2,378203.8,426222.7,102133.6,133596.9,158711.5,192931.1,94188.3,161377.5,149532.4,143047.8,176223.5,112570.9,155186,132996.6,118794.9,1238883,17817.13,20125.44,123983,351546.8,130.6852,1428066,3716716,37222.11,619526,881417.1,42742.19,53372.39
Scenario 2,1459,5,Market Euphoria,259,TRADING,163372.4,404883.6,169710.3,309790.9,1021121,907534.1,217097.2,511649.7,749144.1,969383.9,525000,318749.5,2947205,41100.77,415396.6,45557.62,343205.9,490243.9,1216108,42230.64,101462.3,446809.1,378526.2,426217,102004.9,133706.8,158725.8,193287.9,94505.94,161588.5,149210.5,143118.8,176226,112447.8,155209.2,133014.7,118736.4,1240422,17811.91,20051.94,123982.1,350976,130.6451,1425145,3725104,37236.08,619326.6,882553.2,42853.95,53348.4
Scenario 2,1460,5,Market Euphoria,260,TRADING,163316.6,404539.7,169555,309821.3,1019471,906040.4,216752.9,510909.3,748327.6,970353.5,523838.4,318486.5,2946550,41138.95,416074.7,45532.15,343340,489746.5,1218634,42347.49,101542.1,446857.2,378074.2,426087.9,101899.6,133670.4,158744.4,193734.5,94788.63,161586.9,149357,143163.1,176339.6,112529.9,155535.2,133019.6,118746.8,1242466,17813.82,19994.05,123997.2,350508.9,130.7353,1422948,3734391,37225.6,619728.3,883014.3,42937.95,53335.17
Scenario 2,1461,5,Market Euphoria,261,TRADING,163263.2,404297.2,169216.9,309727.9,1017652,904437.1,216563,510968,747449.6,970290.7,522918.5,317895.9,2946145,41249.63,416193.8,45550.99,342675.5,489570.5,1220793,42393.59,101678.1,446905.1,377480.8,425589.4,101821.5,133770.3,158735.6,194017.7,95041.28,161754,149342.5,143197.4,176396.5,112414.4,155606.5,132989.5,118685.2,1243490,17810.36,19948.3,124009.2,350320.8,130.9858,1419775,3741453,37222.6,620593.4,884771.7,42958.46,53326.63
Scenario 2,1462,5,Market Euphoria,262,TRADING,163386.3,404270.6,168929.4,309777.6,1015442,903544.7,216469.3,511092.1,746210.5,971336.2,522206.7,317442.8,2944134,41349.94,415971.8,45506.01,342145.3,489272.2,1223110,42434.8,101794.7,447269.3,377063.5,425605.3,101680.4,134012.2,158731.3,194209.8,95245.63,161688.6,149288.2,143211.5,176361.5,112217.2,155703.4,132988.3,118658.6,1244439,17808.35,19914.59,124018.1,350096,130.9758,1417764,3749370,37204.43,621323.1,886272.6,43032.52,53321.87
Scenario 2,1463,5,Market Euphoria,263,TRADING,163471.5,403901,168606.6,309792.5,1014134,903019.6,216207.2,510822.4,745273.2,971414.7,521877,316953.1,2944895,41417.46,416337.3,45482.92,341981.9,488508,1225596,42510.73,102062,447429.7,376687,425665.3,101571.3,134073.4,158756.7,194448.7,95485.74,161928.1,149279.8,143205.6,176394.4,112235,156126,132961.2,118632.5,1246764,17812.28,19863.5,124020.9,349757.5,131.1562,1415719,3757195,37200.74,622158.9,887670.7,43058.58,53344.82
Scenario 2,1464,5,Market Euphoria,264,TRADING,163530.4,403610,168341.6,309782.3,1013778,902091.7,215987.4,510693.6,744260.7,971450.2,521050.7,316576,2944655,41472.44,416362,45467.31,341197.8,488683.4,1228188,42571.25,102174.9,447567.8,376416.7,425607.6,101468.4,134010.7,158753.7,194651.8,95704.37,161959.7,149288.9,143322.4,176381.2,112250.9,156499,132975,118625.6,1248074,17819.96,19810.42,124033.5,349254.9,131.1662,1413468,3762831,37172.72,622246.3,887157.7,43059.82,53328.8
Scenario 2,1465,5,Market Euphoria,265,TRADING,163453.4,403391.9,168042.7,309834.3,1013598,900982.7,216004.2,510437.1,743053.9,971167.7,520656.4,315664.7,2946435,41554.7,416518.4,45437.98,340491,488601.9,1230928,42623.95,102259.5,448035.6,375534.5,425850,101356.1,134191.3,158706.4,194824.7,95968.45,162099,149121.8,143326,176393.7,112255.3,156726.5,132969.4,118585.7,1250305,17811.7,19738.43,124065.1,348639.3,131.4769,1410370,3771708,37185.58,622164.9,888789.4,43103.57,53348.4
Scenario 2,1466,5,Market Euphoria,266,TRADING,163551.5,403087.2,167788.6,309816,1012214,900426.6,215834.4,510180.1,742248.1,971750.3,519179.2,315196.7,2946902,41591.15,416568.5,45321.7,339989.6,487511.1,1234283,42714.35,102396.8,448242.3,375279.8,425460.5,101189.3,134235,158713.2,195167.1,96226.98,162023.3,148736,143331.5,176422.9,112316.6,156941.9,133005.1,118601.1,1250441,17799.08,19692.15,124064.4,348207.6,131.5271,1407706,3778955,37184.98,621847.5,889104.4,43197.31,53340.53
Scenario 2,1467,5,Market Euphoria,267,TRADING,163632,402589.3,167505.3,309699.1,1011011,898849.5,215598.2,510016.2,740963.9,971891.8,518303.7,314564.7,2946960,41680.97,417024.4,45279.91,339853.8,486896.1,1236929,42774.95,102548.3,447921.5,375054.6,425857.3,101053.1,134398,158677.6,195518.4,96467.99,162261.8,148624.7,143343.8,176510.1,112102.7,156875.1,133019.6,118627.7,1250962,17802.17,19651.08,124081.7,347748.7,131.6874,1405330,3786579,37168.86,622175.1,891029,43210.41,53377.78
Scenario 2,1468,5,Market Euphoria,268,TRADING,163749,402219.6,167284.2,309691.3,1009463,897837.4,215333.4,509394.5,739667.4,971307.8,517440.7,313970.3,2945432,41687.66,417544.4,45244.49,338695.2,486295.1,1240053,42841.9,102732,448308.7,374767.6,426030.7,100937.3,134417.4,158672.3,195359.5,96678.89,162055.8,148560.9,143347.2,176495.3,112085,157068.8,133018.3,118643.9,1251415,17800.73,19590.28,124074.9,347328.8,132.0583,1403072,3795232,37172.48,622342.6,892184.8,43292.7,53374.55
Scenario 2,1469,5,Market Euphoria,269,TRADING,163636.2,401685.4,166953.8,309795.3,1007738,897035.8,215356.9,508450.1,738445.2,970944.4,516468.6,313369.7,2944292,41778.1,417576,45172.05,337535.3,485610.1,1242086,42917.65,102923.2,448611,374187.7,426064.9,100821.5,134504.2,158633.5,195641.1,96894.42,162224.8,148647.9,143378,176595.1,112022.4,157375.8,133002.4,118610.5,1252922,17809.18,19533.54,124061.5,347079.8,132.2487,1400841,3802514,37168.4,623182.9,894266.6,43313.11,53348.31
Scenario 2,1470,5,Market Euphoria,270,TRADING,163805.7,401472.2,166644.1,309499.6,1007328,896538.6,215218.6,508413.7,737472.3,970151.8,515930.3,312695.7,2942563,41804.01,417939.7,45113.41,336980.9,485042,1244589,43047.21,103100.6,448773.6,374149,425614.6,100671,134507.7,158656,195988.3,97075.64,162485.9,148505.3,143354.1,176622.9,111979.2,157432.7,132998.2,118605.1,1255376,17808.42,19481.67,124065.4,346664.1,132.379,1398967,3810874,37181.93,622942.2,894943.7,43358.77,53351.38
Scenario 2,1471,5,Market Euphoria,271,TRADING,163787.2,401284.3,166359.5,309597.8,1006316,895274.5,215078.5,508319,736339.7,970074.1,514695,311982.1,2942156,41787.14,418671.2,45135.6,336834.1,484954.9,1246597,43120.16,103280.1,448797.9,374077.8,425644.6,100567.5,134611.4,158608.3,196341.9,97350.22,162224.3,148343.6,143378.9,176649.7,111842.4,157374.4,133029.8,118520.7,1257766,17811.77,19446.38,124107.9,346316.7,132.5093,1397455,3817994,37175,622888.1,896999.3,43380.97,53357.38
Scenario 2,1472,5,Market Euphoria,272,TRADING,163886.4,400965.4,166003.6,309773.8,1004506,893797.6,214938.3,508137.9,735139.9,969685.1,513671.8,311581.4,2941773,41803.62,419014.6,45084.19,336122.4,484755.8,1248849,43215.74,103446.1,449000.6,373646.8,425614.9,100448.9,134693.4,158682.6,196366.4,97551.61,162219.6,148212,143379,176625.6,111867.8,157485,133030.6,118504.4,1258271,17798.02,19376.69,124133.8,345925.9,132.4992,1395069,3826843,37183.26,623573,898719.1,43446.21,53393.82
Scenario 2,1473,5,Market Euphoria,273,TRADING,163804.9,400575.7,165717.2,309783.3,1003257,892549,214858.3,507806.2,733948.6,969890.6,512989.8,311204.6,2942720,41874.9,419265.7,45056.16,335262.1,484357.3,1251170,43342.62,103623.4,449476.9,373163.3,425842.2,100274.4,134697.6,158683.6,196518.4,97837.59,162457.4,148342.4,143364.3,176637.4,111639.7,157770.9,132989.3,118464.3,1258690,17793.06,19328.19,124156.1,345449.2,132.7699,1392911,3834969,37180.61,624032.2,901083.3,43505.95,53406.75
Scenario 2,1474,5,Market Euphoria,274,TRADING,163877.3,400227.6,165523.5,309813.8,1002322,891316.8,214705.9,507344.4,732602.6,970318.9,512013.7,310858.4,2941631,41947.43,419634.2,44956.09,334300,483731.6,1253715,43408.6,103770.3,449542.5,372828,426139.1,100084.4,134640.4,158671.5,196885.5,98145.55,162730.3,148370.3,143406.6,176604.9,111590.1,157847.4,133006,118423.8,1260282,17788.44,19304.23,124140.9,344826.9,132.9102,1390341,3841662,37202.96,624740,903073.8,43571.33,53374.47
Scenario 2,1475,5,Market Euphoria,275,TRADING,163921.3,399992.8,165211.9,309844.5,1000321,890130.2,214408,507419.1,731329.8,970211.1,510689.6,310353.3,2942221,41961.96,419398.1,44944.33,333692,483608.2,1256480,43472,103940.2,449776.3,372709.2,425613.5,99887.25,134665,158649.2,197169.2,98405.78,162878.1,148391.2,143420.1,176571.1,111587.6,158078.2,133014.1,118418.8,1261374,17783.93,19260.69,124173,344383.4,133.0405,1388460,3850732,37198.07,624206.8,905737.4,43648.85,53381.32
Scenario 2,1476,5,Market Euphoria,276,TRADING,164023.1,399690.5,164876.7,309724,998714.6,888545.1,214238.9,507629.1,730301.5,970838.5,509833.9,309802.6,2941929,41973.88,419849.2,44920.32,333075.3,482831.3,1259699,43510.92,104053.4,449803.1,372345.7,425053.2,99733.71,134777.1,158655.8,197527.6,98740.78,162858.4,148487.6,143434,176593.6,111362.1,158335.4,133017.9,118411.2,1262008,17769.64,19206.08,124174,343720.4,133.0906,1386021,3860006,37181.67,624959,907067.8,43724.73,53384.74
Scenario 2,1477,5,Market Euphoria,277,TRADING,163994.3,399422.7,164545.4,309639.7,997188.4,887591.7,214136.5,507725,729199.4,970698.6,508786.3,309497.6,2941650,42015.44,419957.5,44932.45,332578.2,482868.3,1262210,43566.33,104282.9,449751.7,372026.6,424908.8,99631.29,134915.6,158650.1,197421.3,98929.15,163120.9,148638.5,143452.1,176626.7,111259.7,158622.3,132981.6,118361.6,1264376,17765.9,19161.25,124173.6,343326.9,133.271,1384134,3868344,37177.78,625044.1,906591.9,43804.28,53371.81
Scenario 2,1478,5,Market Euphoria,278,TRADING,164040.6,399124.6,164230.2,309626.9,994893.9,885804.5,213765.8,507525.5,727832.1,970837.3,508001.3,309367.4,2941339,42128.89,420400.7,44925.76,332179.9,482403.1,1265373,43611.72,104418.6,449988.5,371385.2,424869,99565.24,135019,158644.5,197917,99132.67,163355.5,148650.7,143501.5,176725.5,111127.8,158671.9,132978.2,118357.4,1265769,17780.14,19118.51,124180.1,342992.2,133.3111,1381693,3877319,37164.19,625000.7,908529.2,43895.29,53332.94
Scenario 2,1479,5,Market Euphoria,279,TRADING,164194.4,399006.4,163877.5,309673.1,992710.8,884583.9,213569,506995.8,726491.3,971519.4,506757.5,309067.4,2942319,42189.07,421276.7,44888.62,331698.7,481867,1268449,43694.73,104583,450364.4,371505.3,424275.6,99475.03,135128.7,158698,198063.6,99408.57,163616,148585.2,143521.3,176816,110905.2,158936.3,132986.9,118396.5,1266910,17781.94,19073.65,124184.6,342485.6,133.3512,1378766,3884420,37144.7,625469,910365.7,43927.89,53340.25
Scenario 2,1480,5,Market Euphoria,280,TRADING,164177.3,398660.9,163596.7,309769.6,992710.7,883121.5,213410.4,506910,725338.4,971410.4,506238.1,308516.6,2941871,42248.42,421434.5,44839.73,331149.9,481560.6,1268520,43759.37,104770.5,450269.3,371416.6,424043.9,99359.94,135182.3,158659,198294.3,99647.11,163850.3,148320.2,143573.5,176797.1,110898.4,159037.3,132976.3,118380.7,1269963,17782.68,19007.14,124214.2,342049.3,133.3111,1376300,3892434,37140.05,625714.5,912929.4,43943.85,53337.26
Scenario 2,1481,5,Market Euphoria,281,TRADING,164232.6,398329.7,163375.9,309704.8,990626,881568.4,213207.1,506843.3,724265.9,972203.9,504919.6,308104.5,2941421,42246.72,421778,44805.43,330317.4,481696.4,1268520,43852.1,104904,449907.3,370727.2,424285,99254.15,135295.4,158627.1,198460.3,99859.55,163931.9,148236.8,143551.8,176792,110700.9,159435.5,132977.3,118382.9,1272101,17798.06,18962.72,124223.7,341534.6,133.3812,1373764,3901006,37132.25,626183.2,913861.2,44027.02,53379.02
Scenario 2,1482,5,Market Euphoria,282,TRADING,164239.2,398134.2,163053.2,309649.8,987654.1,880778.4,213177.9,506985.5,723159.7,972462.7,503822.1,307330.7,2942527,42307.99,421928.6,44762.33,329810.1,480892.2,1268520,43924.57,105104,450088.4,370311.4,424140.2,99126.45,135313.9,158620.9,198758.4,100090.1,164072.8,148325.6,143549.1,176787.2,110649.8,159464.4,132945.9,118375.7,1272087,17799.36,18903.39,124220.3,340759.9,133.2509,1371974,3907391,37109.99,625875.5,915984.4,44095.65,53376.63
Scenario 2,1483,5,Market Euphoria,283,TRADING,164116,397951.6,162830.2,309552.8,985940.5,880220.7,212907.9,506764.5,721800.4,973031.3,502478,306848.4,2942839,42309.47,421887.5,44728.69,329651.6,480749.7,1268520,43963.34,105274.1,450143.4,370051.9,424168.9,99043.58,135304.1,158653.8,198763.5,100400.2,163786.7,148171,143565.1,176791.5,110560.2,159620.2,132947.8,118365.3,1274742,17811.18,18850.69,124241.3,340406.8,133.4915,1369417,3912786,37114.1,626727.3,915984.4,44134.43,53358.27
Scenario 2,1484,5,Market Euphoria,284,TRADING,164049.1,397829.4,162516.8,309455.7,986619.2,879083.2,212639.7,506843.7,720788.2,973047.3,501522.5,306590,2942091,42365.81,422443.3,44716.39,329365.6,479689.4,1268520,44016.74,105374.2,450445.7,369213.5,423953.2,98898.31,135470.8,158715.5,199117.4,100624.1,163998.7,148005.3,143616.4,176780.3,110384.2,159755.4,132941.7,118414.3,1274420,17812.78,18806.34,124226.6,339961.2,133.5216,1367511,3919526,37102.79,627380.4,916144.5,44195.43,53340.6
Scenario 2,1485,5,Market Euphoria,285,TRADING,163977,397539.6,162320.7,309323.2,985163.1,876889.8,212591.1,506715,719938.3,973098.8,500329.7,306114.8,2941071,42409.07,423068.9,44663.13,329270.5,479027.9,1268520,44088.51,105500.3,450758,368978.2,423749.7,98757.89,135515,158699.8,199367.4,100775.6,164120.3,147927.1,143608.6,176756.9,110307.5,159965,132943,118464.1,1274794,17816.32,18756.96,124249.5,339328.8,133.4414,1364407,3928322,37085.68,628236.2,917896.5,44307.62,53335.85
Scenario 2,1486,5,Market Euphoria,286,TRADING,164028.6,397214.7,162046.7,309293.6,983469.9,876023.2,212527.4,506492.2,718880.2,972902.8,499238.4,305504.9,2939637,42463.45,423682.1,44630.79,328650.5,477944.2,1268520,44143.61,105580.9,450867.8,368483.7,423571.8,98632.1,135569.3,158697.6,199743.2,101079,164059.5,147832.9,143600.8,176798.1,110183.3,159876.2,132945.6,118478.2,1278358,17816.45,18702.42,124259.8,338727,133.7521,1361591,3936059,37096.67,628263,919893.1,44379.12,53337.94
Scenario 2,1487,5,Market Euphoria,287,TRADING,163963.2,397063.6,161849.4,309247,981547.5,875428.1,212403.1,506308.7,717723,972910.8,498065.5,305109.4,2940007,42437.47,423700.5,44613.63,328223.4,477817.4,1268520,44234.81,105790.5,451336.8,368152.9,423432,98439.78,135602.3,158670.2,199813.1,101302.3,164308.9,147849,143610.8,176760,109833.9,160253.9,132918.8,118504.3,1280610,17811.72,18677.81,124291,338365.2,133.9024,1358871,3943898,37082.75,628244.6,923007.4,44403.31,53332.25
Scenario 2,1488,5,Market Euphoria,288,TRADING,163975.3,396952.8,161562,309077.1,979557.4,874814.3,212398.2,505992,716619,973233.2,497298.2,304784.7,2939782,42479.76,423974.1,44552.77,328243.4,477549.2,1268520,44281.5,105932.6,451378.9,368089.6,423109.1,98304.19,135646.9,158599.5,200171.5,101569.1,164313.2,147734.2,143612.5,176775.7,109713.9,160544,132938.2,118478.9,1280398,17803.57,18625.96,124264.4,337862.3,134.1029,1355710,3953101,37076.77,628137.1,924767.6,44439.49,53349.34
Scenario 2,1489,5,Market Euphoria,289,TRADING,164106.3,396731.8,161358.8,309138.8,977516.8,873748.1,212095.5,505451.9,715078,973215.5,496740.2,304295.8,2937808,42497.69,424214.8,44546.46,327573.6,477124,1268520,44366.2,106114.2,451841.4,367871.4,422950.1,98245.16,135724,158528.4,200579.1,101893.7,164684.9,147740.6,143538.4,176853.2,109522.8,160884,132950.3,118503.3,1283046,17809.85,18578.95,124294.3,337442.5,134.1029,1352619,3962166,37076.77,629199.5,926002.9,44521.67,53342.72
Scenario 2,1490,5,Market Euphoria,290,TRADING,164087.6,396294.8,161220,309185.9,976048.8,872643,211981.3,505500,714213.1,972697.5,495689.8,303752.7,2936516,42557.57,424649.3,44455.64,326572.2,476387.5,1268520,44419.65,106249.4,452351.7,367152.3,422775.9,98173.75,135668.2,158494.3,200763.7,102084.6,164896.2,147796.7,143557.3,176876.2,109455.8,160936.6,132934.5,118546.6,1283323,17808.92,18533.45,124265.4,336930.4,134.1129,1350730,3970451,37063.12,630659.2,927185.6,44585.13,53360.69
Scenario 2,1491,5,Market Euphoria,291,TRADING,164117.3,396103.9,161004.4,309186.4,975594.3,871317.6,211966.1,505503.8,713033.6,972479.6,494421.6,303101.5,2936086,42569.12,424762.9,44409.6,326359.4,476012,1268520,44456.84,106453.1,452318.1,366687.6,422456.8,98036.65,135726.2,158447.1,201200.8,102351.7,164817.1,147956,143538,176918.4,109476,161008.7,132903.1,118543.5,1285859,17806.83,18474.49,124294.7,336452.9,134.2231,1347952,3978046,37057.62,631629.4,928479.1,44630.17,53359.92
Scenario 2,1492,5,Market Euphoria,292,TRADING,164244,395960.4,160725.4,309214.6,973854.7,870144.8,211764.4,505319.9,711867.5,973176.2,493120.9,302870.4,2935060,42643.12,425875.1,44400.13,325780.3,475603.7,1268520,44456.84,106638.3,452525.3,366212.5,421972.5,97862.45,135839.8,158415.9,201422.5,102582,165064.7,147692.3,143524.5,176993.4,109410.3,160838.1,132928.5,118535.6,1287077,17814.32,18430.84,124294.9,335779.7,134.4035,1345239,3985304,37060.1,632253.4,928022.6,44695.57,53332.37
Scenario 2,1493,5,Market Euphoria,293,TRADING,164290.6,395724.1,160429.9,309220.9,971920.1,869090,211680,505069.5,710566.3,973262.1,492127,302340.6,2937101,42675.94,426001.6,44393.01,325207.8,475536.4,1268520,44456.84,106826.8,452762.3,366039.1,421858,97728.15,135878.1,158419,201426.1,102823.4,165251.3,147632.8,143582.5,177034.3,109361.7,161052.3,132965.6,118558.9,1287513,17812.02,18388.91,124318.8,335337.7,134.7042,1342684,3991725,37085.05,632654.7,929778,44766.53,53361.03
Scenario 2,1494,5,Market Euphoria,294,TRADING,164341.9,395361.2,160180.4,309202.3,970395,867751,211460.6,504862.2,709541.3,973212.5,491573.4,301695.8,2936022,42763.16,426489.3,44377.81,324750.8,475630.7,1268520,44456.84,106892,453369.1,365556.8,421945.4,97653.96,135892.7,158404.2,201725.8,103098,165229,147502.5,143557.4,177104.2,109266.5,161261,133005.1,118515.7,1289615,17806.02,18354.57,124345.9,334759.6,134.7343,1340408,4000764,37072.65,633711.2,930009.5,44861.48,53362.29
Scenario 2,1495,5,Market Euphoria,295,TRADING,164313.8,394862.2,159833.5,309330.1,967761.8,867071,211372.6,504800.2,708350.8,974255.6,490932.7,300928.9,2935436,42823.22,426857.9,44302.32,324075.3,475876.6,1268520,44456.84,106982.4,453645.2,365466.5,422087.6,97531.29,135894.3,158373.3,201921.6,103347.9,165283.1,147391.1,143564.8,177152.9,109033.3,161729.1,133035.5,118458.4,1289205,17815.31,18303.85,124390.7,334435.7,134.6641,1337860,4008814,37054.27,635318.4,930755.1,44870.56,53338.1
Scenario 2,1496,5,Market Euphoria,296,TRADING,164370.8,394744.5,159615.6,309439.3,966444.8,867141,211296.3,504717.3,707452.2,974794.3,490297.7,300861.3,2934186,42886.27,427209.6,44279.67,323977,475355.3,1268520,44456.84,107121.8,454378.3,364997.3,421583.8,97398.07,135958.7,158351.5,202359.3,103607.5,165361.1,147397.6,143523.1,177164.9,108896,161927.2,133047.8,118479.5,1291716,17806.75,18241.09,124417.3,334043.6,134.7944,1336314,4016061,37036.83,636481.7,931540.3,44846.71,53356.17
Scenario 2,1497,5,Market Euphoria,297,TRADING,164400.8,394449,159366.2,309317.2,965242,865963,211287.2,504986.8,706083,975073,489136.5,299951,2932872,42936.36,426892.9,44281.5,323589.1,475387.9,1268520,44456.84,107235.8,454708.6,364576.5,421353.8,97239.34,136073.2,158301.8,202673.7,103836.5,165588.4,147445.7,143448.6,177198.3,108877.8,162108.9,133063.9,118456.6,1292660,17806.33,18185.74,124468.6,333686.7,135.035,1333826,4022077,37043.69,637101,931652.7,44884.1,53386.68
Scenario 2,1498,5,Market Euphoria,298,TRADING,164381.8,394107.5,158936.3,309482.5,963490.3,865442,211047.7,504625.2,704908.2,974115.5,488247,299204.1,2932111,42985.41,427925.8,44253.99,322851.5,474600.1,1268520,44456.84,107360.3,455213,364330.5,421031.3,97079.97,136125.7,158301.4,203100.9,104116.4,165763.8,147336.9,143465.5,177221.3,108644.2,162294.6,133055.5,118456.5,1294509,17785.2,18130.31,124475.7,333240.9,135.2555,1331891,4022077,37040.32,637853.7,933622.6,44919.63,53393.03
Scenario 2,1499,5,Market Euphoria,299,TRADING,164235,394105.2,158713.7,309540.3,961552.2,864358.8,210903.3,504700.9,703860.8,975247.4,487569.1,298541.1,2931468,43102.33,428523.5,44220.96,322490.8,473706.4,1268520,44456.84,107517.3,455534.6,363913.5,420687.5,96926.96,136041.9,158278.9,203355.3,104406.2,165751.5,147268.5,143485.4,177270.6,108475.1,162662,133064.7,118427.8,1296488,17792.39,18066.66,124485.6,332636.9,135.2855,1329333,4022077,37053.98,638335.8,935338,44986.63,53381.21
Scenario 2,1500,5,Market Euphoria,300,TRADING,164119.5,393968,158460.4,309656,960818.3,863571.8,210606.1,504015.2,703020.2,975048,486744,298133.4,2930482,43162.71,428563.5,44245.65,321813.4,474011.1,1268520,44456.84,107617.3,455560.2,363204.8,420761.6,96778.54,136066,158235.4,203620.8,104701.2,166001.9,147163.4,143444.9,177354.9,108510.8,162513,133076.6,118431.4,1298289,17786.67,18036.89,124465.5,332156.5,135.1051,1326629,4022077,37044.44,639030.6,937299.6,45017.45,53363.76
Scenario 2,1501,6,Negative Shock,1,TRADING,149298.2,413164.8,163200,290069.2,1031485,966503.2,197152.2,522993,661716.1,927412.3,496048.7,325907.3,3049273,41698.22,418587.5,45787.66,320028.5,524328.2,1299962,50723.92,112428.9,495988.1,339530.7,405423.5,86107.5,145233.7,160817,186112.8,101715.4,182048.9,138953.6,135358.6,171115.5,102898.7,171458.1,142650.5,115352.9,1265009,18090.47,16960.48,133033.6,361753.1,146.83,1288141,4358878,39563.4,679429.8,857659.9,43853.82,52423.39
Scenario 2,1502,6,Negative Shock,2,TRADING,148739.8,413327.9,162976.5,290219.4,1030161,965984.2,196748.8,520895.9,662499.6,925421.3,495526.7,325453.1,3048718,41697.68,418846.1,45783.08,320142.5,524146.6,1297114,50690.52,112308.2,495275.3,340500.5,406130.2,85882.76,145332.5,160627.7,186132,101649.3,181914.8,138811.2,135278.7,170940.2,102800.4,171187.2,142527.9,115238.6,1264071,18109.46,16931.92,133128.3,361512.5,146.85,1286629,4347082,39570.69,679421.9,857513.2,43785.05,52231.5
Scenario 2,1503,6,Negative Shock,3,TRADING,148705.7,412207.3,163117.1,290116.2,1030200,966445.1,197159.4,520322.7,663165.4,926320.5,494992.9,325658,3052702,41638.57,418196.2,45778.5,320017.5,523698.4,1294407,50593.94,112283.2,494367.4,340019.8,405513.1,85744.83,145228.9,160644.2,185740.1,101738.2,181624.1,138799.9,135244.4,170524.3,102765.3,171219,142802.5,115265.3,1263934,18104.54,16922.07,133041,360938.1,146.93,1286901,4343770,39470.73,680411,857038.3,43738.98,52102.5
Scenario 2,1504,6,Negative Shock,4,TRADING,148301.2,412775.5,162878.1,290166.2,1029626,965226.7,197155.9,520331.2,661180,926921.9,495332.3,325599.7,3042560,41610.93,418081,45773.92,320281,523769.7,1292392,50498,112161.4,494094.4,340174.8,405841.7,85740.51,145238.7,160848.4,185713,101775.1,181654.9,138704.8,135106.6,170516.5,102482.6,171092.4,142460.4,115288.4,1263112,18110.24,16925.9,133147.7,360551.6,146.93,1287145,4333963,39407.61,680083.4,858767.7,43810.59,51980.52
Scenario 2,1505,6,Negative Shock,5,TRADING,148025.4,413056.8,162724.2,289822.8,1029962,964428.1,196958,519803.4,661114,926300.1,494880.6,325317.5,3039530,41569.27,417840.7,45769.34,320003.9,524016.8,1291275,50532.9,112076.1,494145.6,339097.8,405913.2,85627.91,145121.6,160841.1,185130,101584.7,181570.6,139146.5,134996.5,170460.2,102312.8,170717.3,142359.8,115097.6,1263842,18135.01,16911.77,133126,359141.9,146.91,1285741,4334048,39395.04,679577.6,860768.8,43822.92,51925.29
Scenario 2,1506,6,Negative Shock,6,TRADING,147867.8,412378.6,162199,289244.5,1028349,964656.3,196958.9,520020.8,662121,925415.5,494429.8,324856.5,3038216,41501.82,417729.2,45764.77,320010,524193.8,1290051,50474.69,111901.7,493724.8,339158.3,405482.1,85383.05,145070.9,160746.9,185288.9,101534.1,181152.8,138973.8,134843.1,170571.8,102326.8,171160.1,141898.3,115139.1,1264088,18119.12,16895.31,133365.9,359332.4,146.83,1285882,4325983,39380.13,679825.3,861149.3,43741.7,51848.06
Scenario 2,1507,6,Negative Shock,7,TRADING,147990.3,411771.6,162256.4,288875.5,1027170,963802.3,197005,519982.8,661396.3,925509.2,494419.8,324102.9,3046321,41517.88,416812.7,45760.19,319822.3,523781.8,1290262,50476.03,111829,493081.8,339717,404845.4,85464.77,144878.6,160685.3,185123.1,101505.7,181120.4,138997.4,134869.7,170919.2,101906.5,170907.7,141635.3,115091.5,1262498,18123.54,16896.05,133263.1,358720.4,146.81,1286729,4335081,39446.78,679559.7,858825.5,43718.55,51867.86
Scenario 2,1508,6,Negative Shock,8,TRADING,147618.6,410716.6,162348.1,288920.5,1025774,965064.5,196978.8,519642,661239.3,925080.2,494187,323608.1,3045938,41529.27,416936.7,45755.61,319572,523652.1,1289101,50464.69,111768,492584.4,339930.5,404207.1,85362.15,144750.1,160391.9,184886.2,101318.1,181020.8,139058.7,135020,170634.4,101877.9,170846.2,141520.2,114823.4,1260862,18149.67,16885.25,133546.8,358856.7,146.68,1286710,4328267,39370.98,678629.3,860133.6,43688.33,51783.1
Scenario 2,1509,6,Negative Shock,9,TRADING,147557.5,410887,162370.6,288516.2,1024416,964086.5,197006.5,519116,662171.6,925520.5,494258.6,323983.7,3039278,41583.02,416398.3,45751.03,319179.4,523603.4,1289643,50527.97,111633,492836.6,338497.9,403834.5,85330.03,144671.8,160271.8,184663.9,101428.7,180941.4,138802.2,134804.7,170886.2,101751.9,170938.4,141312.9,114497,1261302,18139.35,16864.68,133734.8,359149.5,146.63,1286884,4329653,39373.55,677606,860657.9,43672.34,51909.28
Scenario 2,1510,6,Negative Shock,10,TRADING,147757.6,410566.8,162386.4,288685.7,1024802,962491,197086.9,517762.8,661587.5,924759.9,494179,323842,3039686,41551.15,416712,45746.45,319017,523936.9,1289167,50570.66,111609.7,492914.4,338374.1,403867,85193.32,144613.2,159906.8,184772.2,101228.5,180795.9,138881.9,134797.4,170925.3,101704,170995.1,141440.9,114544.2,1261911,18135.49,16873.48,133550.7,358541.9,146.5,1284250,4319475,39395.75,676632.5,859882.9,43790.14,51900.92
Scenario 2,1511,6,Negative Shock,11,TRADING,147415.7,410327.7,162030.3,288959.9,1025464,962200.4,196698,517025.1,661411.9,924762.1,493697.8,324194.4,3040462,41571.05,416416.4,45741.87,318859.7,523006.1,1288750,50449.92,111598.9,492218.3,338223.5,403845.4,85336.71,144533.9,159966.4,184487.6,101124.8,180515.4,139005.9,134734.5,170555.1,101787.7,170695.9,141215.9,114512.1,1259894,18164.13,16842.76,133304.7,358845.6,146.45,1284212,4318587,39403.06,675743.3,860452.9,43868.34,51770.38
Scenario 2,1512,6,Negative Shock,12,TRADING,147198.6,410529.4,161931.6,288522.3,1025805,963840.3,196565.6,516668.6,661380.4,924142.9,493319,323891.2,3038751,41518.01,415535,45737.29,318863.4,522301.9,1287379,50480.1,111504.3,491982.7,338343.1,402826.3,85160.66,144415.7,159894.8,184106.6,101011.4,180433.5,138914.4,134612.2,170637.2,101692.9,170367.8,141165,114279.6,1257193,18124.87,16831.24,133675.8,358523.2,146.39,1283124,4320300,39314.29,675038.4,859653.5,43827.05,51766.09
Scenario 2,1513,6,Negative Shock,13,TRADING,147442.2,409329.2,161729.9,288399.9,1025795,964865.6,196392,517013,659820.1,925554.1,492930.7,323861.5,3030104,41503.8,415427.7,45732.71,318743.6,522336,1286526,50404.18,111460.9,491747.1,338193.1,402825.4,85210.16,144107.3,159875.4,183963.2,101180.8,180253.8,138673.5,134501.5,170552.8,101678.8,171033.4,140994.5,113956,1256987,18088.24,16823.93,133351.9,358225.6,146.3,1282806,4322769,39323.72,673586.5,861165.4,43853.01,51715.95
Scenario 2,1514,6,Negative Shock,14,TRADING,147185.1,408684.7,161490.7,288210.9,1026100,963214.8,196147.2,516165.8,660343.3,923983.5,492747.6,323514.2,3032391,41499.23,415230.6,45728.14,318491.9,522307.3,1287256,50419.49,111495.4,491953.9,336899.4,402272.6,85175.51,144315.4,159742.5,184212.2,101094.3,180261.5,139002.9,134579.1,170183.7,101567.8,171060.3,141196.7,113863.4,1256548,18061.24,16793.51,133101.8,357912.9,146.23,1281771,4316678,39260.1,673924.7,860196.3,43879.92,51611.47
Scenario 2,1515,6,Negative Shock,15,TRADING,147473.5,410053.9,161585.3,288066.2,1025938,965987.1,196305.5,515331.6,659756.6,924298,493296.3,322623.1,3029605,41453.49,414391.8,45723.56,318318.7,522713.5,1285885,50382.67,111392.9,491113.3,336717.1,401806.5,85251.57,144101.4,159726.2,183849.3,101174.9,180383,139167.3,134516,170260.9,101603.7,171105.6,141071.7,113879.2,1254310,18076.79,16782.06,132856.1,357530.4,146.23,1282206,4309036,39206.11,673373.9,860911.7,43838.79,51626.28
Scenario 2,1516,6,Negative Shock,16,TRADING,147690.5,410186.5,161667.9,287983.4,1026868,967351.2,196688.9,514496,659753.5,925096.8,493110.2,322164.3,3023744,41452.26,414171.7,45718.98,318322.8,522686.2,1286183,50400.17,111342.9,491837.4,337072.6,401794.9,85362.6,144141.4,159672.1,183922.1,101068.2,180396.8,139186.7,134501.4,170015.8,101536,171533,140856.8,113921.1,1254620,18079.55,16774.76,133043,356577.9,146.21,1283626,4303509,39174.22,673700.4,859897.1,43915.93,51646
Scenario 2,1517,6,Negative Shock,17,TRADING,147408,409820,161648.4,288202.1,1024875,965251.7,196098.5,513687.4,658518.1,925475.4,492978.8,321665.7,3023249,41467.72,413690.1,45714.4,318399.4,522767.2,1283956,50319.43,111305.4,491697.1,336221.1,401096.6,85487.65,143988.7,159902,183855.2,100958.7,179919.6,139123.9,134368.1,169911.4,101424.5,171347.3,140995.6,113709.1,1254722,18109.21,16756.92,133000.3,356843.9,146.12,1282785,4297612,39189.9,673189.6,858605.3,43831.37,51581.07
Scenario 2,1518,6,Negative Shock,18,TRADING,147234.9,409812.7,161879.7,287775.2,1024086,965201.1,195998.9,512736,658067,925313.6,492703,321644,3021931,41399.92,413963.8,45709.82,318394.7,522753.5,1284605,50405.96,111314.5,491165,335822.7,400619.8,85425.37,144076.8,159837.2,183518.5,100932.8,179622.4,139230.2,134344.4,169672.9,101296.4,171213.5,140728.1,113772.9,1251938,18099.3,16751.73,132810.9,356666.7,146.13,1285110,4297177,39249.12,672598.1,856404.6,43762.92,51475.15
Scenario 2,1519,6,Negative Shock,19,TRADING,146897.5,410572.3,161753.7,287510.8,1023501,964311.4,196016.6,512789.5,657241,924168.9,492363.6,321601.6,3025674,41316.41,413703.7,45705.24,318023,522331.2,1284300,50414.45,111214.7,491450.4,337402.4,400755.6,85432.24,144051.1,159786.7,183478.5,100911.6,179238.8,138995,134302.2,169510.7,101156.3,171330.8,140506.8,113601,1249167,18104.49,16726.23,132920.9,356712.7,146.15,1282476,4284795,39196.48,671610,858362.6,43781.77,51437.24
Scenario 2,1520,6,Negative Shock,20,TRADING,146877,409606.4,161827.7,287461.8,1023070,964041.4,195660.1,512461,657418.8,924100.2,492723.4,321656.1,3028371,41286.98,413343.1,45700.66,317652.2,522347.6,1283834,50395.56,111171.6,491089.7,336756,401121.5,85350.61,143906.3,159749.1,183026.3,100792.3,179003,139038.5,134189.1,169548.8,100911.8,171019,140568.9,113585.2,1249929,18113.02,16721.65,132521.9,356204.7,146.1,1281797,4272932,39209.79,671371.5,855376.9,43819.69,51381.8
Scenario 2,1521,6,Negative Shock,21,TRADING,146571.1,409700.3,161572.1,287595,1021535,964188.2,195543,511682.7,654529.2,922787,492600.3,321195.3,3032674,41310.13,412776.6,45696.08,318396.8,522460,1282977,50381.31,110921.5,491567.5,335386.1,401009.9,85226.55,144148.2,159688.6,182587.2,100806.5,178666,139145.8,134243.3,169707.5,100902.7,171204.1,140592.9,113632.8,1247968,18131.44,16726,132227.2,355289.7,146.12,1283301,4268071,39211.95,672039.3,855764.5,43806.91,51292.92
Scenario 2,1522,6,Negative Shock,22,TRADING,146453.3,410305.3,161202.6,287494.1,1021039,963477.6,195332,511264.1,655749.2,923577.6,493307.1,320509.4,3025506,41298.75,412904.4,45691.51,318099,522244.8,1282622,50404.76,110969.6,491060.8,335256.9,400385.7,85143.94,144017.3,159789.4,182599.6,100944.6,178611.2,139278.6,134164.2,169583.6,100837.7,171303.3,140189,113572.9,1247075,18109.22,16716.71,132063.5,355298,146.17,1282305,4265168,39199.4,672819.6,855064,43817.43,51187.11
Scenario 2,1523,6,Negative Shock,23,TRADING,146144.8,410532.1,160897,287307.8,1020036,963767.6,195802.4,510864.3,654942,922048.8,493709.1,320373.9,3022481,41318.14,412511.3,45686.93,317770.6,522856.1,1284392,50386.55,110997.4,490862.1,335266.6,400153.2,85109.61,143831.2,159693.6,182539.9,101101.1,178682.5,139334.2,133986.5,169440.9,100704.3,171406.8,140011.7,113511.5,1245723,18081.32,16704.16,132125.8,356007.7,146.21,1280240,4266406,39227.4,673383.6,856065.4,43822.76,51108.79
Scenario 2,1524,6,Negative Shock,24,TRADING,146360.4,410846.9,160772.7,287234.1,1019493,962961,195121.2,511193.1,655517.6,923090.1,493338.6,319828.1,3018951,41373.43,412441,45682.35,317837.6,522844.6,1282185,50273.33,110898.8,490849.1,335665.1,399603.1,85203.12,143683.5,159853.2,182659.3,101108.9,178323.4,139300.6,134010.2,169547.5,100659.7,171249.1,139578.9,113596.4,1245749,18107.35,16691.07,131981.3,356274.7,146.22,1279732,4261271,39295.42,673290.3,853658.1,43845.96,51112.54
Scenario 2,1525,6,Negative Shock,25,TRADING,146179.3,410831.3,160682.1,287232.1,1018884,963462.3,195434.6,511607.6,653934.9,920045,493502.2,318952.6,3022149,41321.14,411841.7,45677.77,317995.7,522312.5,1280138,50341.99,110875.8,489817.7,334830.6,400215.6,85291.07,143808.9,159943.1,182800.6,101085.4,178444.9,139121.3,134044.3,169582.2,100488,171302,139216,113528.6,1244853,18098.58,16674.26,131701.4,356026.7,146.15,1281258,4261311,39351.94,672444.6,852417.4,43783.67,51040.17
Scenario 2,1526,6,Negative Shock,26,TRADING,145818.8,410969,160628.7,286677.3,1016478,962197.8,195495.2,511394.5,652518.2,917138.4,493217.6,318140.5,3022923,41268.45,411717.2,45673.19,317928.1,522622.2,1278401,50310.55,110891.9,489157.8,335407.5,399420.2,85295.29,143791.6,159892.6,182431.3,101057.3,178553.8,138963.2,134000.6,170144.1,100100.9,171247.8,139008.2,113434,1244554,18088.97,16649.12,131720.3,356174,146.2,1280775,4249940,39322.68,671683.3,851792.1,43825.28,50905.21
Scenario 2,1527,6,Negative Shock,27,TRADING,145416.2,410352.9,160282.5,286469.1,1014855,962474.5,195317.1,510549.2,649569.4,916873.4,492704.2,318457.8,3018850,41314.26,412066.1,45668.61,317631.8,522186.4,1277507,50216.05,110912.7,489009.4,335297.1,399175.3,85161.75,143849.7,159945,182206.2,100910.7,178353.9,139023.9,134101.9,170107.4,100099.3,171330.8,138719.8,113204.3,1243789,18114.23,16649.23,131943.9,355588.6,146.1,1279153,4243021,39309.39,669192.9,850828.2,43807.53,50883.93
Scenario 2,1528,6,Negative Shock,28,TRADING,145372.4,409656,159937.2,286023.9,1015143,961002.7,195287.1,509685.8,650335.4,916792.4,492201.3,318372.8,3019884,41234.72,411990.9,45664.03,317665.7,522493.6,1277989,50205.68,110819.4,488091.7,334875.6,398655.2,85014.44,143788.8,159864.5,182208.2,100901.7,178367.3,139110.8,134176.6,170195.7,99898.68,171298.5,138649.6,112991.1,1239667,18104.3,16629.95,131858.8,355184.2,146.01,1279308,4240567,39283.08,668092.9,850082.4,43730.38,50848.31
Scenario 2,1529,6,Negative Shock,29,TRADING,144800.5,408825.2,159762.9,285533.7,1014204,959490.4,195445.5,508770.8,649899.9,916089.3,490857.3,318405.5,3015387,41170.55,412307.3,45659.45,316983.2,522534.4,1277024,50160.78,110874.9,487918.6,334246.1,398087.5,85027.76,143834.7,159818.6,181870.7,100731.4,178200.3,138760.8,134185.8,170457.8,99779.89,171407.3,138799.5,113098.7,1238762,18105.31,16620.82,131789.6,354950.4,146.03,1278140,4236925,39194.7,667686.4,847657.1,43709.94,50835.44
Scenario 2,1530,6,Negative Shock,30,TRADING,144563,408761.4,159879.8,285484.7,1013487,958507.8,195380.3,508504.1,649038.8,915467.1,491377.4,317874.2,3014656,41099.05,412038.5,45654.88,317190.9,522445.8,1276446,50146.04,110934.6,487641,335008,397253.1,85123.94,143826.9,159913.6,181532.8,100743.3,177993.7,138637,134405.5,170157.9,99522.88,170977.5,138756,113198,1237872,18081.5,16585.98,131607,354991.6,145.94,1279523,4234165,39180.21,667786,849010.9,43655.86,50853.5
Scenario 2,1531,6,Negative Shock,31,TRADING,145023.8,408012.1,160298.9,285533.6,1013151,955595.5,195470.9,507704.2,649179.3,915075,491149.7,317540.4,3015399,41058.23,411310.6,45650.3,316704,521221.9,1275573,50198.16,110883.4,487652.3,335140,397238.1,85096.42,143815.3,160025.2,181925.5,100528.4,177736.4,138637,134400.6,169592.6,99288.58,171004,138961.8,113130.4,1236401,18088.97,16574.21,131062.3,355296.2,145.98,1276887,4232127,39224.29,666148.1,849132,43693.44,50850.81
Scenario 2,1532,6,Negative Shock,32,TRADING,145058.1,407889,160181.5,285470.8,1013388,954700.2,195209.4,506073.8,648466.1,915435.1,490982.9,317708.3,3008298,41057.6,411175.9,45645.72,316813.4,520874.6,1274695,50202.21,110805.2,485433.1,334564.6,396907.4,84945.36,143905.1,160211.6,182230.5,100469.3,177695.6,138560.1,134254.4,169542.1,99228.35,170928.1,138442.5,112900.6,1234736,18100.1,16579.76,131085.1,355275.5,145.88,1277836,4238191,39257.18,665111.3,848510.8,43619.83,50877.53
Scenario 2,1533,6,Negative Shock,33,TRADING,145416.5,407906.9,159914.4,285210.2,1013785,954562,195112.5,505856.5,647729.2,915170.2,489846.8,317106.4,3002810,41086.81,411100.3,45641.14,316636.3,520882.1,1271230,50161.34,110771.8,485532.9,334397.8,397332.8,84836.36,143848.3,160205.2,182440.5,100428.4,177881.2,138710.1,134068.2,169565,99366.52,170706.6,138387.1,112663,1233068,18116.58,16571.39,131287.2,355148.5,145.84,1276927,4235687,39262.42,664817.6,848302.2,43585.63,50728.91
Scenario 2,1534,6,Negative Shock,34,TRADING,145112.8,407875.3,160040.9,284965.5,1015372,953190.5,194890.2,505411.7,645615.2,914269.8,489888.5,317711.3,3001960,41025.77,410702.5,45636.56,315814.2,520284.4,1270629,50085.24,110721.9,485006.7,334286.9,397167.1,84808.57,143834.5,160308.5,182440,100481.7,177531.4,138590.6,133966.3,169453.9,99555.72,170846.4,138363.6,112552.5,1232409,18114.76,16576.5,131234.4,354652.8,145.8,1277033,4227684,39306.82,664075,848966.6,43699.04,50711.96
Scenario 2,1535,6,Negative Shock,35,TRADING,145030,407753.7,159756.6,285107.7,1014849,954957.5,194543.4,505229.9,644508.7,913318.7,489420.3,316839,2998483,40950.37,410235.9,45631.98,315689.8,519770.3,1271519,50102.86,110707.9,485469.8,335012.3,397116.6,84749.32,143952.5,160567.8,182673.8,100574.9,177424.5,138698.4,134059,169479.5,99293.16,170967.7,138072.2,112506.4,1233742,18141.36,16581.39,131161.2,353920.8,145.91,1275749,4212721,39169.04,663554.4,847846.5,43753.18,50524.97
Scenario 2,1536,6,Negative Shock,36,TRADING,145177.9,408168.9,159533.4,285347.6,1014735,952726.4,195143.7,505431.2,643898.1,913970.7,488262.9,317159,2992685,40874.27,409327,45627.4,315474.7,519769.8,1269689,50117.08,110585.9,485002.8,334846,396177.4,84657.79,143998.3,160548.8,182511.3,100538.9,177161.3,138806.8,134155.5,169762.9,99240.84,170829.5,138222.8,112714.6,1233305,18126.56,16573.76,131356.6,353787.2,146.03,1274314,4214425,39177.33,662804.9,848273.2,43575.7,50473.82
Scenario 2,1537,6,Negative Shock,37,TRADING,145013.4,408281.2,159075.4,285033.7,1013881,952918.4,195510,505293.4,642683.2,912860.1,488090.3,317879.8,2986995,40826.05,409013.8,45622.82,315686.2,520123,1269185,50131.66,110562,483890.8,334907.5,396314.4,84680.78,143652.3,160364.7,183039.7,100375.8,177128.1,138965.8,134211.8,169810.6,99426.23,171203.4,137998.1,112672.5,1228842,18103.65,16556.1,131332.4,354369.5,145.94,1273906,4224797,39120.64,662450,849424.9,43555.38,50407.95
Scenario 2,1538,6,Negative Shock,38,TRADING,145083.7,408067.7,158953.4,284874.5,1014171,953705.2,195057,505236.6,642067.1,911527.4,488191.7,318151.2,2981596,40778.52,408490,45618.25,315800.4,519492.4,1267131,50040.93,110346.5,484309.2,333447.4,395629.9,84709.1,143503.9,160355.8,183137.5,100276.5,176924.9,138926.8,134037.5,169366.3,99486.58,171536.5,137644.6,112821.9,1229318,18116.64,16536.54,131525.6,354527.1,145.99,1273176,4219086,39069.26,661179.5,850073.6,43511.21,50376.93
Scenario 2,1539,6,Negative Shock,39,TRADING,145348.8,407240.8,158738.2,284978.8,1014598,955365,194960,504579.8,642008.9,912529.4,487315.3,318277,2978493,40735.37,408987.1,45613.67,315889.3,518626,1265754,50079.47,110304.5,484221.9,333552.9,395396,84725.08,143375.6,160279.2,182707.3,100320.8,176950.7,139133.6,133950.4,168848.1,99199.8,171765,137467.3,112799.9,1229111,18092.91,16513.98,131678.8,354297.6,146.02,1273458,4212721,39093.72,660178.8,850005,43483.23,50369.47
Scenario 2,1540,6,Negative Shock,40,TRADING,145239.3,407780.8,158417.8,285102,1014426,954089.8,194732.6,504305.9,641567.4,913035.2,486943.6,317765.1,2980385,40693.05,409012.9,45609.09,315749.6,517733.8,1265169,50132.22,110252.2,483662.4,333444.2,395243,84633.6,143456.8,160170.5,183173.4,100354.9,176421.3,139016.3,133884.9,169095.9,99028.52,171800.7,137384.2,112944.8,1227064,18073.5,16494.9,131597.6,354215.9,146.06,1270291,4214821,39120.78,660342.8,850346.9,43482.25,50240.15
Scenario 2,1541,6,Negative Shock,41,TRADING,145023.5,408216.3,158493.2,285019,1013637,955146.2,194806,504590.8,640297.7,914128.7,486822.4,317468,2981819,40693.14,408884.9,45604.51,315536.8,517108.6,1265782,50178.55,110276.4,484377.2,333064.1,394427.1,84651.21,143428.8,159867.6,182914.1,100408.7,176588.1,139144,133909.9,169045.4,98951.14,171804,137090.8,113051.9,1226493,18053.61,16478.25,131505.5,354628,146,1270774,4218230,39068.09,660227.6,851126.3,43439.45,50231.03
Scenario 2,1542,6,Negative Shock,42,TRADING,144985.6,408547.9,158445.7,285150.3,1014138,954687.2,195001.4,503889.8,640688.9,912466.9,485730.9,317095.8,2978190,40660.1,409195,45599.93,315684.8,517400.8,1267025,50082.77,110310,484916.5,333077.9,394307,84666.98,143379.8,159572.4,182771.1,100334.5,176595.8,139130.9,133809.6,168810.5,98568,171554.1,137006.3,112949.7,1225039,18038.92,16451.04,131518.3,354526.4,145.98,1271450,4217759,39031.71,660055.7,850326.8,43418.1,50238.9
Scenario 2,1543,6,Negative Shock,43,TRADING,144949.9,408510.6,158467,284674.6,1014231,952292.5,194593.7,503079.7,638471.7,910540.2,485060.1,317433,2971769,40687.21,409234.1,45595.35,315310.7,517105.8,1266364,50044.22,110194.6,485120.7,333495.5,394281.1,84579.91,143441.9,159383,182993.3,100421,176546.7,138920.1,133795.1,168761.7,98612.89,171261.4,137202.5,113044,1223020,18012.65,16471.44,131238,354799,145.96,1270549,4225431,39109.82,660239.7,847401.8,43348.32,50124.33
Scenario 2,1544,6,Negative Shock,44,TRADING,144659.6,408591.2,158396,284464.3,1015402,952982.2,194641.1,503461.6,636785.3,910320.4,484500.5,316825.8,2974822,40614.46,408553.8,45590.77,314760.6,516394.1,1265038,50058.71,110119.6,485152.7,333652.8,393923.1,84605.11,143495,159096.1,182766.9,100407.9,176440.1,138955.6,133890.3,168372.7,98684.84,171383,136886.1,112883.1,1222038,17995.03,16398.88,131714.6,355208,145.99,1267352,4228943,39119.74,660257.2,846189.2,43327.17,50243.61
Scenario 2,1545,6,Negative Shock,45,TRADING,144539,407641,158181.5,283969.4,1015323,953960.7,194817.7,503168.7,633117,909152.6,484523.8,316510.7,2976025,40601.49,408336.5,45586.19,314421,515689.8,1265107,50025.52,110009.9,483489,333598.5,394248.4,84475.84,143210.5,159054.7,182975.9,100346.6,176222.5,138930.1,134036,167999.9,98577.52,171211.3,136739.4,113036.6,1219374,17994.83,16391.5,131906.4,354719.1,145.99,1268023,4224451,39126.75,659034.7,844871.8,43385.48,50210.69
Scenario 2,1546,6,Negative Shock,46,TRADING,144243.8,407535.9,158087.3,284249.3,1015198,953688,194243,501950.7,632725.7,907399,485171.7,315724.8,2972326,40518.51,407744,45581.62,314337.7,515671.4,1262355,50013.17,109951.7,483449.3,333367,393492.6,84364.34,143324.7,159054.8,182901.1,100287.3,175991.5,138855.6,133964,167981.5,98625.04,170960.3,136268.7,113216.8,1218718,17967.66,16403.47,131735.9,354334.3,145.85,1267366,4206975,39190.52,659646.4,842385.8,43392.98,50216.01
Scenario 2,1547,6,Negative Shock,47,TRADING,144419.9,407655.8,157902.3,284245.4,1012659,954015.5,193864.2,501687.6,632768,906265.1,484786.9,315565.5,2975457,40511.95,407281.4,45577.04,314649,516320.5,1261225,49950.08,109901.5,483254.9,332288.5,393411.1,84380.84,143185,158767.3,183032.9,100382.4,176081.9,138863.5,133743.2,167714.7,98466.51,171177.1,136416.9,113560.9,1217711,17993.76,16381.17,131763.1,353670.3,145.95,1265711,4202466,39218.91,658781.6,841935.4,43380.05,50100.06
Scenario 2,1548,6,Negative Shock,48,TRADING,144437.5,407176.4,157969.3,283818.5,1012642,952542.5,193590,502228.5,630720,905551.7,485066.8,315222.5,2969183,40501.1,406924.7,45572.46,314696.8,516527,1260486,49900.24,109803.1,482597,332164,393029.4,84303.16,142977.6,158669,183273.9,100256,175776.5,138758.2,133987.2,167383.5,98580.79,171255.4,136389.1,113504.4,1218028,17940.47,16393.46,131475.3,352086.9,146.01,1264629,4189702,39204.28,658210.9,842610.9,43416.44,50052.75
Scenario 2,1549,6,Negative Shock,49,TRADING,144991.2,407020.5,157882.8,283708.7,1012358,953549,193827.1,501792.2,630276.7,905975.8,484657,314623.9,2974816,40461.37,406398.8,45567.88,314524.8,516160.2,1259539,49897.67,109847.8,482359.6,332176.1,392794.1,84189.09,142919.4,158406.4,183659.8,100216.3,175995.8,138917,133922.7,167107.7,98669.35,171106.9,136172.3,113343.5,1217052,17926.96,16360.27,131275.5,352377.4,145.94,1265110,4195587,39201.73,659289.6,842026.5,43464.96,50026.98
Scenario 2,1550,6,Negative Shock,50,TRADING,145056.9,406141.5,157997.6,283527.2,1013253,955977.8,193657.8,501372.9,630388.5,906602.9,484375.9,314200.4,2980099,40432.91,406321.5,45563.3,314855.5,516454.1,1258696,50004.49,109704.3,482730.1,332564.9,392590.7,84045.35,143122,158252.7,183439.6,100110.5,176087.1,139191.7,133616.7,167143.4,98670.45,171223.7,135918.8,113645.2,1216830,17923.06,16336.61,131266.3,353395.2,145.97,1265469,4198891,39256.83,658875,840300.4,43384.19,49951.68
Scenario 2,1551,6,Negative Shock,51,TRADING,144784.9,405826.6,157813.1,283474.5,1012165,953607.8,193392.3,500063.3,631105.4,905943,484630.1,313646.1,2979605,40381.44,405841.8,45558.72,314354,516754.6,1256212,49954.09,109722.2,482849.7,331914.4,392640.6,83999.14,143221.3,158332.9,183319.4,99941.89,175965.8,139061,133680.2,166988,98316.34,171596.4,135673.9,113632.4,1217748,17906.13,16318.92,131766.6,352783.3,145.93,1264416,4196519,39297.72,657456.9,838740.1,43299.6,49888
Scenario 2,1552,6,Negative Shock,52,TRADING,145082.2,405230.6,157970.9,283620.1,1012430,953112.4,193728.1,499867.2,630244.7,905918.6,483743.8,313425.5,2980073,40356.47,405864.5,45554.14,314394.6,517785.2,1256543,49905.19,109697.9,482957.4,332899.7,393000,83974.13,143231.7,158291.7,183264.7,99957.38,175973.2,138987,133566.9,166956.8,98043.17,171864.5,135997.4,113557.4,1214805,17894.08,16306.49,131652.5,352313.9,145.87,1262328,4189098,39235.65,656940.9,836740.2,43334.63,49878.34
Scenario 2,1553,6,Negative Shock,53,TRADING,145270.5,405334,158163.6,283677.8,1013045,955987.6,193700.5,501035.4,629938.4,906050.7,482782.6,313241.7,2973779,40277.29,405930.7,45549.56,314134.2,517925.8,1256603,49985.06,109707.4,481854,333790.7,392395.4,83875.94,143220.9,157962.3,183232.1,100202,175707.1,138851.2,133587.1,167664.2,98044.31,171900.6,135747.3,113604.3,1212571,17882.33,16312.38,131473.9,352254.1,145.74,1262779,4191327,39209.2,656536,835228.6,43278.38,49843.58
Scenario 2,1554,6,Negative Shock,54,TRADING,145659.2,405387.1,158163.4,283490.8,1010823,956464.9,193477.8,500742.7,629490.2,905737.9,483332.5,313325.3,2969599,40197.79,405509.8,45544.99,313952.8,518522,1254447,49962.37,109761.2,482538.4,333210.5,392837.4,83872.32,143310.2,157695.5,182902.2,100189.1,175268.3,138928.1,133561,167665.9,97788.94,172044.4,135979.4,113427,1211150,17885.22,16323.68,131492.9,351788.7,145.72,1260637,4191067,39119.15,655553.6,834457.4,43298.73,49733.45
Scenario 2,1555,6,Negative Shock,55,TRADING,145423,404890,158501.7,283458.6,1009982,956153.5,193319.8,500707.3,627405.4,907154.8,483094.2,312938,2972766,40166.84,405154.4,45540.41,313577.1,518180.6,1253666,49999.55,109759.6,482030.9,332997.5,392523.4,83941.78,143248,157605.9,182481.5,100273.3,175122.5,139118.4,133423.6,167302.2,97801.02,172044.4,135844.2,113395.2,1208922,17931.13,16320.46,131393.4,351354.5,145.56,1258768,4187559,39073.9,655476.2,835285.5,43309.5,49652.67
Scenario 2,1556,6,Negative Shock,56,TRADING,145593.8,404029.9,158400,283285.8,1010327,954204.6,193102,500031.9,626262.2,907750.5,483088.4,312737.7,2965764,40111.84,405293.6,45535.83,313337.8,518119.3,1254292,49939.58,109761,481260.6,333441.9,392427.7,83900.34,143284.2,157535.3,182249.3,100276.5,175300.2,138904.3,133274.1,166831.5,97664.77,171742.2,136029.1,113406.8,1208326,17932.13,16317.31,131311,351699,145.55,1258449,4193871,39161.65,654416.3,837527.7,43238.4,49683.54
Scenario 2,1557,6,Negative Shock,57,TRADING,145296.8,403594.5,158417.3,282947.8,1010118,955695.4,192907.7,499963.2,625240.7,905111.1,482887.4,312685,2968647,40092.51,404166.8,45531.25,313042.9,517873.2,1253798,50074.62,109794.1,480656.3,334134.2,392027.2,83911.01,143148.1,157791.8,182241.8,100177.7,175326.5,138631.9,132987.8,166630.9,97665.49,172252.1,135705.2,113670.9,1208304,17922.06,16302.45,131112.9,351853,145.45,1256942,4189687,39112.07,654495.2,836552.7,43262.73,49677.08
Scenario 2,1558,6,Negative Shock,58,TRADING,145237.1,402964.7,158350.9,282604.7,1009171,954686.5,192600.4,498337.6,624033.2,902414.1,483475.2,311849,2966591,40014.57,403629.9,45526.67,313155.6,517997,1254095,50044.93,109690.8,481501.5,333733.3,392028.9,83973.64,143056.4,157969.1,182151.8,100106.3,174993.7,138431.5,132938.9,166524,97613.94,172336.4,135600.7,113422.9,1205705,17926.08,16291.01,130976.2,352286.3,145.51,1254676,4189527,39110.13,654316,838522.5,43340.98,49735.7
Scenario 2,1559,6,Negative Shock,59,TRADING,145159.3,402394.3,158444.2,282586,1008868,953613,192757.6,496490.6,623421.6,900946.6,483627.5,311655.9,2974303,40043.03,403627.5,45522.09,312936.3,517790.2,1254308,50064.81,109733.9,480221,333599.1,392390.5,84060.6,143289.2,157776.2,181998.9,99871.09,174480.3,138526,132944.6,166467.2,97472.2,172002,135535.8,113351.8,1205461,17906.15,16284.64,130778,351526.9,145.59,1254242,4179242,39086.84,653559.3,837552.9,43342.07,49750.32
Scenario 2,1560,6,Negative Shock,60,TRADING,145204.4,402866.7,158608.6,282537,1009554,952450,192908,496640.1,623664.7,901639.2,484253.2,311161.6,2967842,40027.42,402984.7,45517.51,312318.1,517848.6,1252725,49970.16,109602.3,480121.2,333889.8,391382.4,83998.88,143229.1,157531.7,182001.1,99797.62,174142.3,138509.1,132815.8,166229,97288.92,171938,135727.1,113031.5,1205346,17925.05,16300.57,130675.5,351312.1,145.58,1254536,4182503,39040.53,652635.4,837121.6,43289.34,49771.18
Scenario 2,1561,6,Negative Shock,61,TRADING,145032.2,402815.8,158725.9,282180.6,1008783,951965,193417.6,497931.8,623460.4,902985.3,484315.6,310881.1,2966734,40001.21,403034.3,45512.93,311627.7,517463.4,1251303,49942.37,109426.4,480395.5,333892.6,391744.7,83938.15,143332.8,157370,182025.7,99926.32,174052.6,138848,132928.9,166182.8,97183.3,171675.8,135946.1,113055.8,1204282,17935.63,16282.12,130499.2,350944.8,145.52,1255409,4185931,39037.18,652358.9,837087.8,43309.22,49691.55
Scenario 2,1562,6,Negative Shock,62,TRADING,144616.5,402255.5,158330.8,282172.1,1007324,949778.1,193321.4,497970.5,622296.8,902044.5,482811.4,310985.9,2959720,39959.99,402306.2,45508.36,310723,517422.2,1249688,49890.98,109322.1,479621.5,333789,391154.4,83819.62,143288.5,157207.3,181902.4,99586.44,173817.6,138874.2,132870.7,166338.4,97013.2,171706.5,135560.6,112967.8,1204844,17904.65,16248.86,130207.5,350594.7,145.54,1255187,4182296,38867.77,651839.3,836083.7,43245.26,49677.49
Scenario 2,1563,6,Negative Shock,63,TRADING,144460.1,401352,158244.6,281927.8,1005867,949932.5,193078.8,497103.3,622082.1,899449.6,482144.9,310339.1,2957681,39812.78,401832.9,45503.78,310450.3,516615.4,1249028,49932.91,109137.8,478431.4,333523.9,390210.8,83597.13,143289.4,157054.9,181542.8,99385.07,173816.1,138304.9,132784.3,166037.3,96996.33,171709.5,135612.6,112844.9,1205811,17859.83,16250.39,129644,350107.3,145.48,1253581,4179550,38864.07,650805.5,834782.6,43259.66,49626.51
Scenario 2,1564,6,Negative Shock,64,TRADING,143740.9,400966,158151.5,281834.3,1006249,948664.6,192662.8,497373.4,621741.8,899526.2,481102.9,309997.8,2963507,39813.1,400495.9,45499.2,309559.9,515831.9,1249009,49750.74,109165.4,476844.9,333043.3,390163.1,83405.56,143121.1,157020.3,181452.9,99299.74,173630.1,138302.4,132830,165921.7,97003.33,171424.1,135059.4,112438.6,1206520,17832.45,16229.29,129917.5,349724.2,145.41,1251936,4172430,38825.59,650681.3,833087.6,43129.02,49605.73
Scenario 2,1565,6,Negative Shock,65,TRADING,143669.6,399461.8,157774.4,281632.6,1003446,947563.7,192397.9,497298.1,621862.1,898578.2,480207.8,309843.4,2952532,39749.03,399885.2,45494.62,309028,514966.6,1248325,49602.86,109078.7,476799.9,332886.9,389729.8,83303.67,143054,156731.5,181275.2,99166.2,173600,138131.3,132549.2,165668.7,96865.87,171058.5,135393,112126.2,1205267,17820.17,16190.8,129632.7,349236.1,145.31,1253300,4161108,38754.02,649825.8,832044.2,43066.97,49588.66
Scenario 2,1566,6,Negative Shock,66,TRADING,143531.5,398123.8,157533.3,281626.8,1003855,946414.2,191793.9,496991.4,619946.5,896582.4,480175.4,309090.9,2951348,39624.19,399496.1,45490.04,308712.1,514211.3,1246865,49590.14,108930.2,476796.5,332844,390216.6,83242.68,143028.9,156569.3,180680.3,98914.35,173195.3,138189.6,132408.6,165451.8,96869.58,170544,135084.6,112084,1204193,17779.27,16181.75,129479.7,348728.7,145.18,1251504,4163754,38681.73,648988.5,831257.4,42956.09,49725.63
Scenario 2,1567,6,Negative Shock,67,TRADING,142623.4,397809.6,157260.9,281094.7,1001711,946743.4,191008.9,496602.9,620410.9,894748.1,479853.3,308934.2,2950469,39549.56,399368.6,45485.46,308244.9,513197.8,1247062,49481.58,108749.2,475919.4,331991.1,389593.7,82927.65,142435.6,156160.5,180549.2,98914.95,172958.4,138069.7,132126,165067.5,96658.32,170136.9,134939,112156.4,1201803,17741.9,16172.53,129565.6,347284.3,145.1,1249695,4162333,38588.15,646945.9,828197.9,42957.22,49774.22
Scenario 2,1568,6,Negative Shock,68,TRADING,142601.8,396564.4,156965.5,280985.2,999470.6,944816.4,191188.7,496085.2,620908.6,891911.2,479545.9,309127.9,2937573,39460.95,399148.7,45480.88,308249.9,512542,1246995,49371.5,108588,474923.9,331648.5,389188.3,82804.32,142144.3,156066.7,180124.1,98840.66,172622.6,137943.5,131976,165133.8,96698.2,169767.1,134680.2,111972.9,1200204,17718.87,16140.07,129263.7,346991.8,145.13,1246335,4163856,38543.51,645525.2,826881.2,42899.19,49714.45
Scenario 2,1569,6,Negative Shock,69,TRADING,142295.4,395289.5,156655.3,280881.8,997670.8,944169.7,191095.2,495485.3,620225.8,888884.2,477883.5,309323.6,2932294,39352.34,398535.3,45476.3,307632.5,512213.1,1243905,49316.92,108258.1,473870.8,331305.9,389766,82781.33,142034,155712.6,179927.3,98614.98,172321.9,137754.7,131726.6,164811.2,96634.47,169819.6,134879.3,111636.8,1198679,17649.64,16112.7,129154,346050.3,145.05,1244569,4160607,38484.05,644694.3,824787.6,42931.98,49797.11
Scenario 2,1570,6,Negative Shock,70,TRADING,142131.2,395039.8,156308.8,280448.6,994919.4,942025.1,190809.9,495241.3,621276.3,889064.4,476516.5,309200.8,2931676,39268.5,397906.2,45471.73,307435.7,511840.2,1243191,49208.33,108108.2,473001.6,330607.4,388849.9,82522.35,141948.6,154968,179392.7,98436.1,172189.6,137393.9,131510.5,165066.3,96465.9,169018.6,134615.3,111447.9,1197060,17621.99,16071.44,128927.2,346078.5,144.97,1245722,4158706,38367.84,645677.1,824140.6,42862.32,49753.68
Scenario 2,1571,6,Negative Shock,71,TRADING,141965.2,394387.9,156166.3,279955.5,993231.9,944281.3,190564,494535.4,620941.8,888183.7,475448.2,308926,2927636,39221.29,397114.4,45467.15,306719.3,510364.2,1241469,49062.15,107977.3,472115.3,329482.8,388353.1,82488.59,141686.3,154785.8,178856.9,98273.71,172086.2,137218.2,131277.1,164703.1,96207.92,168550.1,134355,111450.9,1194813,17571.67,16041.79,128188.7,344637.4,145.03,1245452,4158827,38315.28,645349.2,823591.6,42789.26,49711.69
Scenario 2,1572,6,Negative Shock,72,TRADING,141973.8,394233.3,155998,279787.6,992024.4,942703.4,190279.6,493682.4,619701.3,887167.2,474859.8,308393.7,2924748,39226.34,396444.7,45462.57,307067.2,509443.6,1239762,49009.68,107897.2,472392.3,329094.4,388438.9,82434.71,141608.5,154595.8,178312.8,98019.09,171924.5,136992.3,131184.8,164008.8,96096.85,168515,134034.1,110992.8,1194973,17515.21,16017.88,127985.3,344217.5,145.01,1245127,4159696,38295.04,644167.3,823622,42688.65,49705.84
Scenario 2,1573,6,Negative Shock,73,TRADING,142225.1,393210.1,155609.9,279715.2,990129.5,941386.7,190284,493245.4,618963.8,885947.2,473620.7,307902.2,2919452,39247.81,395606,45457.99,306814.8,509296.9,1237483,49017.7,107699.4,471351.4,328953.7,387703.2,82399.42,141478.4,154176.7,177760.4,97934.52,171800.5,136868,131156,164342.3,95911.99,168267.2,133942.9,111038.1,1195375,17494.57,15989.97,127912.2,343455.5,145,1242497,4150063,38152.74,642306.6,821637.2,42552.72,49534.53
Scenario 2,1574,6,Negative Shock,74,TRADING,141612.3,392745.5,155371.7,279418.4,989142.9,940483,189955.3,491018.1,617561.6,883670,472770.7,307451.5,2917825,39140.09,395293.4,45453.41,306223.9,508857.7,1235972,48853.29,107590,471495.5,328814.7,386776.6,82227.41,141328.8,153976,177744.9,98016.82,171757.4,136595.2,131073.1,164235.9,95774.44,168075.2,133826.8,110888.3,1193801,17463.89,15945.19,127811.4,342136.6,144.97,1240748,4148160,38141.53,642168,819335.4,42517.97,49506.45
Scenario 2,1575,6,Negative Shock,75,TRADING,141073.1,391610.1,155244.1,278720.1,987465.5,940577.7,189805.4,490573.5,617852.2,881844.4,471702.3,307196.9,2911525,39132.15,394257.1,45448.83,305496.1,508516.6,1232839,48845.54,107489.1,469685.7,328661.8,385882.1,82016.1,140950.9,153703.4,177245.1,98004.33,171311.3,136611.8,130849.1,164098,95624.82,167539.6,133481.9,110661,1192413,17456.22,15941.2,127551,341074.4,145.09,1238962,4149011,38057.1,640790.5,820487.9,42514.78,49443.44
Scenario 2,1576,6,Negative Shock,76,TRADING,141161.2,390442,155165.9,278675.2,986274.3,939662.4,190114.6,490963,616441.4,882078.2,470338.7,306563,2907448,39131.17,394082.3,45444.25,305346,507447.5,1230541,48812.01,107160.7,468577.9,328147.6,385061.8,81802.55,140984,153414.7,177035,97747,171043,136470.9,130709.8,163980.4,95532.22,167167.4,133305.1,110340.3,1188961,17442.13,15923.24,127369.9,341071.8,145.12,1237380,4148474,37975.41,639301.1,821660.3,42476.26,49439.23
Scenario 2,1577,6,Negative Shock,77,TRADING,141071.8,389743.5,154910.4,278219.2,985664,940111.2,189210.3,490241.5,616128.6,883488.8,469529.9,306658.5,2905155,39019.69,392982.5,45439.67,304957.4,507481.1,1228051,48726.2,107036.7,467520,328124.2,384463.4,81679.99,140928.8,153248.7,176256.3,97512,170704.7,136243.2,130378.3,163607.3,95561.21,166819,133226.8,110106.9,1186455,17431.04,15893.83,126979.8,340656.8,145.02,1236320,4149833,37917.77,640039.7,820145.9,42408.93,49389.67
Scenario 2,1578,6,Negative Shock,78,TRADING,140989.5,389133.9,154853.1,277536.4,984413.4,939062.5,189309.8,488935,616714.5,883443.9,469852.5,306594.4,2901339,38888.97,392677.5,45435.1,303761,506549,1225288,48605.57,106876.8,466743.1,327168.4,383996.9,81608.57,140707.1,153378.4,175637.1,97548.6,170584.9,136170.3,130300.3,163594.4,95573.38,166097.1,133023.4,109627.7,1184778,17395.36,15873.41,126993.2,340028.2,145.06,1235117,4154057,37868.55,640207.7,818144.7,42459.87,49343.58
Scenario 2,1579,6,Negative Shock,79,TRADING,141155,388595.6,154535.8,277099.7,983697.4,937899.2,189163.8,488294.7,615459.8,881954.6,469387.1,305939.2,2909169,38827.47,391983,45430.52,303562,505768,1223942,48584.82,106585.8,466725.2,326535.1,383451.1,81574.58,140349.8,152964.9,175176.2,97434.79,170511,135820.4,130018.2,163788.3,95367.73,166010.9,132676.3,109425.7,1182363,17371.66,15847.19,126822.1,339801.1,145.05,1233463,4152112,37828.23,639537,815598.7,42394.93,49247.4
Scenario 2,1580,6,Negative Shock,80,TRADING,140819.1,388361.9,154378.4,276910.8,983064.7,937405.3,188730.4,487713.7,616147.4,879799.9,468036.4,305580.2,2908187,38782.08,390582.3,45425.94,303043,505121.8,1224143,48430.43,106420.5,465957.3,325632.7,382854.1,81383.82,140219.2,152748.8,174431.2,97157.18,169988.3,135361.7,129619.4,163425.6,95103.35,165422.4,132519.7,109009.6,1180302,17345.88,15830.64,126414.9,339224.6,144.93,1232329,4152615,37779.1,639160.5,816295.3,42200.84,49070.71
Scenario 2,1581,6,Negative Shock,81,TRADING,140432.8,388273.3,154084.5,276321.4,980576.8,933063.3,189039.6,486505.3,616064.7,878343.6,467610,305771.3,2909533,38787.04,390902.8,45421.36,302960,503744.8,1224464,48380.59,106147.1,466730.6,324931.1,382385,81231.79,140197.5,152229.2,174255.6,97233.58,170020.5,135270.7,129632.5,163322.4,94975.2,165286.6,132552.1,108835.3,1179257,17307.24,15810.22,126142.4,338172.5,144.99,1230577,4150683,37743.88,637365.3,816235.9,42055.48,49081.55
Scenario 2,1582,6,Negative Shock,82,TRADING,140200.9,387316.8,153884.7,275866.2,979332.1,932180.1,188603.2,484169.1,615278.2,877338.3,466918.6,305483.3,2907532,38703.36,390219.6,45416.78,302600,503294.1,1223200,48190.1,106080.9,466508.9,324819.9,381902.5,81165.33,139902.3,151813,173667.3,97147.18,169650.3,134914.8,129561.2,163102.5,95002.55,165007.3,132303.5,108491.7,1178060,17270.07,15776.62,126182.5,336959.6,144.99,1229366,4149774,37733.55,636460.1,816228.1,41963.94,49106.92
Scenario 2,1583,6,Negative Shock,83,TRADING,139661.2,386041.6,153577.6,275373.5,978568.3,931710.9,188183.2,484205.1,613849.6,875654.1,466263.4,304971.4,2906648,38686.32,389194.3,45412.2,301986.3,502378,1222262,48220.97,106053.5,465057.5,324335.2,381005.3,81155.17,139922.4,151306.3,173299.7,97042.72,169394.2,134462.2,129237,163016.2,94857.97,164768.7,132296.6,108284.7,1175731,17258.52,15743.64,125886,337034.4,144.93,1230318,4144338,37586.98,635469.6,815943.7,41843.64,49120.18
Scenario 2,1584,6,Negative Shock,84,TRADING,139454.5,386253.4,153107.9,274980,977264.7,929911.3,188363.9,483477.9,613295,875422.8,465009,305354.4,2897739,38639.01,388577.5,45407.62,301630.1,501034.4,1219166,48109.43,105952.7,463775.3,322994.1,380397.9,81137.03,139791.8,151126.7,173070.7,96977.88,169069,134252.7,129083.6,163340.3,94802.98,164284.6,132119.4,108267.1,1175268,17214.91,15727.83,125847.2,336118,144.97,1229042,4138854,37470.59,633967.5,815041.8,41809.5,49077.22
Scenario 2,1585,6,Negative Shock,85,TRADING,139172.4,385772.8,152554.4,274516.4,976553.1,926411.1,188469.3,482492,612653.6,874626.5,463975.1,305003.7,2892353,38698.9,388108.8,45403.04,301479.8,500151.1,1217949,48099.64,105954.1,463817.3,323405,379754.5,81112.59,139404.4,151134.2,172505.8,96795.29,168692.4,133883,128772.7,162966,94759,164345.4,131990.3,108168.7,1176181,17177.08,15704.77,126140.5,335616.3,145.03,1227791,4129290,37400.07,634102.5,813927.7,41741.28,48970.07
Scenario 2,1586,6,Negative Shock,86,TRADING,138963.4,384515.6,152508.5,274326.6,975020.7,925992.3,188408.2,482686.8,610819.5,873772.3,463945.6,305674.8,2892163,38608.35,387406.2,45398.46,301101.6,499128.1,1213573,48043.37,105686.7,464209.5,322876.6,378761.7,81001.89,139197.5,150911.1,172018.7,96679.13,168461.8,133640.1,128700.8,162814.2,94787.68,163871.8,131484.3,107856.3,1174137,17177.08,15672.42,125820.3,335564.3,144.99,1227496,4128990,37374.35,633700.1,813410.2,41642.47,48829
Scenario 2,1587,6,Negative Shock,87,TRADING,138693.1,384686.4,152094.7,274188.2,971667.4,923897.3,188018.9,482784.1,609531.7,873702.5,463651.1,305310.9,2890114,38516.04,386928.9,45393.89,300365.8,498876.5,1211535,48035.81,105444.4,462844.4,322003.2,378569.6,80844.25,139097.6,150621.3,171752.7,96634.13,168423.7,133418.5,128535.2,162539.6,94761.81,163868.7,130999.9,107836,1173037,17144.48,15678.09,125529.8,335561,144.94,1226898,4124896,37316.81,632899.5,813681.5,41611.68,48693.06
Scenario 2,1588,6,Negative Shock,88,TRADING,138519.5,384072,151980.9,273805.1,970200,922194.2,187664.4,481724.1,609515,873019.7,462733.6,305115,2879895,38426.91,387028.6,45389.31,299325.6,498758.4,1209038,47952.13,105331.9,462308.5,321792,377632.5,80631.79,139013.5,150146.3,171204.7,96442.25,168113.4,133587.9,128521.1,162841.6,94537,163754.2,130645.8,107692.9,1171111,17106.53,15661.49,125281.7,335027.8,144.98,1226370,4123697,37242.89,632560.6,812432.2,41543.57,48707.01
Scenario 2,1589,6,Negative Shock,89,TRADING,138074.7,383021,151676.9,273489.3,968679.7,920866.7,187191.1,481025.4,608335.9,871536.5,462057.4,304437.1,2872883,38357.41,386398,45384.73,298249.7,497918.9,1207714,47822.27,105122.7,461150.6,320901.3,377240,80468.44,138790.6,149825.7,171480.4,96224.78,168008.3,133208.9,128439.6,162347,94349.81,163871.7,130720.3,107619.9,1169196,17074.04,15614.65,125312.1,334658.2,145.02,1224380,4132831,37214.45,630219.6,810021.1,41471.34,48715.21
Scenario 2,1590,6,Negative Shock,90,TRADING,137778.4,382040.5,151739.7,273134.2,966190.4,918267.5,186717.6,480700.2,607202.4,872948.5,461641.6,304166.5,2867038,38292.76,384862.8,45380.15,297642.2,496821.6,1206442,47835.81,105054.7,459980.8,320242,376237.7,80355.88,138462.7,149599.5,171375.6,96031.34,167550.2,133018.7,128432.4,162090.2,94053.23,163521.1,130394,107577.6,1165992,17041.12,15594.28,125375.4,334637.6,144.92,1221708,4126815,37088.58,628707.6,811508,41389.85,48627.96
Scenario 2,1591,6,Negative Shock,91,TRADING,137749.4,381568,151470.5,273127.5,965450.9,918114.8,185935.4,479705.4,605860.9,872930,461520.5,303950.5,2861210,38198.03,384894.1,45375.57,296831.7,496482.3,1203740,47795.1,104823.9,458629.6,318627,375367.6,80089.79,138321.9,149364.2,170817.4,95991.21,167151.5,132673.9,127936.8,162122,93909.65,163478.8,130254,107705.2,1164734,17025.11,15567.68,125039.6,333618.8,144.93,1222579,4124947,37022.67,628401.8,810273.7,41241.69,48612.8
Scenario 2,1592,6,Negative Shock,92,TRADING,137199.9,381628.4,151076.2,272476.6,962984.8,917280.7,185644.2,479945.6,603900.6,874042.5,460668,303341,2865041,38143.6,384628.1,45370.99,296102.2,495151,1203119,47703.94,104721.1,458263.4,318672.8,375084.6,79891.37,138123.7,148971.4,170595.2,95726.37,167396.8,132569.2,127942.7,161718.4,93811.34,163042.3,130077.3,107561.3,1161623,16990.47,15549.68,124660.8,331760.7,144.81,1222043,4123146,36960.19,627317,807628.8,41267.64,48568.74
Scenario 2,1593,6,Negative Shock,93,TRADING,136767,381722.5,151027.8,271964.7,962101.1,914221.7,185576.7,478440.3,603370,872380.2,459472,303350.8,2862830,38022.05,384658.1,45366.41,295576.8,494311.3,1201323,47683.12,104628.9,457802.2,318030.5,374072.2,79791.27,137834.6,148631.7,170564,95622.5,167427.4,132539.8,127806.3,161539,93687.89,162556.9,130068.1,107168.8,1160001,16940.38,15508.75,123923.1,331697.4,144.86,1220497,4117963,36974.71,627661.3,806606.1,41128.66,48574.95
Scenario 2,1594,6,Negative Shock,94,TRADING,136450.5,382106.3,150803.5,271245.1,961312.7,913280.5,184977.4,477350.2,600863.9,871749.9,458418.5,303381.5,2856738,37957.99,384132.1,45361.83,294449.2,492961.1,1199994,47615.19,104326.8,457664.7,317231.1,373713,79681.97,137598.3,148390.1,170123.7,95470.5,167404.2,132572.6,127527.9,161278.3,93598.51,162263.9,129970.8,106769.1,1160029,16900.81,15505.63,123898.7,331062.7,144.81,1218180,4107116,36880.07,626374.3,806515.2,41131.81,48496.81
Scenario 2,1595,6,Negative Shock,95,TRADING,136472.3,380922.8,150533.3,270977,960510.6,913264.5,184419.7,476384.7,600588.9,871719.9,457458.6,303123.2,2855562,37857.78,383813.5,45357.26,293509.6,492186.3,1197114,47548.1,104242.1,455886.5,316104.2,372754.2,79377.3,137362.6,148120.6,169766.6,95136.65,167241.1,132183.3,127381.9,161099.8,93450.66,162001.5,129849.4,106455.9,1156315,16870.57,15454.62,123828.4,331001.4,144.8,1217339,4102335,36802.05,625466.9,805172.9,41095.08,48461.54
Scenario 2,1596,6,Negative Shock,96,TRADING,136084.9,380014.8,150364.6,270822.3,959391.3,909985,183635.4,476144,600902,869469.9,457655.4,302384.8,2848510,37792.12,383599.5,45352.68,292672.9,491366.9,1195884,47402.93,104209.9,455512.5,315073.1,371682.3,79174.15,137016.1,147755.5,169361.9,95096.02,167033.6,132025.1,127151.6,161322.2,93212.76,161631.8,130184,106242,1154711,16819.78,15418.07,123594.9,330446.7,144.86,1214385,4102204,36828.73,624982.8,802173.9,40997.53,48386.86
Scenario 2,1597,6,Negative Shock,97,TRADING,136159.2,379528.6,150022.6,270505.9,958230.6,907852.6,183765.7,475164.6,600677.1,870934.8,456894.9,302023.1,2854445,37710.43,382933.1,45348.1,292231,490645,1193540,47353.35,104248.9,454176.4,313813.8,371157.9,79223.78,136824.6,147647.7,169502.9,94927.4,166826,131722,126761.3,160927.7,92885.61,161137.9,129736.8,105970.5,1154234,16775.23,15373.76,123636.1,329827.4,144.85,1212576,4097847,36781.11,624858.9,800914.8,41042.61,48377.96
Scenario 2,1598,6,Negative Shock,98,TRADING,136127.1,378991.4,150012.8,269680.3,957162.7,908112.6,183197.3,475052,599557.8,867462.5,456288.4,301281.5,2855995,37617.17,381922.2,45343.52,291301.3,489830.1,1193019,47310.17,104083.2,451967.2,313293.2,371140.5,79074.09,136853.9,147508.1,168598.7,94721.34,166614.7,131358.8,126728,160623.9,92840.98,160352.1,129201.9,105867.3,1152816,16741.19,15338.81,123627,329271.8,144.83,1212009,4098012,36674.34,623994.4,801420.8,40960.72,48352.31
Scenario 2,1599,6,Negative Shock,99,TRADING,135758.2,377820.6,149996.7,269576,956180.9,906883.3,183493.9,473682.6,600062.4,865192.4,455223.9,300939,2860236,37574.68,381545.1,45338.94,291261.6,488875,1190457,47357.3,103904.7,451810.8,312426.9,370948.4,78886.07,136826.9,147278,168326.1,94366.57,166510.2,131158.8,126503.9,160184.5,93036.82,159586.8,128717.1,105865.6,1153015,16730.58,15322.85,123748.3,329064.1,144.91,1208278,4097165,36640.49,624598.6,800496.3,40957.69,48413.98
Scenario 2,1600,6,Negative Shock,100,TRADING,135443.4,376930.4,149850.1,269074.6,955677.7,905179.8,183568.9,473422,600047.8,864164.9,454059,300808.3,2858734,37454.28,380286.4,45334.36,290627.2,488683,1192351,47168.58,103800.9,450122.7,311813.1,370574.2,78660.89,136551.7,146973.5,168031.4,94257.89,166342.4,130771.3,126361.8,160078.9,92989.89,159282.4,128463,105407.4,1151432,16685.05,15281.74,123780.4,328794.7,144.89,1207758,4099764,36631.76,623834.5,798034.4,40827.32,48350.96
Scenario 2,1601,6,Negative Shock,101,TRADING,134843.5,376245.1,149588.7,268489.1,953621,904220.8,183096.4,473134.3,600506.7,861090.6,452922.3,301080.4,2851228,37389.72,379552.4,45329.78,289613.7,488045.7,1193027,47136.23,103593.8,448921.7,310652.7,369990.2,78545.49,136100.9,146866.4,167902.4,94085.01,166180.9,130419.6,126142.7,159685.5,92726.71,159270.7,128165.5,105246.7,1149778,16661.25,15251.36,123782.8,328733.9,144.77,1206576,4090467,36693.27,624293.9,796149,40776.78,48364.31
Scenario 2,1602,6,Negative Shock,102,TRADING,134309.4,374870.9,149429.6,267904.9,950762.7,902962.4,183071.7,472356.8,600716.4,860515.4,452813.8,300542.4,2854135,37338.36,379229.7,45336.32,288799.6,487189.6,1191363,47084.44,103510.8,448260.9,310736.2,370055.7,78353.61,136117,146673.7,167524.6,93925.59,166012.7,130495.9,126097.7,159216.6,92733.12,159144.5,128028.5,105155.4,1147689,16595.55,15221.95,123415.5,328462.7,144.97,1204109,4084961,36682.95,623116.5,795907.7,40589.4,48267.9
Scenario 2,1603,6,Negative Shock,103,TRADING,133988.7,374141.3,149211.5,267873.8,947686.3,901306.4,182910.9,471286.7,600256.8,859476.9,451801.5,300330,2852694,37294.92,378411.4,45342.87,288233.8,486660.4,1190566,46942.7,103350.4,447517.2,309423.1,370141.8,78276.85,135861.9,146582.1,167210.5,93694.71,165813.1,130054.8,125895.8,158858.2,92524.37,159037.8,127914.1,105053.7,1147988,16556.74,15204.59,123233.7,327437.1,144.97,1200745,4081193,36619.09,620258.2,795030.4,40493.2,48248.7
Scenario 2,1604,6,Negative Shock,104,TRADING,133831.7,373568.1,148896.2,267722.2,945875.5,901375,182711.2,469480.2,598749.2,860460.6,450291.6,300585.2,2848696,37235.66,377499.1,45349.41,287987.1,485775.4,1187630,46815.37,103205,446964.2,308954.9,370141.7,78219.34,135593.8,146359,166851.6,93377.04,165736.7,129957.8,125839.7,158762.8,92283.99,158642.4,127763.9,104992.2,1146852,16534.43,15181.04,122672.7,327029.7,144.94,1197784,4073344,36483.1,619102.1,793601.8,40417.23,48264.58
Scenario 2,1605,6,Negative Shock,105,TRADING,133724.7,372350.8,148601.9,267131.1,944988.9,896927.5,182460.6,468870.5,597422.6,858883.3,449453.3,300343.2,2839775,37189.29,376818.8,45355.95,287260.3,484670.8,1185214,46742.67,103274,446645.2,307579.5,369502.2,78054.65,135289.1,146066,166594.2,93137.35,165503.6,130092.5,125707.8,158057.8,92099.3,158577.8,127472.5,104755.2,1145187,16520.37,15136.66,122724.9,326380.1,144.93,1197546,4072797,36502.34,618416.2,793134.1,40331.24,48208.89
Scenario 2,1606,6,Negative Shock,106,TRADING,133193.5,372070,148288.3,266575.9,944959.4,896879.4,182337.4,468440.3,596381,856636.4,448326.4,299688.9,2833676,37132.82,375935.6,45362.49,286857.6,483604,1183716,46723.51,103162.1,446574.6,307653.9,369023.4,77882.18,135367.9,145903.9,166357.9,92908.44,165402.8,130078.4,125330.4,157635.6,91961,158321.5,127503.2,104452.5,1141256,16492.12,15118.02,122369,326349.6,144.99,1197737,4064890,36473.52,617879.3,791308.2,40423.84,48276.31
Scenario 2,1607,6,Negative Shock,107,TRADING,133220,371413.7,148095.8,266077.9,944936.8,896065.6,182376.1,468770,596537.1,857253.9,447295.6,300040,2834730,37064.06,375240.8,45369.03,286540.2,483237.3,1180204,46641.53,103046.7,446199.4,307067.1,368335.3,77546.67,135207.2,145541.6,166049.5,92681.69,165134.4,129874,125083.4,157760,91786.08,157950.6,127061.9,104329.8,1138632,16469.99,15101.29,122305.6,326543.3,145.1,1195041,4064286,36366.48,615305.4,789642.7,40330.62,48245.05
Scenario 2,1608,6,Negative Shock,108,TRADING,133128.5,370948.7,147642.9,266044.9,943619.4,896003.3,182244.5,466929.6,595307.5,856324.2,446884.1,300214.6,2830365,37015.21,374246.3,45375.57,285682.5,481980.7,1178650,46587.75,102871.6,445141.8,305933.5,367347.2,77341.23,134986.7,145376.4,165570.3,92706.87,165010.1,129787.9,124981.2,157859.7,91571.41,157920.7,126925.5,104232.5,1137040,16426.14,15072.3,122310.4,326370.6,145.13,1194625,4061216,36344.32,614248.4,789698.5,40245.21,48270.35
Scenario 2,1609,6,Negative Shock,109,TRADING,133060.5,370147.3,147417.6,266209.2,943866.9,897098.6,182130.3,466964.8,595337.3,855424.6,446445.1,299911.4,2821580,36890.2,373351.8,45382.11,284779.7,480396.2,1177522,46661.76,102597.1,445339,305840.5,367169.6,77208.23,134693.7,145178.2,165516,92525.97,164753.8,129487.1,124883.5,157750.1,91583.5,157893.1,126904.7,104197.1,1134931,16374.27,15067.42,121833.8,326566.3,144.99,1193008,4056657,36328.69,613596.7,789005.4,40201.37,48280.02
Scenario 2,1610,6,Negative Shock,110,TRADING,132522.4,369679.3,147212.2,265860.7,944270.1,895688.6,181768,465227.2,596020.3,855736.2,445525.6,299232.5,2821660,36779.03,373215.2,45388.65,284099.6,479618.2,1173989,46678.81,102343.5,444165.2,305262.2,367081.8,76939.81,134534.9,145055.7,165290.8,92409.15,164489.5,129203,124553.1,157653.9,91335.46,157847.5,126743.4,104034.4,1134444,16336.17,15055.73,121734.8,325985.3,145.02,1193337,4056186,36229.48,612809.9,790284.1,40049.07,48198.65
Scenario 2,1611,6,Negative Shock,111,TRADING,132219.8,368719,146960.4,265143.6,941019.9,892652.1,181553.8,464485.3,595440.1,855025.6,445195.9,298719,2811605,36775.1,372671.8,45395.19,283758.3,479244.6,1172297,46598.81,102061.9,445191.3,304550.2,366514.3,76780.29,134342.6,144906.1,164944.3,92303.81,164285.7,129146.2,124498.6,157788.2,91052.92,157351.3,126348.9,103868.2,1133259,16292.75,15006.78,121190.2,324977.4,145.12,1191766,4054510,36239.23,612266.8,789532.8,39952.07,48256.22
Scenario 2,1612,6,Negative Shock,112,TRADING,131907.4,368051,146662.8,264742.7,940426.8,889197.7,181546.4,464589.8,595395.4,853748.6,444770.9,298630.4,2803532,36731.86,371849.7,45401.74,283228.6,478499.3,1171207,46459.36,101914.8,445587.2,304490.6,366229.7,76863.49,134186.1,144676.9,164609.4,92109.23,163780.8,128830,124280,157539.7,90867.93,157247.3,126050.6,103529.5,1133848,16241.77,14975.68,121186.1,324953.6,145.19,1191531,4051310,36165.9,613616.3,789583,39943.16,48257.97
Scenario 2,1613,6,Negative Shock,113,TRADING,131602.5,367077.1,146232.1,264390.5,939577.5,888647.8,180696.3,464960.9,596494.6,853182.8,443530.7,298251.3,2803324,36665.38,371002.8,45408.28,282207.3,477738.7,1171169,46437.25,101664.1,445636,303030.5,366000.9,76592.68,133891.5,144414.8,163968,91909.52,163821.5,128479.9,124073.1,157308.5,90787.16,157183.2,125493.1,103424.6,1131019,16214.9,14938.19,121310.3,324189.6,145.14,1190784,4039748,36095.91,613022.9,788683.8,39892.85,48220.54
Scenario 2,1614,6,Negative Shock,114,TRADING,131683.9,366560.7,146016.7,263746.8,938427.9,888457.3,180093.1,464609.4,598128.7,853957.8,442879.1,297821.5,2800833,36587.33,370153.9,45414.82,281734.1,476722.5,1168332,46455.72,101496.8,444736.1,302199.6,365147.6,76358.93,133911.1,144185.3,163347.8,91704.98,163375.4,128315.1,124089.4,157052.4,90670.9,157296.6,125199.5,103396.3,1128042,16142.79,14910.25,121212.4,324023.4,145.28,1190932,4035604,36028.79,611602.8,788994.7,39757.66,48048.99
Scenario 2,1615,6,Negative Shock,115,TRADING,131598.3,365854.7,146032.4,263773.7,936358.4,888430.6,179750.7,463791.2,598489.6,852245.5,442699,297186.8,2799710,36532.59,369378.9,45421.36,281352.5,476290.2,1165018,46282.54,101208.4,443955.3,301362.3,364625.1,76256.61,133836.9,144243.2,162658.7,91411.06,163024.1,128338.5,123977.8,156882,90494.36,156917.9,124734.4,103308.6,1128923,16094.29,14897.82,120781.7,323706.3,145.25,1188586,4030323,35985.22,610128,788002.4,39705.1,47956.07
Scenario 2,1616,6,Negative Shock,116,TRADING,131521.8,365317.5,145823.6,263157.4,934396.5,887293.5,179368.7,463518.8,597009.6,852553.7,441501.3,296354,2798934,36472.62,368890.4,45427.9,281536.7,475422.3,1163364,46264.14,101137.6,442842,300583.3,363649.9,76163.98,133582,143871.9,162273.2,91269.64,162721.3,128051.5,123786.8,156782.4,90350.76,156607.5,124542.4,103030.7,1127225,16070.62,14860.68,120558.7,323053.8,145.24,1189084,4028617,35953.09,609170.9,787055.5,39563.96,47980.61
Scenario 2,1617,6,Negative Shock,117,TRADING,131034.1,365086.5,145644.5,262903.6,933943.8,886648.7,179245.4,462872.2,597181.6,852592.1,440386.1,295500.4,2788754,36367.93,367693.3,45434.44,280986.3,474489.3,1160768,46144.47,100952.9,442206.3,300060.5,361986.9,76016.69,133450.1,143723.3,162317.3,91095.3,162342.8,127889.1,123767,156614.9,90330.5,156207,124102.2,102864.1,1128545,16010.99,14842.11,120535.1,322487.6,145.23,1187633,4025211,35889.77,607764.5,784905.8,39490.52,47885.19
Scenario 2,1618,6,Negative Shock,118,TRADING,130867.4,364258.2,145312.9,262268.4,932932.1,887595.1,179250.4,461626.7,596121.3,853518.4,439383.1,295139.4,2787426,36378.81,366926.8,45440.98,280617.9,472996.8,1159040,46059.89,100785.6,441945.1,300134.2,361742.9,75932.2,133204.9,143328,161623.1,91055.5,162140.1,127686.9,123769.3,156475.7,90323.46,155688.6,124026.5,102660.1,1126894,15999.54,14816.65,120656.1,321777.5,145.23,1187672,4026772,35834.44,607364.7,784116.4,39443.67,47770.38
Scenario 2,1619,6,Negative Shock,119,TRADING,130402.1,364345.8,144745.8,261586.7,931452.2,886137.1,179243.4,461660.5,596499.8,850685.9,438867.2,294092.4,2787247,36326.71,366212.9,45447.52,280473.3,472806.1,1157596,46115.8,100485.5,442581.1,298789.3,361436,76022.1,133202.1,142866.2,161234.7,91005.77,162092.3,127470,123632.4,156103,90121.9,155587,123832.3,102660,1124377,15944.29,14793.58,120711.6,321547.1,145.32,1184961,4021709,35860.85,607248.3,784049.3,39267.08,47779.39
Scenario 2,1620,6,Negative Shock,120,TRADING,130376.5,364428.6,144424.3,260783.4,929910.4,883897.1,178914.3,461096.1,596561.4,849799,437432.6,293748.2,2791651,36344.88,365593.2,45454.06,280016.1,472259.4,1154654,46130.64,100406.6,441109.5,297982.3,361921.1,75912.46,132937.2,142788,160962.3,90918.4,162012.2,126864.5,123547,156063.5,90159.74,155601.1,124083.8,102385.6,1123342,15930.31,14772.49,120699.2,320357.9,145.37,1182678,4014507,35695.58,606861,783140.6,39174.23,47731.77
Scenario 2,1621,6,Negative Shock,121,TRADING,130263.3,363362,144103.6,260548.9,928850.5,881995.6,178664.8,460288,595693.6,848610.3,437284.9,292619.3,2785048,36274.5,365218.6,45460.61,279889.7,471876.2,1153015,46147.45,100178.9,440313.6,297141.4,361784.7,75821.62,132702.6,142642.3,160904.6,90822.71,161981.7,126477,123422.2,155415.8,90041.27,155268.6,124005.7,102124.3,1122663,15896.76,14766.57,120737.2,319687.8,145.34,1182844,4004713,35644.45,606306.6,782072.5,39010.73,47741.39
Scenario 2,1622,6,Negative Shock,122,TRADING,130060.9,362580.4,143875.4,260044.6,926937.3,882127,177984.9,459871.6,595292.5,848089.4,437145.7,292662.4,2784263,36228.7,364527.8,45467.15,279264.5,470874.3,1151321,46038.43,100091.5,440871.6,295903.4,361436.4,75786.96,132670.9,142558.1,160609.8,90641.32,162029.2,126184,123352.2,154976.3,89987.46,154938.9,124045.7,101669.8,1122022,15870.06,14738.07,120383.4,319572.2,145.38,1182800,4000229,35580.58,606351,780130.7,38910.34,47786.01
Scenario 2,1623,6,Negative Shock,123,TRADING,129996.2,361924.7,143740.8,259592.8,926019,879708.4,177388.2,459139.1,594927.6,848174.6,436129.9,292651.8,2788085,36168.58,364029.5,45473.69,279041.8,469881,1149665,46010.15,99969.41,440789.1,295210.5,360683.9,75684.88,132691.1,142011,160176.9,90520.15,161888.4,125859.1,123229.2,154719.9,90095.36,154880.1,123773.4,101423.9,1120199,15834.98,14734.02,120406.6,319115.2,145.3,1183217,3996845,35491.1,604515.6,779116.1,38845.18,47819
Scenario 2,1624,6,Negative Shock,124,TRADING,129980.7,361546.5,143816.5,259389.9,923368.5,879184.2,177110.3,459078.6,595276.5,846097.5,436041.9,292276.7,2778190,36110.18,363533.6,45480.23,278241.5,469489.2,1147002,45953.84,99913.85,440513.6,294465.7,360119.8,75632.31,132519,141863.1,160227,90392.42,161452,125634.7,123116,154553.1,89922.52,154747,123469.1,101231.1,1120400,15813,14693.69,120295,318792.2,145.39,1181192,3990374,35415.98,604059.3,777393.9,38776.34,47755.82
Scenario 2,1625,6,Negative Shock,125,TRADING,129661.7,360392.3,143694.7,258957.9,922700.2,878295.8,176826.5,458696.3,594453.4,844793,434501.6,292110.1,2779051,36072.22,362902,45486.77,278088.4,468215,1146617,45897.54,99685.84,440364.3,293540.4,359713.9,75641.29,132042.4,141558,159330.7,90386.43,160965.5,125555.7,122907.5,154376.7,89854.47,154822.3,123067.1,101139.8,1118966,15770.39,14667.49,120234.6,318251.7,145.45,1180467,3984194,35359.21,604040.4,775538.9,38730.65,47704.21
Scenario 2,1626,6,Negative Shock,126,TRADING,129279.6,359859.7,143664.7,258634,921542.8,877447.8,176495.5,458626.9,593774.7,843813.4,433783.7,291998.3,2779689,36001.93,362684.4,45493.31,277585.4,467622.4,1145685,45873.26,99452.75,440391.6,292853.1,359525.6,75480.01,131791.2,141054.8,158934.6,90293.25,161024.4,125265.6,122836,153966.4,89628.05,154749.2,122908.9,100705.6,1118871,15739.56,14657.8,120087.5,317952.6,145.43,1179476,3976376,35280.3,602887.2,775838,38581.6,47745.59
Scenario 2,1627,6,Negative Shock,127,TRADING,129099.7,358748.1,143511.2,258223.3,919787.8,876202.2,176539.5,457751.2,593797.3,842710.1,432830.7,291593.7,2776715,35986.86,361399.7,45499.85,276925.1,466766.4,1142140,45751.27,99207.7,440219.5,292859.7,358754.4,75479.22,131419.2,141115,158492.1,90034.92,160701.1,124818.2,122744.5,153729.5,89397.8,154227.8,122279.7,100327,1117218,15703.31,14616.04,119672.4,318017.7,145.49,1176487,3968782,35137.26,602225.4,775242.4,38524.13,47665.84
Scenario 2,1628,6,Negative Shock,128,TRADING,128872.4,358290,143161.9,257747.3,916968.9,874680.6,176218.2,457241.5,594714,840779.3,431900.3,290909.1,2763577,35896.98,360466.2,45506.39,276430.2,465542.8,1140729,45744.81,99027.98,438794.4,292680,358490,75388.22,131230.9,141030,158201.4,89787.12,160659.1,124548.2,122783.9,153479.2,89472.63,154030.3,122050.1,100147.5,1113032,15703.22,14582.41,119298.5,317844,145.55,1176345,3960126,35062.35,601138.4,773970.8,38466.32,47641.02
Scenario 2,1629,6,Negative Shock,129,TRADING,128886,357759.3,143107,257396.8,916184.3,874098.5,176147.6,457145,594731.2,840196.9,430673.6,290699,2763541,35833.81,359542.2,45512.93,276061.4,465303.5,1137875,45743.11,98938.4,437694.3,291884.3,357737.5,75130.23,130792.5,140722.2,158124.5,89516.05,160261.3,124478.1,122678,153329.3,89382.66,153706.5,121937.2,99876.71,1110389,15662.13,14586.03,119033.2,317402.8,145.53,1176996,3954373,34983.71,600451.7,772679.5,38409.62,47644.48
Scenario 2,1630,6,Negative Shock,130,TRADING,128778.1,356820.6,142720,257351.5,915296.3,874114.2,175808.8,455706.3,593250.7,840172,429098.1,290295.6,2759508,35790.13,359386.7,45519.48,276124.7,464352.7,1137580,45705.94,98705.29,436599.8,291465.9,357426.5,75029.51,130531.1,140396.8,157920.4,89258.72,160054.3,124217,122426.5,153088.1,89267.73,153338.1,121695.5,99630.77,1109368,15633.73,14549.77,118902.1,316871.1,145.49,1176276,3952526,34929.97,599784.3,768057.6,38345.18,47625.84
Scenario 2,1631,6,Negative Shock,131,TRADING,128353.9,355834.2,142362.5,256866,914556.6,873648,175647.5,455382.8,593484.7,838966.5,427742.9,289701.8,2753743,35717.05,358391.6,45526.02,275917,463058.6,1135500,45610.83,98420.42,436689.9,290279.2,356836,75014.76,130241.2,140164.2,157313,89152.53,160023.7,124126.6,122338.7,152956.5,89254.24,152936.6,121533.1,99313.81,1109808,15621.77,14537.93,118807.9,316564.2,145.62,1176411,3945972,34843.55,598797,766846,38327.54,47628.26
Scenario 2,1632,6,Negative Shock,132,TRADING,128311.9,355113.8,141935.4,256251.5,912485.3,874348.7,175387.4,454710.5,591524.6,837089.9,427121.9,289256.8,2748107,35666.06,358042.4,45532.56,275719.8,461877,1133735,45539.67,98310.61,435740.1,290319.4,356333,74882.56,130104.2,139785.5,156920,89052.76,159932.2,123982.9,122226.9,152717.4,89204.28,152930.8,121646.8,99129.48,1108980,15605.52,14523.44,118864,316442.8,145.72,1176411,3942496,34730.78,598321.6,764668.4,38326.82,47687.72
Scenario 2,1633,6,Negative Shock,133,TRADING,127963.1,354692.2,141728.9,255850,912416.2,875126.3,174736.5,453432.2,590935.5,837009.5,425909.9,289192.9,2744309,35616.02,357344.3,45539.1,274972.3,461600.6,1131555,45548.95,98331.65,435334.3,288731.6,355258.2,74677.8,130042.8,139419.4,156514.4,88821.33,159951.5,123878,122066.2,152546.5,89048.67,152752.4,121526.3,98806.63,1109219,15526.2,14512.99,118570.2,315720.7,145.74,1173804,3937395,34646.24,596589.9,762068.1,38275.22,47663.85
Scenario 2,1634,6,Negative Shock,134,TRADING,127809,354975.5,141648.8,255542.3,910421.5,873627.4,174911.1,452220.6,589326.4,835842.9,424461.6,288910.2,2741968,35548.73,356544.9,45545.64,274085.7,460327.7,1130445,45455.94,98052.76,435787.7,288458.6,355567,74454.85,130004.1,139213.7,156180.4,88749.82,159751.1,123689.8,121820.3,152344.4,89064.38,152869.4,121506.3,98631.94,1109044,15509.56,14476.6,118423.6,314409,145.73,1171153,3935169,34577.81,595676.2,760377.6,38201.15,47668.05
Scenario 2,1635,6,Negative Shock,135,TRADING,127534.1,354884.8,141621.7,255106.9,908567.2,870899,174761.6,451239.9,588225.3,835984.7,424122.6,288147.8,2738131,35449.85,355717.9,45552.18,273638.1,459492.9,1127388,45370.64,97981.89,435294.5,288066.1,355040,74317.28,129857.2,138959.6,156180.8,88480.06,159660.1,123287.5,121752.9,152191.9,88988.9,153184.7,121322.7,98434.7,1108836,15481.01,14464.31,118440.7,313984.7,145.82,1169913,3928270,34439,594855.7,759295.6,38149.5,47667.25
Scenario 2,1636,6,Negative Shock,136,TRADING,127259.8,354337.2,141071.8,254954.5,908315.4,869491.6,174554.8,449968.7,587092.1,834930.6,423789.7,287477.6,2742070,35333.3,354704.6,45558.72,272978.6,458530.5,1125578,45338.98,97783.31,434551.5,287078.2,354093.9,74195.94,129707,138736,155761.3,88411.36,159113.4,123058.6,121666.6,152125.6,89047.85,152702.9,120727.4,98144.28,1108720,15425.24,14434.84,118375.2,313534.8,145.82,1170082,3924898,34376.34,593081.4,757612.3,38114.05,47651.7
Scenario 2,1637,6,Negative Shock,137,TRADING,126668.6,353896.4,140814.5,254686.3,906498.6,868380.6,174137.3,449678.9,587758.5,834970.1,422997.2,287052.8,2743081,35278.88,353810.9,45565.26,272172.9,457585.4,1124880,45269.32,97616.87,433989.3,286472.4,354197.3,74078.35,129442.2,138564.9,155599.6,88147.59,158829.6,122684.7,121590.2,151820.1,88863.18,152193.9,120562.7,97940.23,1107600,15344.33,14418.77,118467.4,312613.9,145.73,1167371,3924005,34323.01,593385.8,755679.5,38060.07,47606.15
Scenario 2,1638,6,Negative Shock,138,TRADING,126279.6,353119.4,140445.2,254462.6,905418.4,869615.6,173668.3,449384.6,586073.4,832585.8,422924.7,286408.8,2743867,35238.87,353312.2,45571.8,271887.4,457019,1122885,45157.07,97490.33,432487,286141.8,352667.6,73994.76,129169.6,138422.9,155479.6,87953.83,158502.9,122359.8,121687.9,151420.6,88708.14,152044,120095.6,97951.71,1106391,15283.28,14404.59,118245.1,311891.6,145.76,1166040,3927859,34225.04,591863.9,755820.4,38045.34,47577.97
Scenario 2,1639,6,Negative Shock,139,TRADING,126221.7,352306.4,140288.8,254216.9,905082.5,869667.2,173209.3,448416.4,585082.2,831548.6,422918.5,285689,2743447,35141.68,352311.4,45578.34,271662.3,456506.9,1117426,45108.23,97462.68,432042.8,284908.8,352649.2,73933.08,128743.5,137991.1,155122.4,87560.44,158409.9,122277.5,121576.9,151706,88506.2,152015.7,119807.6,97600.38,1105905,15261.62,14375.2,118298.3,311105.1,145.83,1163698,3926184,34206.62,590462.9,753979.2,37926.58,47470.77
Scenario 2,1640,6,Negative Shock,140,TRADING,126210.1,351283.3,140043.6,253485.3,903736.9,868015.8,172804.5,447273.3,584169.5,829296.4,421969.8,284963.3,2739993,35046.5,351815.7,45584.89,271582.1,454927.7,1113714,45069.71,97272.65,431863.5,283898.5,352795.6,73846.85,128470.8,137731.2,154769,87566.23,158380.7,122145.7,121267,151276.8,88418.25,151940.1,119564.2,97689.17,1105719,15230.22,14346.51,118266.1,311065.6,145.85,1163096,3922943,34119.25,589475.6,753040,37920.26,47237.13
Scenario 2,1641,6,Negative Shock,141,TRADING,126163.6,350281.4,140035,253313.7,901141.1,868169.9,172675.2,447041.1,583608.1,827693.1,420888.3,284288.8,2739229,34984.83,351607.9,45591.43,271099.8,454104.5,1111548,45041.79,97243.92,431114.7,283607.9,352671.1,73769.16,128230.4,137398.9,154315.5,87364.33,158152.2,121863.3,120989,150998.4,88309.33,151484.2,118988.7,97727.4,1102717,15188.22,14341.48,118503.1,311246.9,145.93,1161522,3927753,34026.28,588691.5,752011.9,37845.79,47184.94
Scenario 2,1642,6,Negative Shock,142,TRADING,126059.7,349732.6,139968.6,252826,900491.6,868362.1,172547.7,446597.8,582908.4,829388.7,419643.1,284197.5,2730814,34902.46,350748.2,45597.97,270962.3,452737.8,1110120,44992.27,97024.12,430839.6,282708.3,352458.6,73725,128059.6,136944.7,154051.9,87072.2,157876.8,121629.5,121047.2,150788.7,88374.18,151232.9,118785.8,97378.93,1102511,15182.44,14321.68,118198.2,310265.8,145.97,1160240,3927476,33957.64,588423.4,751392,37804.51,47144.05
Scenario 2,1643,6,Negative Shock,143,TRADING,125801,348973.6,139628.2,252407.8,899389.9,867947.7,172367.9,446638.9,582691.7,830904.8,418872.4,283779.5,2724551,34899.65,349574.8,45604.51,270755.8,451908.9,1108563,44874.17,96799.29,429739.9,281942.3,352643.4,73667.2,127954.1,136751.2,153620,86874.8,157530.6,121446.5,120782.1,150531.4,88273.93,151238.4,118518,97242.9,1103020,15115.04,14305.41,118296.7,310187.6,146.05,1158014,3924309,33929.81,586664.1,750628.8,37774.32,47040.49
Scenario 2,1644,6,Negative Shock,144,TRADING,125648.9,348270.4,139769.2,251691.6,899268.6,866725.7,172303.3,445341.5,582150.2,830845.7,418034.5,283531.7,2722912,34836.83,348763.7,45611.05,270543.2,452110.5,1105974,44815.08,96708.02,429394.7,280568.3,353383,73627.45,127656.7,136444.5,153233.4,86606.47,157466.9,121014,120429.2,149933.4,88214.9,151218.1,118315.1,96827.86,1099950,15083.88,14266.04,118160,309816.5,146.18,1156996,3912887,33852.64,587038.4,747667.8,37698.09,47030.19
Scenario 2,1645,6,Negative Shock,145,TRADING,125458,347421.2,139458.7,251348.4,898410.9,866240.4,172007.6,444779.4,582383.6,830889.2,416801.9,283364.6,2722506,34805.82,347884.2,45617.59,270298.8,451023.1,1103973,44835.72,96566.34,429076,280325.7,352872.5,73486.32,127465.2,136278.2,152921.4,86519.84,157322.2,120709.4,120377.2,149759.9,87946.54,150946.8,118052.3,96803.42,1099540,15043.35,14252.88,118344.9,309437.7,146.31,1156418,3900352,33825.24,585805.2,744919.4,37729.57,46979.34
Scenario 2,1646,6,Negative Shock,146,TRADING,125376.3,346903.1,139229.5,250912.2,897824.2,866387.1,171982.5,443505.7,581603.3,829670.7,415797,282921.6,2727502,34663.58,347160.1,45624.13,269849.6,450135.4,1100215,44757.27,96407.49,427972,279558,352057.7,73406.31,127433.7,135920.4,152516.5,86234.25,157143.4,120403.2,120102,149664.2,87698.64,150837.1,117985.6,96616.35,1097597,15049.44,14234.79,118283.1,308667.8,146.38,1154731,3886676,33749.83,584706.5,745812.2,37644.46,46922.84
Scenario 2,1647,6,Negative Shock,147,TRADING,125046.7,346505.5,139042,250338.6,895835.4,863795.1,171780.4,443259,580262.7,826604.3,414290,282513.5,2719605,34555.57,347075.4,45630.67,269778.7,449680.4,1097353,44714.36,96275.01,427442.5,279275.7,351087.6,73178.16,127014.4,135907.4,152081.3,86029.56,156865.4,120171.4,119743.9,149599.2,87691.95,150510.7,117791.2,96227.34,1094490,15037.27,14224.32,118005.6,308073.2,146.4,1152362,3882611,33663.99,583826.4,743252.6,37601.53,46828.93
Scenario 2,1648,6,Negative Shock,148,TRADING,125119.7,346416,138843.1,249726.9,893806.1,859872.2,171252.9,443563.3,579145.3,825442.1,413687.9,281715.8,2711517,34499.22,345863.6,45637.21,269124.3,448540.7,1095651,44619.51,95948.22,425813.4,279311.4,350334.7,72970.84,126572.9,135178.1,151693,85759.15,156740.2,119651,119306.8,149206.7,87669.6,150152,117787.5,95805.56,1092893,15018.06,14209.76,117961.1,307640.2,146.43,1147289,3874901,33608.77,582373.9,742072.5,37571,46676.76
Scenario 2,1649,6,Negative Shock,149,TRADING,124734.9,345642.6,138362.6,248885.8,893039.9,857740.6,171353.9,442772.5,577836.1,824087.8,411599.9,280890.2,2709465,34382.31,344927.1,45643.76,268874.1,447772.4,1092937,44525.5,95791.4,424436.1,278673.9,350543.7,72872.44,126123.3,134848.9,151592,85623.35,156625,119488.8,118972.9,149087.6,87460.94,149706.7,117815.3,95492.4,1091935,14983.47,14206.05,117573.4,307250.8,146.6,1144763,3863731,33546.11,581170.8,740096.6,37515.9,46554.33
Scenario 2,1650,6,Negative Shock,150,TRADING,124537.6,345435.8,137984.5,248353.8,891002.7,854162,170869.7,442197.5,577144.1,822378.3,411020.2,280558.7,2694572,34331.94,344340.4,45650.3,268354.7,446775.1,1090110,44407.68,95646.66,424172,277981.2,349702.2,72843.71,125793.3,134690.8,151533.9,85367.23,156092,119178.9,118499.9,148608.4,87351.42,149346.1,117560.8,95018.78,1088402,14945.28,14194.07,117028.9,307222.1,146.67,1141384,3857201,33470.7,580986.4,737687.8,37379.52,46508.58
Scenario 2,1651,6,Negative Shock,151,TRADING,124537.6,345435.8,137984.5,248353.8,891002.7,854162,170869.7,442197.5,577144.1,822378.3,411020.2,280558.7,2694572,34331.94,344340.4,45650.3,268354.7,446775.1,1090110,44407.68,95646.66,424172,277981.2,349702.2,72843.71,125793.3,134690.8,151533.9,85367.23,156092,119178.9,118499.9,148608.4,87351.42,149346.1,117560.8,95018.78,1088402,14945.28,14194.07,117028.9,307222.1,146.67,1141384,3857201,33470.7,580986.4,737687.8,37379.52,46508.58
Scenario 2,1652,6,Negative Shock,152,TRADING,124255.7,344189.7,137617.9,247718.7,889575.4,850849.2,170408.5,442102.1,574800.6,821318.3,409689.7,279672,2685576,34282.1,343992.8,45656.84,267667.5,446058.6,1089593,44335.74,95485.06,423304.6,277479.9,348245.4,72669.67,125435.7,134383.9,151301.7,85144.7,155690.2,118937.9,118162.3,148186.8,87062.68,148895.7,117405.7,94822.2,1086172,14945.06,14194.75,116780.6,306200,146.69,1137660,3845654,33386.26,579151.8,735548.5,37404.53,46261.23
Scenario 2,1653,6,Negative Shock,153,TRADING,124159.5,343683,137331.3,246849.7,885894.4,849706.5,170260.1,441730.3,574249.1,819434,408157.3,279157.8,2676027,34233.39,343665.9,45663.38,267354.5,445810.2,1086806,44257.75,95433.75,422250.9,276673.4,347500.8,72575.88,125089.2,134265.6,150896,84788.69,155286.5,118617.6,117841.8,147701.6,87143.05,148443.6,117340.8,94699.41,1085327,14937.72,14166.75,116594.6,305309.4,146.64,1134959,3844491,33317.43,577468.7,735750.6,37275.7,46148.32
Scenario 2,1654,6,Negative Shock,154,TRADING,123698.1,342810.1,137087.5,246608.1,883481.9,848278.2,169853.4,440895.8,573300.4,816397.7,407424.9,278447.3,2671930,34172.13,343145.5,45669.92,266959.2,445604,1085455,44123.75,95258.26,420991.8,275902.8,347860.1,72347.56,124767.4,133874.7,150472.7,84589.48,154872.3,118242.9,117600.6,147146.2,86892.38,148307.8,117045.5,94813.82,1083149,14915.16,14145.95,116257.5,304275.2,146.6101,1132504,3825737,33239.57,576713.4,735256.5,37192.44,46135.52
Scenario 2,1655,6,Negative Shock,155,TRADING,123426.7,341832.9,136736.6,246118.8,879498.6,844413.1,169184.8,440178.6,573251.1,814645.8,407633.4,277763.4,2666042,34073,342547.9,45676.46,266515.1,444971.4,1082996,44095.29,95012.92,420305.4,275307.5,346881.9,72257.88,124431.3,133655.2,149985.2,84426.08,154680.6,118259.6,117460,146450.2,86757.97,147889.8,116812,94654.82,1079273,14907.31,14126.44,116022.4,302888.5,146.62,1128512,3807436,33145.59,575966.4,735073.7,37081.41,46019.91
Scenario 2,1656,6,Negative Shock,156,TRADING,123178.7,340872.7,136502.6,245318.5,877855.1,844692.1,168673.8,439516.7,571635.2,811774.6,406676.8,277710.6,2664308,33963.8,341903.7,45683,266104.5,444192.1,1079303,43997.07,94901.4,419561.6,274210.3,345992.8,72077.14,124083.8,133280.6,149728.3,84288.32,154400.2,118103.6,117059.3,146102.5,86568.49,147584.5,116317.8,94430.99,1077330,14885.14,14102.39,115446.3,302698.3,146.66,1127395,3796525,33052.94,574534.8,734058.2,37088.64,45888.88
Scenario 2,1657,6,Negative Shock,157,TRADING,122893.6,340281.4,136468.2,244886,874883.6,842789.2,168333,438970.1,571444,808398.3,405786.3,276963.7,2658328,33868.15,341663.7,45689.53,265250.6,443243.1,1078143,43894.51,94790.08,418660.9,273189.6,345094.3,71926.3,123613.1,132989,149532.6,84217.62,153800,117723.1,116834.4,145798.5,86365.4,146868.9,116024.3,94394.16,1075871,14846.11,14072.09,115236,302015.8,146.7499,1122704,3778600,32965.03,573728.8,733862.4,37028.96,45834.59
Scenario 2,1658,6,Negative Shock,158,TRADING,122965.5,340283.9,136242.5,244303.9,873468.5,841670.8,168014.7,437070.7,570297.1,806096.5,404815.4,276534.7,2653643,33802.34,341328.1,45696.08,265183.3,441725.5,1076970,43879.74,94582.63,418329.3,272994.2,344385.1,71823.47,123203.2,132527.4,149088.5,84128.24,153518.6,117637.9,116539.4,145261.3,86255.31,146484.3,115686.8,94197.87,1073194,14826.42,14066.55,115129.8,301078,146.7499,1120513,3770815,32902.37,573754.8,732130.4,36960.47,45704.89
Scenario 2,1659,6,Negative Shock,159,TRADING,122574.5,340100.5,135910.3,243746.6,872093.5,838423.1,167829.4,435969.6,567981,805039,403734.5,275984.3,2640543,33695.47,340576.7,45702.62,264808.4,440560.7,1074676,43879.65,94207.8,417638.7,272857.7,343458.5,71588.45,123043.7,132345.7,148860.2,84077.18,153180.2,117417.7,116221,145297.3,86072.36,146198.4,115476.6,94051.84,1071830,14789.84,14054.65,114884.7,300385.5,146.8598,1118197,3759072,32887.21,573120.7,730779.5,36931.19,45606.02
Scenario 2,1660,6,Negative Shock,160,TRADING,122226.8,339281.2,135524.5,243017.4,869245.2,838047.6,167377.3,435829.1,566265.6,804047.7,403325.2,275692.5,2633373,33650.59,340121.3,45709.16,264135,439558.4,1073159,43742.36,93978.94,416043.3,272336.1,342662.7,71532.71,122661.2,132086.5,148576.1,83815.6,152806.7,117001,115816.1,144950.6,85947,145598.1,115253.5,93808.94,1070905,14778.17,14055.69,114189.7,299387.4,146.7799,1115862,3746858,32825.03,571944.8,728279.7,36897.95,45481.74
Scenario 2,1661,6,Negative Shock,161,TRADING,121855.1,339049.2,135341.2,242284.1,868944.7,833977.9,167160.5,434734.9,564532.1,801253.6,402381.2,274613.1,2625922,33575.24,339596.5,45715.7,263184.2,438695.7,1071323,43635.38,93761.24,415168.3,272772,341198.3,71507.12,122376.3,131956.2,148430.3,83709.36,152634.4,116799.7,115556.4,144556,85800.48,145200.8,115066.3,93693.87,1068779,14762.69,14041.25,113793.3,299081.7,146.8898,1112598,3739559,32785.85,571296,727110.6,36794.77,45415.57
Scenario 2,1662,6,Negative Shock,162,TRADING,121928.5,338127.4,135198.5,241833.6,867677.9,830823.5,167019.9,434342.7,562730.2,800852,400939.9,273744.9,2618910,33515.84,339287.2,45722.24,261919.8,437599.3,1068822,43522.02,93563.01,413979.6,272766.2,340393,71401.62,121933.7,131723.6,148389.9,83558.1,152320.8,116553.6,115277.7,144169.9,85685.62,145277.2,114746.7,93480.75,1065193,14763.15,14027.97,113745.4,298642.4,146.9797,1108322,3732836,32720.76,570400.7,725512.5,36744.92,45273.79
Scenario 2,1663,6,Negative Shock,163,TRADING,121388.3,337247.1,134842.3,241062.3,866333.1,830662.4,166985.4,432798.2,561974.8,798240.4,400361.8,273867.4,2607224,33434.46,338392.1,45728.78,261561.6,436807.7,1068068,43369.59,93333.48,412837.1,271754.6,339357.6,71165.37,121786.2,131505.1,148437.9,83512.82,152052.6,116588.1,115008.8,143825.9,85594.01,144895.7,114296.7,93351.26,1064202,14736.59,14000.64,113514.3,298561.6,146.9498,1106200,3734423,32643.09,568545.7,723924.6,36624.97,45138.12
Scenario 2,1664,6,Negative Shock,164,TRADING,121286.6,337098.4,134330.2,240640.6,862997.1,828196.3,166216.6,432308.9,561582.2,794230.4,400043,273135.1,2593535,33394.57,337541.8,45735.32,261333.9,436144.3,1065480,43261.87,93123.34,411978.5,272467.8,338410.5,71012.13,121616.4,131212.1,147952.7,83228.5,151885.2,116252.6,114577.6,143482.4,85563.94,144570.8,114130.7,93234.58,1060437,14720.09,13965.25,113031.9,298421.5,146.9098,1103099,3725810,32627.26,566353.2,722810.1,36601.19,45067.31
Scenario 2,1665,6,Negative Shock,165,TRADING,120913.7,335803.6,133973.6,240132.7,860047.8,824126.7,165983.8,431067.3,558695.2,790929.7,399276.1,272130.4,2597611,33298.85,336515,45741.86,261339.2,435047.2,1063143,43153.3,92950.27,410748.5,271908,337367.2,70745.27,121344,131027.1,147648.1,82946.2,151116.8,116069.2,114194.3,143235.3,85473.34,144351.4,114034.4,93220.08,1058255,14672.24,13933.6,112398,297847,146.8898,1099886,3712837,32579.62,565191.3,721519.3,36486.86,44960.02
Scenario 2,1666,6,Negative Shock,166,TRADING,120750.6,334488.6,133727,239622.6,859494.8,821385,166028.8,429693.2,557116.5,791008.2,397639.9,271537,2595274,33235.86,335804.4,45748.4,261108.2,434047.1,1061754,43105.75,92786.05,409462.1,272065.6,336174.4,70506.93,121171.3,130534.4,147415.3,82895.33,150794.2,115823.5,114034,142919.4,85271.73,143924.9,113732.4,92979.55,1057649,14650.61,13931,112296.7,297740.3,146.9498,1098589,3701338,32538.96,563449.6,719259.3,36428.9,44882.43
Scenario 2,1667,6,Negative Shock,167,TRADING,120317.4,333837.8,133429,239029.1,857659.9,819635.3,165833,429237.6,556052.4,790396.4,396495.9,270613.8,2593602,33168.36,334617.2,45754.95,260842.1,432503.1,1058653,43010.62,92497.39,408276.1,271603.8,335049.9,70395.45,120848.6,130343.2,147242,82727.35,150509.1,115816.6,113683.5,142805.8,85193.77,143859.8,113343.5,92784.6,1057154,14604.04,13904.42,112153.6,296666.3,147.0097,1096723,3692942,32468.12,562924.1,716872.6,36408.95,44776.01
Scenario 2,1668,6,Negative Shock,168,TRADING,120128.6,332729,133275.9,238172.5,855715.6,817165.2,165586.7,428275.8,554494.8,788651.7,395844.9,269487.3,2583782,33127.7,334066,45761.48,259940.6,431834.4,1055951,42816.24,92374.92,407725.7,271404.1,334148.3,70102.18,120488.6,130081.6,146908.7,82651.21,150409.4,115710.1,113317.1,142343.5,84946.97,143664.3,113252.9,92709.79,1056847,14568.97,13877.17,111970.5,296067.8,147.0896,1092654,3688680,32380.2,562084.9,714945.4,36265.51,44693.87
Scenario 2,1669,6,Negative Shock,169,TRADING,119663.6,332404,133008.4,237793.3,854221.2,814371.3,165191.2,428440.4,552595,787086.1,394397.2,269464.9,2571174,33106.61,333569.5,45768.02,259060.7,430373.2,1052470,42731.96,92224.47,406815.8,270905,333740.2,69919.53,120239.4,129582.2,146980,82457.42,150166.4,115516.4,112949.6,142464.8,84876.66,143334,112764.2,92638.33,1053883,14552.09,13875.26,111706.2,295485,147.0796,1090079,3681611,32302.04,562343.6,713989,36249.31,44631.63
Scenario 2,1670,6,Negative Shock,170,TRADING,119476.7,332431.8,132944.7,237200.4,852518.8,812671.1,165038.6,427896.3,552515.2,783330.4,394059.6,268346.4,2555783,33050.92,332766.6,45774.56,258482.3,429580.2,1050764,42669.72,91985.94,406462.9,270519.5,333470.7,69813.9,120018.3,129459.3,146908.8,82309.93,149840.5,115444,112712,142176.9,84518.75,143109.1,112462.4,92537.84,1052569,14529.9,13864.58,111603.5,294815.9,147.1496,1086947,3677775,32258.29,560516.4,710935.6,36178.93,44534.62
Scenario 2,1671,6,Negative Shock,171,TRADING,119330.8,331695.1,132590.3,236659.3,851915.3,810283.9,164893.3,428787,551217.2,780733,393454.2,267853.7,2543850,32949.14,332262.1,45781.1,258015.9,428522.4,1049401,42516.69,91840.44,405847.7,270196.7,333022.4,69764.84,119552.4,129308.3,146604,82105.53,149543.9,115561.2,112299.4,141826.2,84527.47,143050.7,112239.1,92603.78,1051271,14523,13841.38,111189,293859.4,147.1096,1084256,3672291,32162.44,559122.7,711014.6,36151.11,44449.79
Scenario 2,1672,6,Negative Shock,172,TRADING,118966.5,330554.2,132024.6,236667.7,848964,807074.7,164825.7,427909.2,550490.1,776829.8,392484,267033.3,2539243,32985.73,332178.2,45787.64,258207.2,427765.3,1046478,42417.63,91502.78,404995.2,269724.8,331805.9,69638.79,119222.7,128980.8,146214.7,82025.85,149213.3,115344.6,111843.6,141690.9,84308.89,142812,111615.3,92579.11,1048933,14513.81,13817.04,111024.7,293548.7,147.2395,1083071,3666243,32063.74,558042.7,707628.8,36095.1,44291.87
Scenario 2,1673,6,Negative Shock,173,TRADING,118843.3,330717.2,131964,236085.5,846871.2,803830.3,163782.5,427089.8,549024.1,773622.2,391808.4,266230.5,2535243,32965.36,331276.2,45794.18,258055.4,426610,1043766,42348.21,91404.05,403364.2,269310.7,331162.3,69538.42,118781.9,128820.3,145807.7,81758.32,148865,114858.9,111602.4,141306.3,84060.22,142566.2,111486,92468.47,1048076,14462.2,13788.77,110866.5,292780.2,147.4093,1080203,3650897,32030.35,556690.6,705608.2,35995.31,44176.46
Scenario 2,1674,6,Negative Shock,174,TRADING,118626,329873.6,131669.4,235653.7,843573.8,803225.4,163484.8,426280.8,547884.8,771699.7,391380.8,265444.9,2527395,32910.12,330351.6,45800.72,257426.8,425577.8,1041381,42215.1,91290.23,401706.7,268405.2,330808.2,69377.99,118567.5,128673.7,145668.8,81590.06,148377.7,114652.7,111317.1,141038.2,83808.88,142333.5,111339.1,92301.07,1045911,14447.9,13757.95,110549.4,292196.7,147.3894,1076372,3642936,31994.76,554546.1,706203.6,35898.74,44103.36
Scenario 2,1675,6,Negative Shock,175,TRADING,118261.5,329632.4,131622.6,235048.8,841940.8,802825.5,163549.5,425119.8,546398.1,771295.2,390388.8,264817.8,2525396,32841.55,329738.7,45807.26,256725.4,424828,1039701,42086.56,91061.34,401534,268212,330386.9,69270.82,118055,128460.6,145645.1,81372.12,148375.6,114525.4,111067,140940.8,83656.54,141693.5,110958.6,91970.87,1044543,14404.8,13744.98,110138.4,291566.7,147.3394,1072645,3630018,31879.25,553762.8,704426.1,35908.53,44020.83
Scenario 2,1676,6,Negative Shock,176,TRADING,117965.5,328310.3,131374.9,234375.5,840126.4,799279.2,163108.5,425495.3,544829.3,768775.9,389545.2,264352.9,2526584,32757.59,329225.5,45813.81,255649.5,423995.4,1038344,41923.89,90853.59,400371.5,268215.1,329339.2,69108.53,117683.3,128288.9,145395.7,81114.84,148010.9,114215.4,110783.9,140524.6,83127.33,141650.7,110692.8,91941.44,1042356,14382.5,13718.33,110087.2,290400.6,147.3694,1069807,3623449,31830.15,551874.9,702952.6,35851.14,43877.59
Scenario 2,1677,6,Negative Shock,177,TRADING,117469.6,327761.6,131113.3,233862.1,837117.9,796332.1,162544,424705,543242.1,767396.1,389293.5,263437.6,2509119,32753.13,328224.3,45820.35,254921.5,422895.5,1035778,41886.56,90636.72,399686.5,267779,328759.8,68904.63,117439.1,127906.7,144866.8,80916.05,147839.9,113979.1,110507.5,140154.3,82825.47,141159.4,110699.9,91835.7,1041463,14350.04,13680.65,109583.5,289705.4,147.3694,1067744,3617099,31849.1,549698.1,702345.6,35728.82,43759.07
Scenario 2,1678,6,Negative Shock,178,TRADING,117180.2,327717.6,130881.5,233297.6,835268.9,794517.5,161938.1,424481.8,541751.4,764358.9,388550.7,262590.8,2501892,32676.86,327459.2,45826.88,254152.1,421916.8,1033968,41733.49,90475.21,399134.8,267523.8,327755.3,68673.07,117145.3,127495.6,144717.1,80916.79,147603.3,113905.4,110167.8,139867.1,82598.17,140901,110332.1,91675.45,1040263,14302.69,13657.68,109007.7,289762.6,147.4893,1064271,3613095,31842.66,548159.8,698851.8,35652.09,43650.11
Scenario 2,1679,6,Negative Shock,179,TRADING,116653.7,327244.5,130561.1,233250.9,833758.1,792291,161616.8,424853.8,540040.7,760676,386889.9,262480.3,2500264,32583,326740.7,45833.42,253427.5,421040.8,1030826,41695.27,90151.2,398743.5,267003.3,326899.5,68493.67,116916.3,127100.6,144540.9,80860.03,147367.1,113946.8,110099.4,139525.3,82471.26,140674,110338.6,91406.23,1037419,14308.31,13643.28,108811.7,289191.4,147.4893,1061983,3599572,31705.41,547207.9,697125.6,35507.61,43547.67
Scenario 2,1680,6,Negative Shock,180,TRADING,116959.6,326764.4,130415.3,232498.5,831498.4,790792.6,161146.2,423287,539042.5,758746.6,385819,262238,2495303,32514.6,325876.1,45839.96,252600.7,419837.9,1029542,41534.87,89948.88,399079.4,266731,326549.7,68285.99,116756.8,126937.6,144394.2,80705.41,146836,113562.9,110163.1,138901.4,82383.27,140279.7,110213.2,91264.25,1036700,14304.55,13600.51,108714.5,288699.8,147.5492,1059854,3591199,31652.08,546066.3,695372.5,35406.76,43418.27
Scenario 2,1681,6,Negative Shock,181,TRADING,116661.7,325887.1,130326.3,231722.1,830358.8,789233.7,160634.6,422847.6,536964.3,756993.6,384770,261569.1,2492873,32443.27,325534.9,45846.5,251396.5,418297.4,1028297,41387.23,89750.45,398267.3,266772.4,325754.9,68081.41,116581.1,126752.2,144026.4,80467.86,146440.3,113318.9,109876.5,138455.6,82265.1,139877.1,110020.8,91166.44,1035342,14282.08,13552.26,108663,287344,147.6391,1056573,3581287,31625.29,545328.1,693284.4,35333.23,43459.94
Scenario 2,1682,6,Negative Shock,182,TRADING,116196.9,324743.8,130035,231265.7,827865.7,785616.8,160086,422515.4,534781,755009.7,384379.5,261197.6,2485577,32486.14,324691.9,45853.04,250817.6,417433.2,1027078,41319.42,89558.98,397147.6,266684.9,325467,67893.93,116172.5,126596,143823.2,80208.88,145953.7,113218.2,109516.8,137776.4,82168.96,139910.6,109656.6,90901.07,1033796,14251.85,13547.01,108506.3,286878.4,147.809,1055705,3564839,31515.32,544995.9,691385.9,35242.54,43210.18
Scenario 2,1683,6,Negative Shock,183,TRADING,115770.4,324220.3,129584,231056.8,825351.2,783276.9,159822.4,420672.2,533535.5,752929.2,383472.4,260772.9,2485674,32343.83,324337.7,45859.58,250124.3,416399.4,1023867,41285.15,89269.8,397041.8,265760.7,325172.1,67702.34,115784.4,126244.3,143477.4,80197.05,145527,112889.6,109307.9,137538.9,81939.79,139353.6,109766.9,90581.96,1032628,14237.84,13515.71,108425.5,286021.6,147.829,1052832,3558899,31421.43,543502.6,689659.5,35120.56,43096.71
Scenario 2,1684,6,Negative Shock,184,TRADING,115575.8,323508.9,129325.3,230574.9,824330.8,782245.5,159195.7,419859.5,531196.4,750821.6,382583.2,260413.6,2473136,32297.88,323711,45866.12,250015.1,416068.8,1022829,41124.27,89139.08,396220.6,264946.4,324182.1,67542.82,115468.6,125951.1,143138.6,79901.08,145336.1,112679.6,108830.2,137290.5,81833.77,138936.7,109732.7,90292.69,1029539,14203.24,13507.64,108094.1,285218.4,147.9589,1050392,3550678,31333.73,540612.1,687474.7,35003.71,43179.31
Scenario 2,1685,6,Negative Shock,185,TRADING,115514,323661.1,128961.5,230104,822654.1,779795.9,158580.6,419246.5,530002.4,749294.1,381848.9,259841,2471575,32226.65,323291,45872.67,249851.9,415217.7,1023152,40990.05,88897.21,394566.4,264816.4,323793.9,67441.26,115096.7,125717.8,142596.3,79706.44,144932.9,112450.6,108474,137426.3,81584.64,138652.6,109537.8,90106.89,1028837,14168.13,13496.39,107874.7,284600.1,147.9688,1045810,3544337,31280.41,540037.8,684843.3,34891.75,43155.27
Scenario 2,1686,6,Negative Shock,186,TRADING,114963.3,322987.7,128883,229568.6,820237.4,777478.6,158538.9,418302,529361.9,745639.8,382347,259819.1,2456180,32168.66,322435.5,45879.21,249654.6,413893,1021262,40840.05,88620.13,393519.7,263740.2,323213.4,67260.93,114851.1,125523.1,142170,79481.5,144516,112084.9,108140.6,137354.3,81402.14,138391,109436.1,89760.31,1027418,14139.44,13495.04,107462.8,284202,148.1687,1042715,3531647,31242.99,539090.5,682214,34879.54,43045.38
Scenario 2,1687,6,Negative Shock,187,TRADING,115026.2,322212.6,128408.2,229075.3,817926.6,775561.5,158128.9,417372.5,528681.9,743525.6,381870,259235.1,2446608,32118.33,321902.1,45885.75,249335.2,412905,1019447,40729.21,88435.52,392873.3,263612.4,323041.4,67092.22,114634,125284.5,141730.2,79247.53,144487.2,112083.3,107961.4,136954.3,81319.28,137861.9,109058.4,89588.91,1025660,14114.66,13484.32,107428.5,283610.2,148.1887,1039993,3519731,31180.88,537891.1,682942.1,34816.34,42964.13
Scenario 2,1688,6,Negative Shock,188,TRADING,115042.6,321618.8,128366,228669.1,816673.9,773982.4,157279.4,416534.2,527653.1,744139.8,381279.4,259003,2437509,32061.02,321426.2,45892.29,248648.6,412103.3,1018495,40592.23,88298.93,392420.3,262372.3,322345.5,67031.93,114266.8,125283.3,141524.7,79099.07,144212.3,111546.1,107561.6,136237.2,81192.07,137563.3,108894.2,89573.06,1025381,14087.76,13446.56,106941.1,283060.5,148.2286,1037243,3513105,31076.63,536060,683178.2,34719.23,42856.83
Scenario 2,1689,6,Negative Shock,189,TRADING,114812.8,320487.9,127772.7,228252,814667.3,771957.9,157055.5,416546.7,527726.3,743898.3,380400.2,258715.5,2429018,32038.87,321123.9,45898.82,247912.6,411050.8,1016528,40485.98,88094.77,391461.2,261598.9,321312.3,66867.27,114002.3,125004.5,141035.4,79023.93,143566.5,111414.5,107291.1,135858.1,81173.65,137504.6,108913.5,89358.29,1023670,14060.72,13430.63,106837.4,282944.6,148.2586,1035698,3510034,31004.49,534634.1,680993.4,34660.15,42656.4
Scenario 2,1690,6,Negative Shock,190,TRADING,115019.8,319695.7,127634.7,227658.6,812660.7,770984.8,156533.7,415099.3,526612.3,740425.9,379325.8,258021.5,2424510,31978.2,320380.3,45905.36,247590.3,410034.4,1013808,40433.94,87972.1,391123.9,261104.6,320917.5,66722.91,113716.2,124750.8,140661.5,78788.18,143308.7,111169.9,106968.3,135439.2,81109.48,137189.1,108787.7,89276.58,1020141,14013.99,13404.07,106481.8,282238.6,148.4085,1031834,3505434,30933.37,532185.6,681224.1,34516.57,42561.94
Scenario 2,1691,6,Negative Shock,191,TRADING,114767.9,319182.9,127369.8,227171.9,810083.7,768986.5,156395.9,414194.5,526157.5,737249.1,378357.6,257713.6,2422254,31925.34,319726,45911.9,247212.7,408864.6,1009742,40274.81,87716.43,390263,260605,320230.2,66634.73,113348.8,124312.6,140576.7,78500.81,142744.7,111082.7,106625.1,135056.8,80979.09,136419.9,108470.7,88995.06,1020705,13981.01,13369.97,106321.3,282282.4,148.3085,1028562,3496987,30848.89,530731.3,680657.6,34417.98,42350.15
Scenario 2,1692,6,Negative Shock,192,TRADING,114432.7,318833,127143.6,226552.9,809964.5,767311.3,155539.5,413849,525946.8,734225.8,378513.2,256991.9,2415086,31822.17,319694.1,45918.44,246625.4,407095.6,1008833,40148.87,87450.19,388858.2,259582.8,319549.4,66460.16,112982.1,124169.4,140450,78362.99,142236.8,110780.5,106353.4,134422.8,80936.03,136157.6,108221.7,88828.11,1019176,13957.45,13336.25,106316.4,281951.9,148.5184,1025915,3488183,30741.7,529765.9,679288.2,34316.38,42294.05
Scenario 2,1693,6,Negative Shock,193,TRADING,114019.5,318098.3,126948.4,226406.7,808093.1,766978.6,154868.9,412795.7,524815.6,734901.1,377645.8,256586.4,2408868,31798.38,318779.4,45924.98,246063.7,405984.1,1006575,40120.73,87296.9,387656.8,259670.4,318730.6,66175.04,112778.9,123885.1,140338,78154.66,141958.5,110618.2,105944,134049.7,80942.44,135954,107968.1,88595.92,1015908,13939.84,13288.92,106110.9,281964.7,148.6283,1021126,3481900,30668.59,528816,676522.2,34363.26,42138.21
Scenario 2,1694,6,Negative Shock,194,TRADING,113670.5,317010.1,126377.3,225887.7,806750.8,765133.9,154233.5,412459,521914.4,733591.9,377277.4,256413.8,2399484,31704.74,318221.9,45931.53,245466.7,405689,1004824,39998.61,87240.76,386556.5,259961.2,318272.5,66014.27,112536.9,123442.8,139897,77954.65,141572.7,110396.8,105518.3,133770.7,80993.49,135585.5,107688.2,88415.29,1014792,13894.83,13251.59,105885,280981.7,148.5683,1018822,3470739,30569.18,527894.7,675555.9,34312.35,42090.68
Scenario 2,1695,6,Negative Shock,195,TRADING,113326.2,316237.6,126034.8,225352.6,805029.5,763506.4,153762.7,412126,520483.1,731615.2,376842.7,255598,2395014,31681.74,317802.1,45938.07,244993.5,405439.8,1002980,39908.25,86992.64,386053.6,258814.3,317218.2,65901.22,112346,123328.2,139563.8,77766.86,141407,110228.2,105182.3,133443.9,80811.4,135080.8,107451.4,88305.38,1012598,13852.16,13220.58,105616.1,280472.5,148.5383,1016456,3464441,30528.85,525686.3,674438.9,34264.08,41990.48
Scenario 2,1696,6,Negative Shock,196,TRADING,113236.4,315350.1,125622.1,224744.3,803203.9,760391.4,152925.5,411565.5,518898.7,730257.5,375734.3,255345.8,2388653,31648.98,317053.5,45944.61,244087,405116.4,1001510,39842.1,86805.23,385032.9,258131.1,316548,65807.51,112164.7,123147.9,139212.2,77445.71,141074.9,110056,104807.8,133387.8,80691.51,134669,107020.6,88140.65,1012068,13853.44,13192.89,105389,279023.1,148.5783,1013243,3454013,30483.64,525060.5,672881.6,34191.85,41964.61
Scenario 2,1697,6,Negative Shock,197,TRADING,112870.5,314194.8,125539.8,224236.8,799643.7,758107.6,152738.8,410862.7,518246.5,726791.7,374790.7,254971.8,2384088,31616.6,316739.6,45951.15,243410.1,404430.2,1000172,39710.32,86521.92,383579.2,257931.3,316004.9,65662.97,111806.3,123079.9,138891.2,77298.8,140673.6,109944.6,104508.4,132854.3,80726.9,133841.8,106933.2,88223.9,1010404,13810.74,13177.68,104952.6,278364.4,148.7581,1011182,3451850,30463.09,523424.7,671137,34095.6,41888.08
Scenario 2,1698,6,Negative Shock,198,TRADING,112495.3,313801.9,125222.7,223735.8,797457.6,756729.5,152024.1,410742.1,517260.1,727468.5,374648,254315.2,2372753,31576.36,315974.8,45957.69,242980.4,403419.9,997085.2,39569.93,86292.41,383035.7,257220.8,315062.6,65563.51,111566.2,122970.9,138563.7,77125.18,140592.4,109764.2,104226.2,132395.1,80499.22,133414.9,106803.2,88105.35,1008580,13787.64,13156.01,104849.1,277882.2,148.9879,1008312,3449850,30361.54,520827.2,669192.8,34022.27,41798.07
Scenario 2,1699,6,Negative Shock,199,TRADING,112386,313145.6,124942.4,222946.8,796838.9,753324,151436.3,410297.5,516010.8,726118,374075.6,254021.9,2368881,31539.95,315131.1,45964.23,242345.2,402426.3,994981.2,39487.87,86105.8,383013.7,256910.4,314505.5,65494.05,111380.5,122752.9,138313.9,76974.32,140276.3,109484.9,103984.2,132164.2,80546.33,132872.1,106482.9,88077.34,1007546,13795.37,13137.09,104744.7,276869.5,149.0079,1005842,3439712,30316.03,518579.6,668230.2,33953.21,41648.02
Scenario 2,1700,6,Negative Shock,200,TRADING,112318.6,313336.8,124559.9,222406.9,794492.4,752861.1,151079.8,409691.5,514720.2,724898.1,373675,253175.2,2360292,31533.6,314995.5,45970.76,241544,401066.2,993811.9,39335.41,85886.34,382016.3,255317.1,313985.8,65372.69,111073.4,122431.7,137797,76785.39,139978.3,109381.6,103567.1,131733.1,80367.5,132579.1,106482.2,88048.19,1006157,13787.82,13127.76,104408.6,276395,149.1178,1003755,3425972,30252.46,517669.8,668909.3,33897.07,41455.59
Scenario 2,1701,6,Negative Shock,201,TRADING,112273.6,312969.8,123972.2,221934.6,792251,750816.7,150511.3,408427.4,513809.4,722423.5,372821,252887.5,2352616,31439.95,314305.6,45977.3,241471.9,400386.8,991054.9,39180.7,85717.96,382229.2,254679.5,312964.9,65276.41,110823.1,122220.3,137719.5,76535.51,139475.3,109096,103388.3,131398.3,80320.02,132429.3,106485.9,87924.88,1003972,13734.72,13102.49,103810.6,275654.3,149.1978,999789.4,3414977,30149.84,517407.8,667105.3,33794.78,41411.57
Scenario 2,1702,6,Negative Shock,202,TRADING,111734.1,312024.2,123725.3,221481.6,791721.8,748484.2,150058,407782.7,513382.2,720464.9,372168.7,252385,2345971,31401.58,313609.7,45983.84,241025.5,399585.7,989524.5,39055.1,85586.1,380935.7,253913,312155.9,65197.19,110392.4,121772,137656.7,76317.74,139036.8,108843.7,103153.8,131201.3,79944.51,132055.5,106385.9,87848.42,1000967,13728.93,13062.99,103536.1,274718.3,149.1978,996855.8,3404462,30055.99,516639.8,667037.8,33709.36,41411.77
Scenario 2,1703,6,Negative Shock,203,TRADING,111369.3,311160.4,123289.2,220944.8,790000.2,745757.7,149783.8,406665.4,513553.7,718955.1,371763.4,251763.4,2340803,31313.41,312710.5,45990.39,240871.3,398428.1,987644.5,39021.26,85325.19,380285.8,253621.5,311557.9,64889.64,109980.2,121433.3,137669,76087.38,138699.4,108562.7,102970.2,130700,79660.37,131875.5,105972.2,87744.22,998545.8,13686.8,13027.5,103116.5,274209.3,149.1478,994362.1,3396933,29907.32,515518.5,663807.9,33675.18,41342.42
Scenario 2,1704,6,Negative Shock,204,TRADING,111121.7,310345.8,123238,220506.6,788227.7,743765.2,149492.9,406778.1,511737.4,716865.6,371358.7,251254.5,2340137,31243.96,312514.9,45996.93,239947.9,397233.2,986217.2,38900.38,85079.74,380054.7,253378.4,310085.7,64731.31,109735.2,121205.8,137314.8,75858.32,138285.1,108572.1,102954,130622.6,79354.22,131501.4,105824.5,87627.11,996830,13652.36,12999.2,102871.7,273422,149.1878,992882,3390967,29905.43,514856.6,661814.4,33674.75,41227.57
Scenario 2,1705,6,Negative Shock,205,TRADING,110943.2,309549.8,123021,220345.8,785649.2,740308.5,148890.9,406688.1,510254.3,714931.9,370707.3,250495.8,2334180,31218.34,311658.5,46003.47,239869.7,396068.5,984021.3,38865.69,84987.95,379375,253163.3,309110.1,64504.68,109448,121089.9,137228.9,75775.84,137941.5,108321.3,102711.5,130121.6,79228.66,131318.4,105548.6,87720.69,994615,13627.88,12988.37,102790.2,272717.5,149.2277,990908.8,3378543,29880.21,512933.3,658772.9,33649.57,41142.88
Scenario 2,1706,6,Negative Shock,206,TRADING,110751.6,308816.9,122571.8,219665.3,785049.4,739474.8,148478.5,405996.7,509204.1,712890,369963.5,249776.5,2328448,31144.86,311101.9,46010.01,239513.6,395336.4,981987.4,38667.23,84877.17,378206.5,252715.1,308261.1,64189.65,109325.6,120900.8,136829,75613.59,137690,108134.3,102307.2,129571.9,78812.44,131172,105293.8,87440.24,992438,13593.86,12961.63,102484.9,271642.5,149.3676,989138.3,3371629,29787.4,512166,656905.8,33582.92,41052.14
Scenario 2,1707,6,Negative Shock,207,TRADING,110317.3,308141.3,122249.9,219485.8,782873,738010.2,148139.7,405262.5,508686.9,710482.5,369083.5,249359.6,2319045,31065.82,310790.6,46014.88,238673,394223.8,980020.1,38615.95,84694.14,376974.8,252078.2,307507.5,64069.92,109234.4,120604.1,136400.1,75375.05,137546.1,107831.4,102105.4,129304.7,78756.32,130985.3,105317.8,87146.02,991049.6,13583.39,12945.09,102204.3,271126,149.3276,987424.4,3364666,29715.15,511442.7,655456.9,33461.83,40993.79
Scenario 2,1708,6,Negative Shock,208,TRADING,110074.5,307178.1,121892.6,219140,780091,735203.9,147742.5,404924.7,508792.4,708305.6,367924.5,248734.6,2310769,30998.96,309547.8,46019.75,237942.6,393328.7,977628.1,38447.43,84491.94,375677,251095.1,306747.2,63984.37,108988.2,120483.6,136315.6,75045.5,137299.4,107737.7,101861.2,128804.8,78574.14,130988.5,104987.9,87168.63,990569.2,13550.25,12944.87,101815,270606.6,149.3776,983523.7,3352363,29597.73,510933.7,654512.6,33387.43,40885.29
Scenario 2,1709,6,Negative Shock,209,TRADING,110111.3,306395.9,121510.6,218544,777247.3,734092.7,147499.8,403660.8,507808.4,708216.7,366944.3,248248.9,2302884,30893.29,309322.3,46024.62,237519,392565.3,976993.4,38365.11,84286.52,374316.8,249961.6,305512.1,63925.58,108683.4,120306.8,136086.9,74825.79,137092.6,107636.2,101665.9,128234.5,78456.63,130585.6,104838.7,86780.7,988689.2,13529.57,12931.03,101999,269391.4,149.5075,980339.6,3339528,29532.34,509447.9,653530.7,33338.31,40811.54
Scenario 2,1710,6,Negative Shock,210,TRADING,109951.7,305270.6,121335.2,218046.1,776110.9,732726.7,147115.6,402470.8,507052.7,706885.4,366138.8,247376.1,2302209,30850.56,308231.2,46029.49,237039.3,391848.6,974771.4,38256.5,84184.08,373186.8,249656.4,304580.1,63727.14,108389.2,119972.1,135841.4,74713.99,136738.6,107475.3,101479.9,127705.9,78346.3,130653.5,104667,86640.14,988344.9,13511.29,12915.33,101657.7,268616,149.5974,977453.9,3328445,29454.65,507703.2,651243.7,33268.89,40703.9
Scenario 2,1711,6,Negative Shock,211,TRADING,109734.1,303735.9,121145,217546.9,773502.2,730728.6,146653.3,401239.1,505669.9,704551,365069.3,246916.1,2294751,30766.35,307854.9,46034.35,236511.7,390182.6,973465.6,38095.16,83918.1,371488.5,248856.8,303605.1,63573.08,108148,119740.3,135637.5,74558.18,136524.3,107286.4,101224.7,127610.7,78050.22,130103,104531.7,86425.31,986668.8,13493.28,12887.64,101252.7,267577.6,149.7173,974153.6,3321147,29345.98,506394.6,649214.5,33225.68,40689.38
Scenario 2,1712,6,Negative Shock,212,TRADING,109243.4,303497.7,120912.7,216819.6,771098.6,726996.6,146479.8,399886.7,504059.3,702366.5,365168.1,246205.3,2287204,30685.62,307169.3,46039.22,235854.9,389355,971418.6,38093.68,83692.77,371237.2,248428.4,303176.3,63525.33,107864.2,119417.7,135349.3,74402.7,136175.5,106922.3,101142.5,127047.5,77882.02,129882.6,104184.9,86260.61,983561.2,13458.75,12866.11,100961.9,266628.8,149.7573,972135.8,3311141,29279.48,505971.5,647582.3,33108.1,40614.98
Scenario 2,1713,6,Negative Shock,213,TRADING,109204,302922,120740.3,216185,769474.9,723388.6,145937,399637.6,502402.9,700470.5,364800.2,245706.4,2280933,30625.28,306675.5,46044.1,234961.8,388309.8,969350.1,37975.65,83440.89,370788.8,247885.1,302756.7,63355.47,107688.8,119347.2,135140.1,74212.39,135734.8,106813.2,100822,126911.4,77651.83,129582,104094.9,86089.31,982385.7,13411.22,12836.31,100707.7,265357.8,149.7073,969334.3,3307728,29267.42,505269.7,646117.4,33015.86,40555.61
Scenario 2,1714,6,Negative Shock,214,TRADING,108944.6,301867,120576.7,215990.6,768873.3,720969.9,145463.9,399455.4,500942.7,697045.8,364746.3,245141.9,2269376,30528.94,305903.3,46048.97,234379.2,387828.5,967461.5,37904.99,83092.63,369948.6,247467.5,302050.9,63126.2,107399.7,118656.2,134892,74045.64,135357.1,106695.4,100513.4,126433.4,77639.09,129281.1,104153.4,85963.91,980987,13402.47,12813.57,100634.1,264758.6,149.8072,966645.8,3299112,29226.41,504190.5,642589.2,32939.81,40448.92
Scenario 2,1715,6,Negative Shock,215,TRADING,108930.6,301666.2,120306.2,215678.5,766245,717737.5,145286.7,398453.6,499881.8,694575,363909.3,244509.6,2260078,30468.86,305649.5,46053.84,233871.6,386776.6,964150.3,37799.72,82821.69,369430.7,247062.6,300810.8,63020.42,107162.9,118334.5,134698.3,74041.45,134939.2,106552,100354.5,125975.2,77592.4,128990.6,103712.8,85607.61,978282.3,13381.04,12791.78,100515.9,264371.7,149.9371,964079,3290538,29157.47,502354.6,641134.1,32850.03,40348.67
Scenario 2,1716,6,Negative Shock,216,TRADING,108682.5,301102.1,120011.7,215348.3,763116.9,717301.4,144677.7,397767.8,499242.6,693560,362965.8,243726.3,2249936,30417.9,304947.5,46058.71,233105.4,386252.9,962327.1,37659.47,82614.95,368427.1,246813.4,299927.3,62810.91,106718,118154,134532.7,73941.77,134612,106440.3,100097.3,125695.9,77330.21,128490.6,103521.4,85368.21,977067,13355.39,12782.07,100198.8,263386.9,149.9271,962236.8,3283271,29080.92,502044.4,640019,32801.41,40268.85
Scenario 2,1717,6,Negative Shock,217,TRADING,108351,300222.4,119901.3,214910.6,761141.5,714787.1,144093.4,397704.8,497070.6,691043.1,361969,243109.1,2239263,30324.59,304480.2,46063.58,232222.9,384983.4,959774.2,37582.21,82310.13,367564.5,246150.4,299042.7,62711.44,106388.8,117809,134384.9,73703.03,134435.4,106185.9,99796.98,125083.2,77333.28,128428.2,103127.8,85083.61,975009.6,13347.11,12760.22,99659.84,262478,150.017,959344.5,3281536,29059.53,500611,636366.7,32705.53,40236.8
Scenario 2,1718,6,Negative Shock,218,TRADING,108336.2,299726.3,119805.5,214272,758828.6,713487.1,143611,395834.6,495724.2,689544.2,360798.6,242191.2,2231752,30279.53,303831.7,46068.45,231738.6,383825.2,957585.2,37562.34,82191.93,365904.6,245921.9,298399.3,62644.11,106147,117537.7,134478.1,73590.55,134050.7,105861.5,99436,124737,77183.7,128277.6,103003.7,84868.94,972076.6,13337.39,12756.21,99258.91,261141.7,150.1269,956040.2,3276698,29017.47,498711.2,634968.6,32625.75,40075.01
Scenario 2,1719,6,Negative Shock,219,TRADING,108180.3,298365.3,119483.4,213682.6,756432.4,709854.3,143340.1,395646.2,494860.7,688714.9,360513.6,242177.2,2221912,30249.25,303324.8,46073.32,230841.2,383249,955286.9,37351.87,82103.65,365589.1,245007.9,297746.6,62516.68,105847.9,117203.5,134084.7,73324.62,133637.9,105910.1,99177.61,124234.1,77167.05,127893.6,102769.9,84666.48,969596.8,13332.28,12757.78,99075.03,260116,150.1869,954345.1,3266708,28921.85,498135.4,632281.3,32514.36,39971.24
Scenario 2,1720,6,Negative Shock,220,TRADING,108205.4,297331.2,119028.2,212938.8,753811,709166.1,142933.5,394526.6,492694.2,685803.9,360376.6,241574.5,2217015,30184.85,302684.2,46078.19,230915,382185.5,955017.9,37246.94,81924.86,364752.7,245315.1,297141.2,62371,105505.7,117054.6,133807.5,73149.38,133519.6,105823.8,98845.34,124004.9,77139.99,127429.6,102456.9,84404.1,969987.1,13299.95,12746.56,98945.2,259341,150.2069,950945,3256618,28845.59,495423.4,629831.6,32504.42,39819.23
Scenario 2,1721,6,Negative Shock,221,TRADING,107528.6,297122.8,118828.2,212358.8,751887.3,706685.9,142212.5,394274.7,489638.2,684846.4,359215.6,241107.8,2213794,30071.16,302710.8,46083.06,230436,381617.1,952206.8,37196.94,81743.43,363471.8,245175.2,296292.4,62325.79,105309.5,116795.9,133107.9,72998.45,133436.1,105545.6,98724.67,123843.3,76959.19,126967.9,102155.4,84103.38,966988.2,13247.31,12717.24,98655.71,258925.5,150.1769,948715.7,3245901,28779.84,494116.6,629384,32441.9,39778.46
Scenario 2,1722,6,Negative Shock,222,TRADING,107320,296962.4,118595.7,211643.9,750703.5,705378.4,141789.5,393705.6,488843.2,682596.9,357797.1,240805.8,2206317,30078.83,302305.1,46087.93,230013,380779.4,949871.7,37153.33,81436.8,362867.2,244715.8,295363.9,62237.02,105113.4,116412.6,132923,72757.44,133117.7,105206.7,98413.88,123683.8,76900.62,126514.5,101995.2,83889.37,963375.2,13205.55,12717,98428.96,258293.7,150.2069,945120.6,3240780,28721.06,492002.5,626023.8,32333.72,39661.96
Scenario 2,1723,6,Negative Shock,223,TRADING,106807.9,296835.1,118373,211399.7,748244.3,703311.2,141337.3,392930.6,487610.7,680861.7,357319.7,239993.2,2200849,29993.86,301741.9,46092.81,229507.3,380124.6,947359.4,37037.22,81228.71,361631,244253.4,294876.2,62082.94,104833.8,116032.1,132595.2,72705.29,132706.8,105179.9,98119.08,123326.8,76688.06,126289,101988.6,83708.36,961741.9,13187.26,12685.54,98294.01,257745.5,150.2268,942296.7,3227056,28636.61,490529.5,626511,32234.7,39512.27
Scenario 2,1724,6,Negative Shock,224,TRADING,106627.9,295767.7,118054.7,210775.4,745165.2,701794.8,141025.7,391874,485165,677777.4,356515.5,239650.6,2194666,29926.05,301107.6,46097.68,228953.8,379630.9,945320.7,36958.42,81057.63,360181.8,243936.4,294137.2,61922.79,104587.7,115903.3,132139.6,72573.69,132518.8,105201.5,98010.81,122946.4,76618.15,126083.9,101818.5,83691.33,957539.5,13161.21,12660.59,97853.26,256938.3,150.3767,940418.7,3214256,28560.68,489131.1,623598.1,32171,39357.73
Scenario 2,1725,6,Negative Shock,225,TRADING,106662.9,294932.6,117674.9,210116.2,743775.4,699768.6,140675,390767.6,481661.2,675244.4,355899.7,238771.5,2195042,29896.34,300207.6,46102.55,228267.3,378777.9,942888.7,36888.62,80816.19,358838,243115.8,293612.1,61782.5,104341,115389.7,131903.1,72299.72,132267.8,104992.1,97644.06,122469.8,76338.06,125390.8,101568.9,83741.38,956598.9,13135.31,12659.47,97532.58,255708.6,150.5166,937099.3,3213386,28510.61,487839.1,621889,32077.23,39292.8
Scenario 2,1726,6,Negative Shock,226,TRADING,106672.9,294373.8,117424.1,209508.8,741475.4,699511.1,140317.4,390516.5,480791.5,673628.7,354231,238134,2191072,29861.28,299677,46107.41,227767.6,378095.6,939553,36789.26,80505.17,358037.5,242622,292512.5,61644,104147.6,115280.2,131809.7,72040.75,131864.6,104758.3,97436.5,122226.4,76209.37,124854.7,101238.9,83741.04,954278.8,13093.45,12650.52,97427.79,255344.2,150.6265,934686.1,3200320,28448.12,486188.8,619439.8,31912.18,39275.1
Scenario 2,1727,6,Negative Shock,227,TRADING,106442,293302.4,117271.8,208812.7,738931.5,696610.6,139549.1,389955.8,479252.7,672776.7,353284.9,237311.3,2185949,29832.89,299454.7,46112.28,227313.5,377171.4,935950.8,36679.11,80424.39,357400.5,242388.8,291673.2,61532.73,103839,115325.2,131600.4,71757.39,131523,104471.9,97127.66,122026.2,76298.78,124738.2,101161.6,83515.16,952821.6,13101.86,12633.07,96984,254828.1,150.5665,931894.5,3192995,28383.96,484935.1,618401.6,31784.9,39095.41
Scenario 2,1728,6,Negative Shock,228,TRADING,106190.1,292804.2,116869.4,208061.2,737276.8,694511.4,138872,389164.1,477861.8,671155.4,351930.1,236824.9,2182146,29757.36,298464.1,46117.15,227133.5,375961.5,933200.7,36532.54,80172.81,356489.2,241875.4,290675.6,61352.65,103623.9,115043.9,131367.8,71673.27,131161.9,104253.6,96867.37,121853.9,75939.04,124452.7,100745.3,83274.11,952261.7,13092.33,12607.54,96708.05,254482.3,150.5166,927596.5,3183711,28355.98,484023.5,617660.5,31625.8,39009.43
Scenario 2,1729,6,Negative Shock,229,TRADING,105964.3,291813.3,116554.5,207555.7,735285.7,691484.2,138711.4,388690.6,474523.5,669856.6,351058.4,236393,2176315,29644.24,297693,46122.02,226494.3,375098.4,929914.7,36528.47,80015.04,354920.9,241057.9,289581.5,61141.57,103378.6,114633.6,131007,71506.87,130747.7,104066.2,96466.09,121763.7,75754.36,123825.3,100544.9,83025.32,949280,13052.09,12585.33,96481.4,253353.6,150.6165,922772.9,3175180,28272.63,483027.3,615730.5,31544.71,39000.5
Scenario 2,1730,6,Negative Shock,230,TRADING,105774.7,291075.3,116010.3,206937.7,733381.8,691262.4,138094.5,388258.2,473492.3,667121.3,351188.6,235822,2168662,29575.35,297204.3,46126.89,225993.2,374167.1,927146.6,36475.66,79875.7,353765.4,240647.7,288481.8,61070.29,103073.6,114374.6,130763.4,71382.14,130297.8,103887.2,96250.88,121384.1,75591.05,123408.6,100443.8,82946.86,947211.8,13017.06,12543.81,96286.12,253683.3,150.6165,921959.4,3161314,28197.85,482070.9,613907.1,31378.4,39022.64
Scenario 2,1731,6,Negative Shock,231,TRADING,105294.8,290204.1,115748.6,206396.8,732520.4,688866.6,138094.5,386856.7,471436.8,665117.6,350533.8,235463.5,2162599,29541.21,296720.6,46131.76,225460.9,373191.4,924320.8,36387.19,79696.12,353418,240436.4,287476.4,60892.98,102852,114331.5,130794.8,71222.02,130030.3,103837.7,95841.67,121098.3,75533.74,122871.1,100443.8,82601.92,944578,12968.44,12507.65,96028.32,253372.8,150.6665,919265.6,3151574,28176.41,481346.6,611710.1,31351.85,38907.38
Scenario 2,1732,6,Negative Shock,232,TRADING,105074.5,290204.1,115669.7,205694.2,731265.5,686305,138094.5,386199.1,469675.9,663495,350540.5,234853.3,2151889,29487.17,295894.6,46136.64,224978.2,372794.7,922663.9,36361.14,79565.2,352416.3,240068.5,286114.7,60828.8,102645.2,113986.1,130507,71222.02,129851.2,103642.4,95634.8,120597.6,75411.67,122610,100443.8,82484.7,942288.2,12926.65,12476.35,95559.08,253270,150.7264,917022.3,3142469,28129.47,479364.4,609375.3,31307.55,38843.98
Scenario 2,1733,6,Negative Shock,233,TRADING,104837.6,290204.1,115393.3,205107.4,728838.9,683944.5,138094.5,385263.6,467957.8,661332.9,349834.9,234210,2143777,29423.78,295441.4,46141.51,224879.7,372068.7,919745.6,36278.21,79436.92,351240,239736.9,285407.1,60520.48,102362.3,113741.5,130507,71222.02,129582.3,103342.5,95372.34,120284.1,75454.3,122237.3,100443.8,82353.94,939916.8,12896.79,12445.5,95271.73,253270,150.8363,913519,3131601,28106.42,477716.9,607192.8,31139.41,38758.66
Scenario 2,1734,6,Negative Shock,234,TRADING,104837.6,290204.1,114997.5,204678.4,727370.4,680742.7,138094.5,385253.4,466026,657827.9,349371.7,233092.3,2141127,29368.55,294914.2,46146.38,224349.2,370686.2,917921.4,36090.29,79243.88,350460.4,239688.4,284766.1,60517.1,102154.9,113645.5,130507,71222.02,128998.9,103279.2,95062.55,120350,75166.01,122019.9,100443.8,82273.18,937165.4,12891.48,12438.38,95047.92,253270,150.9262,910916.9,3121025,28027.49,476355.7,606182.2,31105.25,38651.72
Scenario 2,1735,6,Negative Shock,235,TRADING,104837.6,290204.1,114648.1,204191.2,725213.8,678044.2,138094.5,385432.2,464258.5,656616.6,348677.8,232669.7,2141127,29308.2,294916.9,46151.25,224349.2,369649.5,916030.5,35966.29,79058.75,349705,238961.4,284250.9,60517.1,102016.3,113334.8,130507,71222.02,128788.4,102997.9,95008.56,119716.8,75055.28,121713.5,100443.8,82152.6,936528.5,12887.14,12423.52,94913.17,253270,150.8663,907889.2,3109046,27921.9,476355.7,604374,30979.2,38560.64
Scenario 2,1736,6,Negative Shock,236,TRADING,104837.6,290204.1,114441.5,203544.3,723809.6,678044.2,138094.5,384138.3,464258.5,654946.4,347688.5,232033.5,2141127,29307.92,293950,46156.12,224349.2,368501.2,914107,35866.83,78937,348674.1,238457.9,284250.9,60517.1,102016.3,113238,130507,71222.02,128525.1,102819,95008.56,119716.8,74996.96,121459.4,100443.8,81952.21,934751.6,12893.3,12393.76,94611.36,253270,150.9962,905295.4,3098225,27845.38,476355.7,603785.6,30885.81,38543.7
Scenario 2,1737,6,Negative Shock,237,TRADING,104837.6,290204.1,114657.1,203403.6,724538.4,678044.2,138094.5,383175,464258.5,656048.7,347937.3,232295.9,2141127,29336.14,294497.2,46160.99,224349.2,368981.1,914197.3,35840.42,78959.81,348855.7,238015.5,284250.9,60517.1,102016.3,113466.4,130507,71222.02,128690.6,102886,95008.56,119716.8,75048.96,121481.6,100443.8,81938.59,935162.6,12883.87,12389.3,94440.83,253270,150.9962,906630,3099811,27855.06,476355.7,604589.4,30874.22,38473.84
Scenario 2,1738,6,Negative Shock,238,TRADING,104837.6,290204.1,114722.3,203666.9,724894.6,678483.2,138094.5,383162.9,464526.9,656883.9,348316.6,232785,2141127,29346.26,295018.2,46165.86,224349.2,369286,914193.5,35773.53,79011.26,348487.2,238066.3,284250.9,60517.1,102016.3,113524.6,130507,71222.02,128680.3,102963.2,95008.56,119716.8,75129.25,121902.6,100443.8,81971.29,934765.4,12871.32,12397.55,94498.99,253270,151.0461,907433,3101569,27890.79,476355.7,605782,30934.75,38465.46
Scenario 2,1739,6,Negative Shock,239,TRADING,104837.6,290204.1,114750.6,203827.6,725558.4,678490,138094.5,383597.3,465458.9,656627.7,348849.6,233254.4,2141127,29404.51,295022.5,46170.73,224349.2,369313.8,914617.4,35824.3,79030.19,349005.7,237779.4,284250.9,60517.1,102016.3,113616.4,130507,71222.02,128650.5,103177.2,95008.56,119716.8,75071.83,122261.7,100443.8,82105.76,933944.2,12890.54,12404.18,94397.96,253270,151.206,906177.7,3104777,27924.43,476355.7,606944.2,30974.9,38478.35
Scenario 2,1740,6,Negative Shock,240,TRADING,104837.6,290204.1,114769,203734.4,725334.7,678425.5,138094.5,383108.1,465974,656015.4,348755.2,233517.8,2141127,29457.13,295140.2,46175.59,224349.2,369053.4,914970.1,35823.5,79081.88,349148.4,237628.1,284250.9,60517.1,102016.3,113742.8,130507,71222.02,128523.8,103173.7,95008.56,119716.8,75016.64,122484.8,100443.8,82173.78,933759.7,12900.2,12410.94,94483.1,253270,151.236,906651.4,3107767,27930.68,476355.7,607309.2,30987.71,38426.62
Scenario 2,1741,6,Negative Shock,241,TRADING,104837.6,290204.1,115073.3,203877,725730.6,679461,138094.5,382442.9,465338.2,654768.5,349390.2,233413.2,2141127,29501.28,295462.9,46180.46,224349.2,369394.6,915743.9,35863.14,79130.69,349177.3,237628.1,284250.9,60534.31,102016.3,113776.2,130507,71222.02,128498.2,103251.2,95008.56,119716.8,74860.58,122369.1,100443.8,82326.37,932543,12931.83,12419.71,94504.85,253270,151.4058,906804,3110646,27974.6,476355.7,607951.8,30954.32,38422.85
Scenario 2,1742,6,Negative Shock,242,TRADING,104837.6,290204.1,115058.8,203706.5,725211.5,680790.1,138094.5,382298.3,465960.2,654244,350582.6,234092,2141127,29556.39,295440.3,46185.34,224512.7,370071.5,916646.7,35839.69,79219.6,349879.8,238247.5,284250.9,60589.94,102016.3,114081.8,130507,71222.02,128708.8,103335.8,95008.56,119716.8,74924.33,122468.7,100443.8,82325.4,932734.9,12927.03,12417.57,94519.31,253270,151.4458,907670.8,3105300,28005.24,476355.7,610305.3,31000.53,38301.22
Scenario 2,1743,6,Negative Shock,243,TRADING,104837.6,290204.1,115380.2,204148.9,724272.2,681301.3,138094.5,382310.4,466324.5,653408.8,350726.2,234409.3,2141127,29578.44,296177,46190.21,224476.2,370201.5,917655,35836.07,79288.91,350369.7,237817,284250.9,60630.55,102016.3,114240.1,130507,71222.02,128842,103432.3,95008.56,119716.8,74910.46,122140,100443.8,82262.81,931152.7,12895.94,12446.1,94660.15,253270,151.4757,907135,3103409,27998.36,476445.7,609876.6,30976.37,38357.89
Scenario 2,1744,6,Negative Shock,244,TRADING,104837.6,290204.1,115359.8,204126.2,725306,681652.1,138601.3,382236.2,466768.2,653014.5,351907.4,234753.6,2141127,29618.59,296986.7,46195.08,224724.3,370612,919091.3,35873.97,79320.43,351431.2,238256.7,284250.9,60657.67,102016.3,114360.7,130507,71222.02,128780.2,103454.2,95008.56,119834.1,75086.36,121747.2,100443.8,82431.3,929765.6,12876.88,12455.27,94686.69,253270,151.4158,907865.4,3095011,27994.34,476355.7,609789.1,31018.68,38287.53
Scenario 2,1745,6,Negative Shock,245,TRADING,104837.6,290204.1,115613.5,204222.8,724987.4,681140.3,138682.7,382018.1,467222.2,654193.8,352453.1,235039.3,2141127,29622.05,297560.9,46199.95,225075.2,370874.6,920528.6,35854.68,79338.7,351761.1,238482.2,284529.1,60747.79,102016.3,114680.3,130507,71222.02,128695.8,103602.4,95008.56,119716.8,74948.37,121967.1,100443.8,82534.21,929097.7,12870.26,12467.03,94476.91,253270,151.4258,908375.4,3097132,28062.38,477412.9,610938,30998.54,38233.85
Scenario 2,1746,6,Negative Shock,246,TRADING,104837.6,290204.1,115913.4,204093.3,724830.4,679948.8,138555.2,382299.7,468051.8,654447.9,352606.3,235365.7,2141127,29699.86,297976.2,46204.82,224808.2,371020.5,920330.1,35877.37,79324.71,352507.3,238305.5,285410.6,60816.67,102016.3,114883.7,130507,71222.02,128873.7,103645.2,95008.56,119716.8,74944.17,122314.4,100500.3,82644.22,929735.2,12860.71,12466.98,94438,253270,151.4558,909053.6,3099797,28125.11,478460.8,611855.7,31030.41,38246.03
Scenario 2,1747,6,Negative Shock,247,TRADING,104837.6,290204.1,115874.2,204254.1,725754.1,680439.7,138990.5,381712.9,469616.8,655331,353751.6,235566.4,2141127,29720.95,298197.6,46209.69,224783.8,370527.2,920189.8,35861.07,79458.47,353735,238408.5,285833.3,60862.03,102016.3,114885.4,130507,71222.02,128852.6,103637.6,95008.56,119716.8,75182.94,122047.5,100528.5,82780.39,932076.4,12847.82,12482.97,94611.48,253270,151.3359,909844.1,3098794,28140.46,477731.6,612888.3,31081.16,38245.91
Scenario 2,1748,6,Negative Shock,248,TRADING,104837.6,290204.1,116021.5,204504.5,723828.8,681350.1,138844.9,381260.3,470218.2,655841.4,354214.7,235807.3,2141127,29736.41,298634.8,46214.56,224961.8,370700.9,919473,35839.71,79564.36,354345.6,238475.4,286068.3,60889.46,102016.3,115049.8,130669.6,71222.02,128849.9,103723.2,95008.56,119911.3,75403.92,122005.6,100792.7,82902.41,931648.4,12819.23,12491.71,94810.78,253744.2,151.3159,910466.5,3097385,28195.22,478409.3,613956.9,31109.27,38205.13
Scenario 2,1749,6,Negative Shock,249,TRADING,104837.6,290204.1,115961.3,204500.4,724584.5,682053.3,138985.4,381415.2,469673,655165.6,355424,235907.4,2141127,29704.36,298672.3,46219.43,224919.9,371008.7,921367,35859.69,79594.76,354465,237912.2,286744.2,61020.18,102016.3,115256.8,130806.4,71222.02,128925.2,103699.2,95008.56,119863.7,75310.29,122080.6,101090.9,82823.8,932261.3,12809.67,12485.58,95022.89,253862.7,151.3459,910939.8,3100468,28200.19,479419.2,614893,31086.7,38133.75
Scenario 2,1750,6,Negative Shock,250,TRADING,104837.6,290204.1,115982.1,204571.6,724364.2,683558.5,138990.8,381450.6,468877.1,654094.3,355484.3,235777.3,2141127,29736.14,298842.5,46224.3,225444.7,371181.9,920669.5,35921.56,79580.49,355530,237772.8,287128.2,61055.36,102016.3,115497.1,130802.7,71222.02,128977.8,103799.3,95008.56,120041.4,75318.94,122209.4,101362.7,82938.75,931178.7,12808.57,12471.65,95123.36,255017.3,151.3259,910997.3,3103816,28263.02,479836.6,616565.1,31069.68,38133.36
Scenario 2,1751,6,Negative Shock,251,TRADING,104837.6,290204.1,116015.7,204398,724054,685725.9,139302.5,381306.8,468768.6,653797.1,356105.5,235545.1,2141127,29747.65,298690.1,46229.17,225842.1,371951.4,919624.2,35952.75,79617.67,355380.5,238555.9,287431.9,61058.67,102016.3,115629.1,130755.3,71222.02,129007.9,103815.9,95008.56,120170.9,75217.22,122118,101459.4,82761.56,932474.7,12808.42,12478.66,94970.13,255175.4,151.4358,911895.2,3106228,28277.61,480809.7,616310.3,31048.94,38080.76
Scenario 2,1752,6,Negative Shock,252,TRADING,104837.6,290204.1,116212.4,204249.7,723780.6,687776.6,139506.7,381195.5,468818.5,654233.6,356397.7,235599,2141127,29786.96,298658,46234.05,225858.5,371260.5,920704,35910.46,79686.27,356059.5,238906,287572.2,61205.68,102016.3,115823.5,130931.3,71222.02,128830,103920.3,95008.56,120332.8,75089.11,122222.8,101386.4,82743.95,931997.5,12785.73,12488.7,94983.85,255153.7,151.5257,913307.6,3114058,28291.17,481458.8,617397.6,31043.93,38004.25
Scenario 2,1753,6,Negative Shock,253,TRADING,104837.6,290204.1,116472.3,204517.9,723637.5,688607.5,139834.5,380580.3,470703.6,655756.4,357310.8,235539.5,2141127,29862.24,298504.1,46238.92,226057.5,370982.5,921269.5,35951.21,79821.86,357325.9,239139,287672,61289.55,102016.3,116030.1,131036.2,71222.02,128786.1,103994.8,95057.58,120511.6,75185.85,122322.9,101348.3,82713.72,931433.6,12781.28,12466.64,95321.42,255680.6,151.4558,912754.1,3109719,28346.83,481563.6,617010.5,31069.21,37927.25
Scenario 2,1754,6,Negative Shock,254,TRADING,104837.6,290204.1,116563.4,204430.7,724140.6,689775.9,139808,380048.7,470705.1,656262,357508.3,235978.2,2141127,29913.7,298103.3,46243.78,226192.6,371404.6,922670.6,35913.31,79961.22,357428.2,239762.4,288370,61337.57,102016.3,115945.3,130982.3,71222.02,128632.9,103969,95113.31,120280.9,75220.31,122426.1,101153.8,82642.72,932496.7,12781.93,12481.89,95402.36,255819,151.5657,913238.8,3113885,28348.57,482337.9,618387.6,31125.95,37881.78
Scenario 2,1755,6,Negative Shock,255,TRADING,104837.6,290204.1,116595.7,204293.8,724429.5,690504.6,140236.2,379703.6,470541.9,657388.6,358188.1,236177.7,2141127,29983.58,298585.4,46248.65,225981.9,371405.9,923090.6,35901.93,80104.26,357985.3,239714.6,288489.1,61430.34,102016.3,116199.4,130950.7,71222.02,128594.1,104051.3,95195.99,120300,75207.63,122225,101164.9,82765.14,933218.2,12759.84,12468.85,95372.87,256065.1,151.5557,914208.7,3117367,28403.76,483035.9,619036.2,31140.67,37869.12
Scenario 2,1756,6,Negative Shock,256,TRADING,104837.6,290204.1,116761.7,204216.4,725541,691729.3,140509.8,380030,471253.1,657741.3,358357.6,236595.3,2141127,30020.07,299170.1,46253.52,225948,371924,923186.4,35978.2,80152.52,358956.9,239549.9,288834.6,61471.6,102016.3,116622.1,130775.3,71222.02,128685.8,104008.8,95225.46,120317.4,75182.91,122267.1,101336.6,82910.96,932424.6,12755.31,12473.16,95594.84,256095.7,151.6456,914704.7,3119708,28431.33,484175,620050.9,31184.04,37867.21
Scenario 2,1757,6,Negative Shock,257,TRADING,104837.6,290679.7,116987,204159.5,726139.4,693543.5,140854.3,380316.9,470651.9,656971.7,358333.4,236642.7,2141127,30077.66,299193.4,46258.39,226170.1,372213.3,924640.2,35993.32,80242.1,359554.5,239479.8,288957.5,61617.22,102016.3,116717.2,130982.3,71222.02,128633.4,104189.4,95208.21,120391.7,75181.97,122487.1,101428.6,82849.29,932328.4,12744.12,12476.29,95504.33,256272.2,151.7455,915764.5,3122290,28510.61,484024.5,619491.6,31233.42,37823.03
Scenario 2,1758,6,Negative Shock,258,TRADING,104837.6,290740.1,117195.1,204430.6,726292.5,692884.5,141137.4,379962.2,472931.2,657054.9,359166.1,236920.2,2141127,30078.84,300038.1,46263.26,226304.4,372161.9,925713.3,36050.38,80310.43,359697,239428.4,289658.9,61687.28,102016.3,117035.5,131117,71222.02,128723.9,104131.9,95156.81,120253.2,75190.24,122479.2,101418.7,82908.89,933073.4,12761.49,12474.33,95951.1,256321.6,151.7255,915443.1,3120000,28518.31,484689.1,620505.3,31308.44,37785.87
Scenario 2,1759,6,Negative Shock,259,TRADING,104837.6,291238.5,117341.9,204314.2,725892.4,692163.4,141106.8,381233.3,473919.7,656593.1,359927.4,237073.7,2141127,30136.56,300415.1,46268.13,226389.2,371757.6,925904.2,36027.23,80409.85,359696.9,239247.4,290265.2,61791.73,102016.3,117098.1,131459.9,71222.02,128787.9,104203.9,95179.98,120249.4,75154.29,122336,101197.2,83150.4,932659.6,12765,12495.25,96264.83,256434.2,151.6756,915270.8,3119487,28599.69,484969.3,619714,31314.67,37681.86
Scenario 2,1760,6,Negative Shock,260,TRADING,104837.6,291707.5,117366.1,204210,726028.3,691671.2,141227.1,380786.4,474405.5,656956.1,360260.7,237173.9,2141127,30171.8,300926.2,46273,226845.7,371536.3,926068.4,36054.18,80504.83,360267.7,239314.6,290808.9,61889.24,102016.3,117461.8,131419.2,71222.02,128778.8,104111.3,95089,120533.2,75142.37,122205.5,101234.1,83203.88,932498.5,12775.27,12504.33,96398.06,256671.5,151.7155,915626.9,3126479,28603.47,485724.2,618963.4,31272.71,37662.16
Scenario 2,1761,6,Negative Shock,261,TRADING,104837.6,292075.4,117464.4,204031.9,726339,692323.2,141367.1,381171.7,474231.3,657654,360741.6,237265.6,2141127,30166.44,301483.9,46277.87,226992.9,371805.3,926618.7,36066.14,80542.93,360728.1,239921.1,290842.3,61968.67,102016.3,117550.7,131604,71222.02,128765.3,104242.7,95220.94,120483.5,75028.65,122074.7,101696,83263.23,932800.1,12778.88,12497.1,96503.82,257338.4,151.8254,916683.8,3131493,28678.89,487106.2,618687.5,31245.41,37712.55
Scenario 2,1762,6,Negative Shock,262,TRADING,104837.6,291756,117543.8,204221,726492.7,693721.1,141441.9,380475,474344.8,657454.4,360932.9,237795,2141127,30191.25,301759.2,46282.75,226927.3,371448.2,928527.3,36090.42,80454.65,361853.2,239977.7,291024.9,62090.2,102016.3,117624.7,131576.7,71222.02,128846.6,104153.1,95243.32,120720.4,74841.26,122191.7,101794.4,83372.32,932018.5,12774.25,12490.43,96776.13,257030.8,151.8554,915815.7,3130884,28737.75,488217.1,617214.3,31299.66,37659.92
Scenario 2,1763,6,Negative Shock,263,TRADING,104837.6,292046.8,117612,204161.3,727489,693852.2,141811.5,380464.8,474913.3,657124,361676.1,238238,2141127,30191.67,302505.1,46287.62,227601.5,371615.1,929936.4,36124.91,80573.15,362362.3,239680.9,291451.1,62163.12,102016.3,117828,131728.8,71222.02,128796.3,104311,95279.28,120502.4,74641.97,122273.6,102044.2,83385.34,930194.2,12772.88,12481.38,96902.77,257418.8,151.8154,915984.6,3126100,28748.67,489510.5,617591.5,31315.16,37697.41
Scenario 2,1764,6,Negative Shock,264,TRADING,104837.6,292196.6,117522.9,204296.2,726861.7,693101.1,141779.3,380783.1,475275.6,656326.4,361889.1,238136.2,2141127,30219.03,302504,46292.49,227665.7,371798.8,930806.2,36156.71,80640.2,362251.3,239507.5,291467.6,62124.28,102016.3,118043.2,131708.4,71222.02,128668,104324.6,95283.9,120683.5,74603.75,122588.1,102180.8,83577.23,928742.3,12753.84,12478.68,96779.87,257472.3,151.7955,917386.8,3122511,28775.53,490595.6,620063.5,31302.1,37721.87
Scenario 2,1765,6,Negative Shock,265,TRADING,104837.6,291977.8,117811.2,204355.1,725945.4,693279.2,141649,380767.6,476006,656438.6,362292.8,238669.2,2141127,30249.07,302754.9,46297.36,227753.5,372095.7,930124.7,36120.67,80725.7,362361.8,238923.9,291761.1,62217.08,102016.3,118046.7,131805,71222.02,128819.5,104470.7,95227.2,120749,74614.28,122551.2,102092.8,83471.24,927729.8,12744.62,12473.72,96754.32,257164.6,151.9253,918688.1,3121333,28809.32,491983.4,620824.2,31299.27,37822.45
Scenario 2,1766,6,Negative Shock,266,TRADING,104837.6,292089.8,117915.7,204333.3,726480.3,694607.8,142191.5,380759,476197.4,655368.7,362527.7,239280.2,2141127,30316.93,302689,46302.23,227971.7,371855.5,930787.2,36147.18,80824.97,363267.4,239079.6,292477.4,62328.58,102016.3,118264,132038.2,71222.02,128793.1,104545.7,95192.13,120922.3,74544.73,122939.9,102392.5,83499.23,926736.6,12737.23,12465.99,97011.36,257346.4,151.9953,919292.6,3122727,28858.95,493204.3,621857.7,31377.07,37787.02
Scenario 2,1767,6,Negative Shock,267,TRADING,104895.8,292507.1,118060.2,204344.8,726410.5,695168.1,142231.7,380789.8,477121.5,654725.3,362733.3,239513.7,2141127,30293.34,302876,46307.1,227886.8,371315.1,931146.5,36193.44,80891.52,364043.2,239192.8,293269.8,62457.91,102016.3,118277.9,131885.8,71222.02,128759.3,104470.9,95181.51,121099.5,74526.35,123207.5,102562.3,83417.46,928137.1,12740.34,12469.13,97010.17,257739.1,151.9154,918779.2,3120590,28893.63,495014.7,623755.7,31380.15,37741.76
Scenario 2,1768,6,Negative Shock,268,TRADING,105293.3,292591.1,118420.7,204617.1,725694.7,695675.4,142219.3,381190.9,477139.4,655689.9,363500.3,239317.4,2141127,30353.41,303276.8,46311.97,227847,371350.9,931477.4,36194.77,80972.78,364789,239863.1,293671.2,62411.41,102016.3,118286.6,131979.3,71222.02,128752.7,104570.8,95318.43,121484,74590.57,123458.6,102851.3,83561.33,929599.2,12732.93,12490.82,96991.85,258057.8,152.0153,919918,3122458,28944.95,495156.5,624327.2,31415.34,37689.52
Scenario 2,1769,6,Negative Shock,269,TRADING,105318.1,292982.9,118421.8,204558.4,724884.3,695760,142471.2,381022.3,477873.6,656808.1,364214.1,239815.6,2141127,30353.13,303386,46316.83,227959.8,371197.7,933109.1,36294.66,80956.89,364849.3,239620.7,293853.9,62568.16,102016.3,118389,132109.5,71222.02,128732.5,104766.5,95456.47,121285.3,74592.67,123441.5,102879.4,83692.41,930335.1,12714.36,12485.2,96942.51,258452.5,152.0452,920166.1,3122261,28984.37,495931.8,625909.4,31423.3,37649.09
Scenario 2,1770,6,Negative Shock,270,TRADING,105666.5,293508.2,118605.8,204565.3,724813.5,695530,142409.4,380990.5,478452.4,656274.9,364469.6,240302.5,2141127,30369.53,304037.3,46321.7,227770.8,370859.6,934125.4,36276.39,81002.39,364893.4,239914.5,294507.8,62678.56,102016.3,118369,132225.1,71222.02,128879.1,104802.4,95398.79,121135.5,74700.37,123492.2,102918.1,83813.88,930497.4,12693.55,12485.87,96953.59,258905.9,152.1551,920312.3,3129498,29050.08,496847,626811.6,31553.88,37653.91
Scenario 2,1771,6,Negative Shock,271,TRADING,105505,293472.3,118913.7,204556.4,724343.3,696047.4,142551.7,381488.9,478182.1,654552,365166.8,240727.9,2141127,30436.8,304119.5,46326.58,228140.3,370690,935316.6,36320.08,81118.04,364825.2,239728.2,294465.7,62723.21,102016.3,118467.6,132591.3,71222.02,128809.9,104809.3,95378.72,121506.7,74493.29,124030.1,102883,83806.48,926999.1,12677.08,12485.2,97036.55,258957,152.275,920939.8,3133878,29124.75,497621,626917.9,31613.48,37667.05
Scenario 2,1772,6,Negative Shock,272,TRADING,105677.1,293600,119113.4,204545.9,723664.1,698138.3,142812.1,381535.5,477348.9,654290.3,366016.9,240928.2,2141127,30445.77,304280.4,46331.45,228461.4,370732,935967.8,36268.69,81171.28,365528.5,239877.4,294303.6,62762.08,102073.6,118613.1,132808,71222.02,129066.3,104958.3,95411.43,121595.4,74386.91,124165.4,103020.1,83671.9,927647.7,12677.08,12490.4,97045.95,259292.7,152.295,921429.8,3137995,29187.09,499115.5,626482.8,31593.87,37578.7
Scenario 2,1773,6,Negative Shock,273,TRADING,105723.8,294384.2,119049.8,204633.9,723303.9,699798.8,143118.7,382036.6,478466.9,654083.5,366290.1,241118.6,2141127,30469.22,304738.6,46336.32,228575.2,370444.9,936620.2,36252.1,81237.68,365748.1,239084.2,294600.1,62778.62,102174.4,118847.7,132847.2,71222.02,128887.1,104965.1,95345.83,121595.7,74294.1,124516.1,103226.3,83738.2,928084.4,12682.28,12489.36,97508.25,259404.7,152.1951,921731.3,3137440,29285.31,500485.8,626969.7,31678.86,37556.97
Scenario 2,1774,6,Negative Shock,274,TRADING,105681.9,294912.7,119261.7,204798.9,722987.6,699021.7,143249.5,382185.1,478998.5,654705.7,367412.9,241714,2141127,30432.59,305680.3,46341.19,228542.9,370552.6,937764.3,36228.86,81259.26,366040.3,239240.8,295112.8,62828.82,102237,118871.3,132894,71222.02,128741.4,104980,95347.27,121336.1,74063.6,124517.3,103409.2,83631.19,927613.7,12694.49,12499.54,97424.69,259897.4,152.275,921752.2,3137664,29299.87,501123.1,627208.5,31778.01,37490.1
Scenario 2,1775,6,Negative Shock,275,TRADING,105524.4,295323.1,119497.7,204696.5,722987.6,699262.8,143437.7,382612.7,479996.7,655606.1,367948.5,241963.1,2141127,30468.04,305550.2,46346.06,228849.4,371228.4,937521.9,36238.01,81185.7,367098.4,239903,295320.9,62939.86,102243.6,119040.2,133038.4,71222.02,128732.7,104813.5,95253.78,121326.4,74025.02,124468.2,103649.2,83537.8,926842,12693.4,12511.32,97547.51,259733.9,152.4149,922037.2,3138859,29277.31,502760.4,628395,31811.11,37433.1
Scenario 2,1776,6,Negative Shock,276,TRADING,105430.6,295793.4,119585.7,204712.6,722987.6,700344.7,143985.2,383075.2,479902.5,655848.8,368688.8,242233.9,2141127,30513.39,305496,46350.93,228946.4,371336.6,938371.8,36176.44,81153.07,367640.4,240061.1,296431.2,62836.64,102176,119150.6,132988.1,71222.02,128818.5,104734.1,95207.98,121296.4,74078.83,124565.2,103668.8,83678.74,923812.1,12679.84,12515.44,97379.67,259874.6,152.4049,924432.6,3142524,29317.4,503615.4,628150.6,31856.56,37473.73
Scenario 2,1777,6,Negative Shock,277,TRADING,105743.9,295529.6,119613.5,204433.9,722987.6,701801.7,144003.8,383347.8,481476.3,655348.1,367987.8,242937.5,2141127,30529.9,306091.3,46355.8,229056.2,370741,940057.4,36204.46,81181.92,368943.8,240929.1,296754,62972.09,102132.3,119287.5,133161.1,71222.02,128807.7,104756.1,95195.08,121312.4,73941.86,124567.7,103950.2,83653.91,921862.4,12689.08,12524.39,97199.17,260151.9,152.5348,923068.7,3142290,29360.65,502815.4,628863,31867.73,37408.49
Scenario 2,1778,6,Negative Shock,278,TRADING,105662.9,296205.2,119648.9,204190.3,723365.2,704318.1,144091.3,384439.7,482203.7,655207.9,368184.3,242778.1,2141127,30588.74,306236.4,46360.67,228637.1,370685,940542.5,36229.64,81207.68,369112,240595.7,297318.3,62935.42,102181.7,119295.1,133484.4,71222.02,128850.7,104789.5,95168.9,121120.3,73768.11,124833.3,103939.3,83676.08,921788.1,12696.65,12513.92,96944.51,260670.1,152.6647,922873.1,3142176,29450.93,503558,630708.2,31936.3,37419.27
Scenario 2,1779,6,Negative Shock,279,TRADING,105677.7,296620.4,119568.6,204136.8,723299.7,703061.4,144331.1,384482.7,483489.3,654676.2,368628.2,243047.1,2141127,30604.77,306391,46365.54,228950.6,370799.4,940265.9,36212.08,81310.84,368552.9,240713.7,297772.7,62967.45,102069.9,119382.7,133700.6,71222.02,128834.6,104817.6,95216.34,121185.2,73758.91,124944,104248.9,83579.17,919541.3,12723.4,12509.93,96919.88,260420,152.6847,923004.6,3142171,29415.62,503510.7,631323.8,31985,37412.84
Scenario 2,1780,6,Negative Shock,280,TRADING,105693.9,296719.3,119459,203748.2,723798.3,703986.8,144264.6,384239,485242.2,653440.1,369151,242996.8,2141127,30642.06,306440.7,46370.41,229527,370656.2,940735.7,36187.42,81416.13,369353.5,240601.8,298145.8,62989.83,102016.3,119447.1,133643.6,71222.02,128882.6,104739.7,95419.79,121007.6,73633.96,125300.1,104418.8,83572.88,919465.1,12724.69,12502.05,96944.41,260414.2,152.8146,922365.4,3143576,29472.2,503310.9,630037.1,32030.73,37346.78
Scenario 2,1781,6,Negative Shock,281,TRADING,105691.6,297361.7,119646.2,204077.6,724486.9,705195,144517.2,384091.4,484598.2,653763.2,369560.3,243099.6,2142642,30662.18,306213.3,46375.29,229784.2,370832.6,941068.1,36155.95,81438.63,368952.7,240127.4,298511.7,63107.49,102016.3,119511.2,133972.8,71222.02,128957.8,104734.5,95474.64,121087.2,73728.9,125774.8,104352.3,83421.88,919769,12722.92,12496.71,97001.15,260247.1,152.9045,923194.3,3140357,29531.91,503918.9,630754.4,32055.88,37290.61
Scenario 2,1782,6,Negative Shock,282,TRADING,105587.6,297775.8,119723,204064.8,724638.9,706909.6,144463.9,383512.4,484813.2,655238.7,369986,243388.1,2141259,30672.4,306458.5,46380.16,230281.2,370727.4,941822.4,36211.57,81541.09,368826.9,240408.4,298729,63124.7,102016.3,119682.8,134378.8,71222.02,128878.8,104937.8,95576.7,121003.7,73607.56,125875.7,104333.3,83540.6,918042.5,12741.51,12505.7,97028.34,260293.3,153.0044,922496.6,3136639,29502.99,504709.1,631858.3,32033.24,37261.77
Scenario 2,1783,6,Negative Shock,283,TRADING,105561.5,298301.7,119875.4,204040.8,724610.6,709798.2,144212.7,383412.8,484885.4,656691,369855.7,243971.8,2141127,30666.07,307016.6,46385.02,230513.9,370517.7,943274.2,36203.16,81512.33,369504.6,240527.4,298739.1,63164.18,102016.3,119824.8,134373.2,71222.02,128902,104852.1,95504.52,121118.8,73625.37,126026.4,104187.9,83500.95,916079.5,12726.05,12507.99,97063.03,260315.7,153.0144,921437.8,3141437,29531.81,504660.5,632054.9,32024.17,37211.85
Scenario 2,1784,6,Negative Shock,284,TRADING,105590.5,298587.1,120009.5,204232.2,724345.3,710430.6,144656.1,382729.2,485783,657340.1,369956.1,244214.1,2141127,30682.44,307650,46389.89,230617.1,370424.8,944440.2,36171.05,81562.25,369511.7,240230.2,298505.3,63039.67,102016.3,120069.5,134266.1,71222.02,129084.3,104851.5,95538.27,121228.3,73499.96,126257.1,104166.9,83639.81,916280,12730.35,12509.59,97117.14,260396.8,153.1642,921220,3137379,29563.32,505626.5,633153.5,32039.79,37259.42
Scenario 2,1785,6,Negative Shock,285,TRADING,105431.7,298528.2,120111.4,204187.2,723908.6,711536.5,145035.6,381966.2,487682.9,657935.9,370568.2,244034.6,2141127,30695.51,307776.5,46394.76,230502.5,370333.1,944348.8,36207.96,81591.44,369571.2,239711.3,298391.9,63046.28,102016.3,120126.3,134240.9,71222.02,128958.7,104851.5,95489.76,121300,73716.13,126708.4,104097.3,83717.15,916864.2,12706.7,12528.41,97081.56,260598.4,153.1642,922913.2,3136115,29592.24,505677.4,633215,32051.81,37265.16
Scenario 2,1786,6,Negative Shock,286,TRADING,105542.3,298798.3,120127.2,204259.9,723720.3,714267.4,145006.1,382052.9,489076,658476.1,371521.9,244168.1,2141127,30757.24,308462.3,46399.63,230994,370457.9,947073.9,36255.85,81796.2,369500.1,239331.4,299638.7,63110.16,102016.3,120429.9,134247.5,71222.02,128907.2,104701.5,95484.79,121080.5,73725.87,126785.2,103861.9,83651.46,915807.6,12751.43,12525.79,97349.09,260685.1,153.3341,922491.2,3138811,29650.08,506171.8,634672.7,32110.96,37254.39
Scenario 2,1787,6,Negative Shock,287,TRADING,105444.7,298239,120320.3,204127.3,723925.9,715969.4,145023.2,380818.6,490769.7,658707.3,372193.4,244502.1,2141127,30809.83,308843.6,46404.5,231254.2,370590.2,947443.4,36237.63,81816.92,369789,239854.9,300030.5,63179,102016.3,120615.9,134400.6,71222.02,128772.9,104694.7,95533.37,121043.6,73565.51,126700.2,103949,83688.52,915624.6,12730.42,12537.67,97433.25,260476.5,153.3641,921638.8,3140513,29626.27,507307.1,635571.3,32103.04,37308.64
Scenario 2,1788,6,Negative Shock,288,TRADING,105443.9,298649.3,120451.8,203847.8,724488.4,717542.5,145273.4,380889.6,492154.8,659091.2,372273.9,244599,2141547,30836.06,309273,46409.37,231110.6,370889.4,947650.8,36224.63,81968.54,369775,240251.3,300167.7,63139.9,102016.3,120737.8,134505.2,71284.45,129053.3,104754.3,95532.39,121130.1,73579.73,126744.4,104442.6,83680.65,915885.6,12743.89,12536.97,97546.02,260987.4,153.5539,922307.4,3144287,29668.01,507506.8,636942.7,32105.04,37331.69
Scenario 2,1789,6,Negative Shock,289,TRADING,105342.2,298359.4,120410.9,203926.8,722987.6,719383.1,145427.2,380471.4,493458.7,659343.3,372629,244862,2147223,30815.77,309632.9,46414.24,231407.8,371437.9,948005.9,36158.38,82116.21,370469.9,240015.4,301070.8,63063.22,102016.3,120822.1,134610.9,71222.02,128986.7,104814.4,95674.04,121010,73385.04,126900.1,104751.7,83766.23,915268.3,12745.27,12536.26,97664.4,261279.9,153.6638,922673.1,3145959,29665,508512.1,637107.3,32074.86,37338.15
Scenario 2,1790,6,Negative Shock,290,TRADING,105317.9,298804.7,120579.1,204078.3,722987.6,720355.4,145959.3,380965.3,495553.9,660093.3,372501.8,245070.6,2150135,30867.43,309780,46419.11,231462.7,371388.1,948557.5,36168.52,82271.98,370866.9,239670.1,301567.5,63179.62,102016.3,121185.6,134878.5,71357.92,128803.1,105081.7,95834.7,120927.8,73385.97,127057.2,104609.7,83740.8,914020.3,12746.63,12545.5,97894.37,261497.8,153.6938,924630.1,3149530,29699.84,509961.8,638080.6,32156.79,37305.73
Scenario 2,1791,6,Negative Shock,291,TRADING,105511.7,298801.9,120670.1,203968.7,723292.5,721154.3,146566.1,380877.4,496070.8,661025,372812,245421.8,2149617,30884.54,310616.1,46423.99,231805.3,371117.8,949127.3,36104.84,82365.37,370611.6,239966.4,302538.3,63213.33,102016.3,121250.7,134826.2,71444.22,128738.4,105090.1,95844.63,120895.7,73599.99,127070,104540.5,83720.97,913729,12719.83,12538.22,98060.94,261323.6,153.6838,924968.3,3148375,29719.6,511228.3,639780.5,32213.65,37243.88
Scenario 2,1792,6,Negative Shock,292,TRADING,105517.8,299504.4,121006.7,203904.4,724764.6,722233.5,146306.6,381140.8,497073.9,658812.8,372939.8,245661.4,2146262,30911.16,310758.4,46428.86,231549.8,370526.8,947589.4,36058.39,82491.57,371396.5,240006.4,302702.1,63189.21,102016.3,121402.5,134952.6,71394.14,128622.7,105097.1,95849.13,121081.4,73802.9,127186.5,104469.9,83820.41,916095.1,12729.32,12550.76,98273.43,261207,153.7038,924572.5,3143739,29786.89,511428.9,639718.8,32309.04,37161.01
Scenario 2,1793,6,Negative Shock,293,TRADING,105665.9,299334.5,121268.2,203936.5,725191.4,725382.8,146394.1,381416,498883.8,658993.3,373728.9,245727.3,2149633,30981.19,311180.8,46433.73,231643.6,370137.8,949073.5,35988.43,82501.62,371721.7,240315.9,302918.2,63246.05,102016.3,121545,134997.4,71393.06,128629,104921.5,95872.36,121003.3,73784.08,127312.4,104693.4,83778.32,916500.1,12733.94,12544.55,98032.16,261307,153.7637,925451.6,3144841,29818.47,512898.3,639996.6,32343.75,37187.95
Scenario 2,1794,6,Negative Shock,294,TRADING,105840.3,299546.5,121425.5,204010.6,723797.3,725798.9,146526.7,381198.3,498779.3,659032.2,373635.3,246283.3,2148539,31043.4,311973.8,46438.6,231715.3,370332.3,949381,36033.1,82571.92,372720.8,240174.1,303597.5,63375.23,102016.3,121791.6,135011.8,71366.34,128703.2,105007,95995.02,121054.6,73793.93,127470.5,104746.7,83891.87,915296.1,12723.03,12555.94,98020.17,262010,153.7737,926086.5,3144132,29881.4,513583.8,639969.1,32451.93,37203.96
Scenario 2,1795,6,Negative Shock,295,TRADING,105762.6,299736.5,121611.5,204179.7,722987.6,726764.8,147211.5,381052.5,498595.4,658750.5,374813.6,246032.9,2151691,31028.01,312120.7,46443.47,231917.1,369990.8,949323.4,35992.94,82734.73,373310.3,241086.4,303625.8,63426.7,102016.3,121859,135109.9,71351.07,128655,105072.8,96064.34,120928.2,73522.86,127605.5,104906.6,83947.16,913599.5,12735.78,12562.94,97881.81,262270.1,153.6838,926165.7,3142951,29889.4,513726,641333,32481.72,37109.31
Scenario 2,1796,6,Negative Shock,296,TRADING,105763.7,300064.2,121909.5,204247,724082,729970.3,147370.5,380967.4,500905.9,658192.7,375077.3,246055.9,2155057,31072.41,312339.5,46448.34,232138.7,370232,950184.6,35974.87,82850.86,373864.1,242226,303578.3,63492.17,102016.3,122043.3,135419.7,71427.49,128774.4,104891.7,96067.08,120952.5,73658.7,127384.9,105003.8,83894.74,913647,12725.45,12573.37,97994.56,262882.2,153.6838,927184.5,3142698,29913.11,514487.5,642630,32490.39,37107.36
Scenario 2,1797,6,Negative Shock,297,TRADING,105383.4,300264.6,121939.2,204273.8,725007.4,731083.3,147350.2,381131.3,501262.8,659945,376226.5,245875.2,2155356,31061.93,312545.4,46453.2,232868.5,370618.1,950590.4,35958.42,82973.08,374957.1,242104.5,303966.8,63550.65,102016.3,122067.2,135362.7,71588.47,128723.8,105000.9,96100.06,120859.8,73596.86,127549.3,105153.8,84125.74,912798.5,12728.55,12580.81,98222.61,263046.9,153.6738,928905.9,3144506,29919.23,515253.5,643588.7,32542.83,37145.43
Scenario 2,1798,6,Negative Shock,298,TRADING,105512.9,301384.3,122185.6,204263.1,724246.3,733022.4,147309.9,381424.2,502077.5,659817.7,375626.2,245682.2,2154250,31111.95,312400,46458.07,233148.6,371294,951219.5,35899.03,82870.17,375698.8,242564.5,304976,63587.19,102016.3,122207.5,135543.5,71575.28,128649.6,105015.8,96138.01,120803.7,73526.3,127901.9,105116.9,84083.14,912909.8,12713.17,12569.14,98360.87,263388.7,153.9136,929891.8,3141398,29960.69,515400.5,643757.9,32588.85,37128.2
Scenario 2,1799,6,Negative Shock,299,TRADING,105626.2,301662.2,122468,204459.1,724340.4,733735.5,147787.8,380552.5,502369.5,658919.5,376573.8,246240.6,2155179,31131.7,312360.7,46462.94,233603.7,371579.5,950983.8,35883.32,83027.65,375299.3,242249.7,305045.6,63634.29,102066.7,122279.2,136015.6,71572.36,128540.7,105006.1,96193.11,120879.8,73565.45,127778.9,105320.1,84056.23,913138.7,12715,12572.97,98834.02,263654.3,153.9935,931606,3144441,29976.8,516595,645670.6,32554.52,37198.36
Scenario 2,1800,6,Negative Shock,300,TRADING,105759.4,302259.4,122800,204571.3,723917.2,733837.3,147977.8,380166.8,501560.1,660110,376852.8,246525.7,2158090,31174.23,312827.2,46467.81,233962.8,372180.5,952354,35787.24,83154.61,375942.1,242300.5,305477.8,63816.15,102131.3,122591.9,136144.9,71790.33,128659.7,104900.1,96262.03,121003.6,73478.68,127808.6,105568.4,84255.97,911972.3,12715.97,12576.68,98865.03,264047.5,154.0335,932366.6,3148761,29993.67,517074.7,645330.4,32475.35,37121.09
